<?xml-model href="https://gams.uni-graz.at/context:fercan/SCHEMA_EPIDOC_9.1" type="application/xml" schematypens="http://relaxng.org/ns/structure/1.0"?><TEI xmlns="http://www.tei-c.org/ns/1.0" xmlns:xsi="http://www.w3.org/2001/XMLSchema-instance" xml:id="inferior118">
    <teiHeader>
        <fileDesc>
            <titleStmt>
                <title type="full">
                    <title type="main">Hludana</title>
                    <title type="sub">CF-GeI-118</title>
                </title>
                <respStmt>
                    <resp>Inschriftenedition</resp>
                    <persName instant="false" full="yes">
                        <forename full="yes">Werner</forename>
                        <surname full="yes">Petermandl</surname>
                    </persName>
                </respStmt>
                <respStmt>
                    <resp>Archäologische Beschreibung und geografische Daten</resp>
                    <persName instant="false" full="yes">
                        <forename full="yes">Astrid</forename>
                        <surname full="yes">Schmölzer</surname>
                    </persName>
                </respStmt>
                <funder ref="https://www.fwf.ac.at">Austrian Science Fund (FWF): P
                  29274-G25</funder>
            </titleStmt>
            <publicationStmt>
                <publisher>
                    <link target="https://antike.uni-graz.at"/>
                    <orgName ref="https://d-nb.info/gnd/1213531357" instant="false" full="yes">Institut für Antike, Fachbereich
                    Alte Geschichte und Epigraphik, Karl-Franzens-Universität Graz</orgName>
                </publisher>
                <authority>
                    <link target="https://informationsmodellierung.uni-graz.at"/>
                    <orgName ref="http://d-nb.info/gnd/1137284463" instant="false" full="yes">Zentrum für
                    Informationsmodellierung - Austrian Centre for Digital Humanities,
                    Karl-Franzens-Universität Graz</orgName>
                </authority>
                <distributor>
                    <link target="https://gams.uni-graz.at"/>
                    <orgName instant="false" full="yes">GAMS - Geisteswissenschaftliches Asset Management System</orgName>
                </distributor>
                <date when="2022" instant="false">2022</date>
                <pubPlace>Graz</pubPlace>
                <idno type="PID">o:fercan.118</idno>
                <availability default="false">
                    <licence target="https://creativecommons.org/licenses/by-nc/4.0">Creative Commons
                    BY-NC 4.0</licence>
                </availability>
            </publicationStmt>
            <seriesStmt>
                <title ref="https://gams.uni-graz.at/fercan">FERCAN: Fontes Epigraphici Religionum
                  Celticarum Antiquarum</title>
                <respStmt>
                    <resp>Projektleitung</resp>
                    <persName instant="false" full="yes">
                        <forename full="yes">Wolfgang</forename>
                        <surname full="yes">Spickermann</surname>
                    </persName>
                </respStmt>
            </seriesStmt>
            <sourceDesc default="false">
                <msDesc status="draft">
                    <msIdentifier>
                        <settlement>Bonn</settlement>
                        <repository>Rheinisches Landesmuseum</repository>
                        <idno>A 1400</idno>
                    </msIdentifier>
                    <msContents>
                        <summary>Weihinschrift</summary>
                    </msContents>
                    <physDesc>
                        <objectDesc>
                            <supportDesc>
                                <support>
                                    <p part="N">Der Weihealtar ist rechts oben abgebrochen. Ebenso fehlt der Sockel; hier wurde modern eine Standfläche ergänzt. Das Inschriftenfeld ist nicht gerahmt. Die Altarbekrönung ist durch ein vorragendes Sims vom Altarkörper abgesetzt. Von der Bekrönung ist noch ein Pulvinus erhalten. Vom Aufsatzdekor sind noch schwache Spuren erkennbar; die genaue Ausgestaltung ist nicht mehr nachvollziehbar. Der Altar ist allgemein stark bestoßen.</p>
                                    <material>
                                        <ref type="context" target="context:fercan.material.sandstein" ana="https://gams.uni-graz.at/o:fercan.arch#C.120220">Sandstein</ref>
                                    </material>
                                    <objectType>Weihealtar</objectType>
                                    <dimensions>
                                        <height unit="cm">46,0</height>
                                        <width unit="cm">30,0</width>
                                        <depth unit="cm">19,0</depth>
                                    </dimensions>
                                </support>
                                <condition>
                                    <ref type="context" target="context:fercan.condition-o.groeszere_fehlstelle_n" ana="https://gams.uni-graz.at/o:fercan.arch#C.130600">größere Fehlstelle/n</ref>
                                </condition>
                            </supportDesc>
                            <layoutDesc>
                                <layout>
                                    <p part="N">Der Text ist zu einem großen Teil aber nicht vollständig erhalten, da der Stein rechts und unten abgebrochen ist. Z.1 befindet sich außerhalb des Inschriftenfeldes am Aufsatz. Auf der rechten Seite ist der erhaltene Text stark korrodiert.<lb/>Ligaturen: s. Majuskeltext. Besondere Zeichen: in Z.2. im Namen der Göttin ein griechisches Theta; in Z.2, 3 und 4 findet sich I longum</p>
                                    <tei:note xmlns:tei="http://www.tei-c.org/ns/1.0" type="condition" anchored="true">größere Fehlstelle/n</tei:note>
                                </layout>
                            </layoutDesc>
                        </objectDesc>
                        <handDesc>
                            <handNote>
                                <desc type="execution">gemeißelt</desc>
                            </handNote>
                        </handDesc>
                        <decoDesc>
                            <decoNote>
                                <p part="N">keine Beschreibung möglich</p>
                                <term ana="https://gams.uni-graz.at/o:fercan.arch#C.150800">
                                    <ref type="context" target="context:fercan.arch.aufsatzschmuck">Aufsatzschmuck</ref>
                                </term>
                                <term ana="https://gams.uni-graz.at/o:fercan.arch#C.150300">
                                    <ref type="context" target="context:fercan.arch.glatt">glatt</ref>
                                </term>
                                <term ana="https://gams.uni-graz.at/o:fercan.arch#C.150100">
                                    <ref type="context" target="context:fercan.arch.inschrift_auszerhalb_des_inschriftenfeldes">Inschrift außerhalb des Inschriftenfeldes</ref>
                                </term>
                                <term ana="https://gams.uni-graz.at/o:fercan.arch#C.150400">
                                    <ref type="context" target="context:fercan.arch.reliefschmuck">Reliefschmuck</ref>
                                </term>
                            </decoNote>
                        </decoDesc>
                    </physDesc>
                    <history>
                        <origin instant="false">
                            <origPlace instant="false">
                                <region>CCAA</region>
                            </origPlace>
                            <origDate notBefore="0222" notAfter="0135" instant="false">
                                <date>135–222</date>
                            </origDate>
                        </origin>
                        <provenance type="found">
                            <placeName instant="false" full="yes">
                                <ref type="context" target="context:fercan.geog.modern.zwischen_iversheim_und_arloff_am_erf">Zwischen Iversheim und Arloff am Erftufer</ref>
                            </placeName>
                            <p part="N">am Erftufer</p>
                            <tei:location xmlns:tei="http://www.tei-c.org/ns/1.0" instant="false">
                                <geo decls="#WGS">50.590622 6.784075</geo>
                            </tei:location>
                            <tei:note xmlns:tei="http://www.tei-c.org/ns/1.0" anchored="true">Beim Tieferlegen der Bezirksstraße, die von Münstereifel nach Köln führt, wurde auf dem erhöhten Ufer der Erft ein ausgedehnter Bau entdeckt; darin befanden sich u.a. einige größere Inschriftensteine, mit der Schrift nach unten (Freudenberg 1871, 182-185). 
Es ist kein Fundjahr angegeben.</tei:note>
                        </provenance>
                        <provenance type="observed" subtype="autopsied">vidimus (CIL XIII Projekt)</provenance>
                    </history>
                </msDesc>
                <listPlace default="false">
                    <place instant="false"/>
                </listPlace>
                <listPerson default="false">
                    <person instant="false">
                        <persName type="sovereign" instant="false" full="yes">
                            <ref type="context" target="context:fercan.person.sovereign.severus_alexander">Severus Alexander</ref>
                        </persName>
                    </person>
                    <person instant="false">
                        <persName type="sovereign" instant="false" full="yes">
                            <ref type="context" target="context:fercan.person.sovereign.iulia_mamaea">Iulia Mamaea</ref>
                        </persName>
                    </person>
                    <person instant="false">
                        <persName type="divine" subtype="celtic_normalized" instant="false" full="yes">
                            <ref type="context" target="context:fercan.dcn.hludana">Hludana</ref>
                        </persName>
                    </person>
                    <person instant="false">
                        <persName type="divine" subtype="celtic_diplomatic" instant="false" full="yes">
                            <ref type="context" target="context:fercan.dcd.hludana.hludenae">Hluθenae</ref>
                        </persName>
                    </person>
                    <person instant="false">
                        <persName type="divine" subtype="celtic_element" instant="false" full="yes">
                            <ref type="context" target="context:fercan.dce.hludana">Hludana</ref>
                        </persName>
                    </person>
                </listPerson>
                <listOrg default="false">
                    <org instant="false"/>
                    <org type="military_unit" instant="false">
                        <orgName instant="false" full="yes">
                            <ref type="context" target="context:fercan.org.military.vexillatio_legionis_i_minerviae">vexillatio legionis I Minerviae</ref>
                        </orgName>
                    </org>
                    <org type="military_unit" instant="false">
                        <orgName instant="false" full="yes">
                            <ref type="context" target="context:fercan.org.military.legio_i_minervia">legio I Minervia</ref>
                        </orgName>
                    </org>
                </listOrg>
            </sourceDesc>
        </fileDesc>
        <encodingDesc>
            <geoDecl xml:id="WGS" datum="WGS84" default="false">World Geodetic System</geoDecl>
            <editorialDecl default="false">
                <p part="N">Digitale Repräsentation konform mit EpiDoc: http://epidoc.sourceforge.net</p>
                <p part="N">Majuskel und Minuskel ausgeführt nach Leidener Klammersystem, Majuskel bildet
                  Inschrift originalgetreu ab, Minuskel enthält editorische Hinzufügungen</p>
            </editorialDecl>
            <projectDesc default="false">
                <p part="N">Die keltischen Götternamen in den Inschriften der römischen Provinz Germania
                  Inferior. Eine Fallstudie zu Religion im Kontext von Kulturkontakt und
                  Kulturtransfer (FWF – Projekt P 29274-G25 )</p>
                <p part="N">Das Forschungsprojekt beabsichtigt, sämtliche keltischen Götternamen, die sich in
                  lateinischen Inschriften der römischen Provinz Germania Inferior erhaltenen haben,
                  zusammenzustellen und auszuwerten. Die gewählte Quellengrundlage erscheint
                  besonders geeignet Erscheinungsformen zu untersuchen, welche auf religiöser Ebene
                  durch das Zusammentreffen von verschiedenen kulturellen Einflüssen entstanden
                  sind. Diese sind hier einerseits definiert durch die Verwendung der keltischen
                  Sprache, andererseits durch die lateinische Sprache und durch Formen aus dem
                  Inneren des Imperium Romanum, die man mit dem Etikett „römisch“ versehen kann. Das
                  Interesse gilt dabei nicht nur religiösen, sondern auch damit verbundenen
                  gesellschaftlichen Aspekten und den entsprechenden Mentalitäten. Doch soll damit
                  auch zu einem verbesserten Gesamtbild der Provinzialreligion in Niedergermanien
                  beigetragen werden.<lb/> Die Abschlusspublikation wird ergänzt um einen
                  ausführlichen sprachwissenschaftlichen Kommentar (von Patrizia de Bernardo
                  Stempel) in der Reihe ‚Corpus - F.E.R.C.AN. (Fontes epigraphici religionum
                  Celticarum antiquarum)‘ erscheinen. </p>
            </projectDesc>
        </encodingDesc>
        <profileDesc>
            <langUsage default="false">
                <language ident="la">Latein</language>
            </langUsage>
            <textClass default="false">
                <keywords>
                    <list>
                        <item>
                            <ref type="context" target="context:fercan.dedication.in_honorem_domus_divinae">in honorem domus divinae</ref>
                        </item>
                        <item>
                            <ref type="context" target="context:fercan.dedication.pro_salute_imperatoris">pro salute Imperatoris</ref>
                        </item>
                        <item>
                            <ref type="context" target="context:fercan.dedication.sacrum">sacrum</ref>
                        </item>
                        <item/> <!-- Belegform gesamt  --> <item> <ref target="context:fercan.divinepart." type="context"> </ref> </item></list></keywords>
            </textClass>
        </profileDesc>
        <revisionDesc status="draft">
            <change when="2019" n="1" corresp="https://gams.uni-graz.at/o:fercan.118/TEI_SOURCE.2020-02-26" status="draft">Initial Version</change>
            <change when="2020" n="2" corresp="https://gams.uni-graz.at/o:fercan.118/TEI_SOURCE.2022-03-07" status="draft">Version 2</change>
            <change when="2022" n="3" status="draft">Version 3</change>
        </revisionDesc>
    </teiHeader>
    <facsimile>
        <graphic mimeType="image/jpeg" xml:id="IMAGE.1" url="file:///0118_Front.jpg">
            <desc>Front, CIL XIII Projekt, CC BY-NC</desc>
        </graphic>
    </facsimile>
    <text>
        <body>
            <ab part="N">
                <ref target="context:fercan" type="context">FERCAN</ref>
            </ab>
            <div subtype="editions" type="bibliography" org="uniform" part="N" sample="complete">
                <listBibl default="false">
                    <bibl xml:id="LIT.1" default="false" status="draft">ILS 4745 mit add</bibl>
                    <bibl xml:id="LIT.2" default="false" status="draft">CIL XIII 7944</bibl>
                    <bibl xml:id="LIT.3" default="false" status="draft">Lehner 1918, Nr.238</bibl>
                    <bibl xml:id="LIT.4" default="false" status="draft">Saxer 1967, Nr.220</bibl>
                    <bibl xml:id="LIT.5" default="false" status="draft">Alföldy 1968, 20f. Nr.6</bibl>
                
            <bibl xml:id="6">Scheungraber 2020, 327 Nr.4 </bibl>
        
            <bibl xml:id="7">Ferlut 2022, Nr.239</bibl>
        </listBibl>
            </div>
            <div subtype="concordances" type="bibliography" org="uniform" part="N" sample="complete">
                <listBibl>
                    <bibl type="EDCS">
                        <idno>EDCS-11100170</idno>
                        <date>zuletzt aufgerufen am 24. Februar 2020</date>
                    </bibl>
                    <bibl type="trismegistos">
                        <idno>www.trismegistos.org/text/415005</idno>
                        <date>zuletzt aufgerufen am 26. Juli 2021</date>
                    </bibl>
                </listBibl>
            </div>
            <div type="edition" subtype="diplomatic" xml:id="majuscule" xml:lang="la" xml:space="preserve" org="uniform" part="N" sample="complete"><ab part="N"><orig><lb n="1"/>IN <unclear instant="false">H</unclear> <gap reason="lost" extent="unknown" unit="character" instant="false"/> <lb n="2"/> 
<hi rend="ligature">HL</hi>VΘENAE · S<gap reason="lost" extent="unknown" unit="character" instant="false"/> <lb n="3"/> 
PRO SALV<hi rend="ligature">TE</hi> IM<gap reason="lost" extent="unknown" unit="character" instant="false"/> <lb n="4"/> 
<gap reason="lost" quantity="1" unit="character" instant="false"/>EVERI · ALEXA<gap reason="lost" extent="unknown" unit="character" instant="false"/> <lb n="5"/> 
FEL · INVICTI <gap reason="lost" extent="unknown" unit="character" instant="false"/> <lb n="6"/> 
MAMAEE · MA<gap reason="lost" extent="unknown" unit="character" instant="false"/> <lb n="7"/> 
VEXILLAT LEG <gap reason="lost" extent="unknown" unit="character" instant="false"/> <lb n="8"/> 
<gap reason="lost" quantity="1" unit="character" instant="false"/> <gap reason="illegible" unit="character" quantity="1" instant="false"/> A<unclear instant="false">G</unclear>E<hi rend="ligature">NT</hi> IN<unclear instant="false">G</unclear><gap reason="lost" extent="unknown" unit="character" instant="false"/></orig></ab></div>
            <div type="edition" xml:lang="la" xml:id="minuscule" subtype="normalised" xml:space="preserve" org="uniform" part="N" sample="complete"><ab part="N"><lb n="1"/>In <expan instant="false"><abbr>h</abbr><ex instant="false">onorem</ex></expan> <supplied reason="lost" instant="false"><expan instant="false"><abbr>d</abbr><ex instant="false">omus</ex></expan> <expan instant="false"><abbr>d</abbr><ex instant="false">ivinae</ex></expan></supplied><lb n="2"/>Hluθenae s<supplied reason="lost" instant="false">acrum</supplied><lb n="3"/>pro salute Im<supplied reason="lost" instant="false"><expan instant="false"><abbr>p</abbr><ex instant="false">eratoris</ex></expan> <expan instant="false"><abbr>Caes</abbr><ex instant="false">aris</ex></expan></supplied><lb n="4"/><supplied reason="lost" instant="false">S</supplied>everi Alexa<supplied reason="lost" instant="false">ndri Pii</supplied><lb n="5"/><expan instant="false"><abbr>Fel</abbr><ex instant="false">icis</ex></expan> Invicti <supplied reason="lost" instant="false"><expan instant="false"><abbr>Aug</abbr><ex instant="false">usti</ex></expan> et <expan instant="false"><abbr>Iul</abbr><ex instant="false">iae</ex></expan></supplied><lb n="6"/><expan instant="false"><abbr>Mamae</abbr><ex instant="false">a</ex></expan>e ma<supplied reason="lost" instant="false">tris <expan instant="false"><abbr>Aug</abbr><ex instant="false">usti</ex></expan> <expan instant="false"><abbr>n</abbr><ex instant="false">ostri</ex></expan></supplied><lb n="7"/><expan instant="false"><abbr>vexillat</abbr><ex instant="false">io</ex></expan> <expan instant="false"><abbr>leg</abbr><ex instant="false">ionis</ex></expan> <supplied reason="lost" cert="low" instant="false">I</supplied> <supplied reason="lost" cert="low" instant="false">Minerviae</supplied><gap reason="lost" extent="unknown" unit="character" instant="false"/><lb n="8"/><gap reason="lost" extent="unknown" unit="character" instant="false"/><gap reason="illegible" unit="character" quantity="1" instant="false"/> <expan instant="false"><abbr>agent</abbr><ex instant="false">e</ex></expan> Ing<supplied reason="lost" cert="low" instant="false">enuo</supplied></ab></div>
            <div type="translation" xml:lang="de" org="uniform" part="N" sample="complete">
                <p part="N">Zur Ehre des Kaiserhauses <lb/> 
der  <rs type="divine">Hluthena</rs> geheiligt! <lb/> 
Zum Heil des Imperator Caesar Severus Alexander Pius Felix Invictus Augustus und der Iulia Mamaea, der Mutter unseres Augustus (hat dies) die vexillatio der legio I Minervia … (errichtet). Mit der Ausführung war Ingenuus betraut. </p>
            </div>
            <div type="translation" xml:lang="en" org="uniform" part="N" sample="complete">
                <p part="N">In honour of the Divine Houshold <lb/> 
sacred to  <rs type="divine">Hluthena!</rs> <lb/> 
As a gift for the welfare of the imperator Caesar Severus Alexander Pius Felix Invictus Augustus and for Iulia Mamaea, the mother of our Augustus the vexillatio der legio I Minervia … (set this up). It was done under the care of Ingenuus. </p>
            </div>
            <div type="apparatus" org="uniform" part="N" sample="complete">
                <app loc="#MIN.1 #MAJ.1">
                    <tei:note xmlns:tei="http://www.tei-c.org/ns/1.0" anchored="true">[in h. d. d. deae] – ILS</tei:note>
                </app>
                <app loc="#MIN.2 #MAJ.2">
                    <tei:note xmlns:tei="http://www.tei-c.org/ns/1.0" anchored="true">ohne Ligatur, [sacrum] – ILS; Sa[crum] – CIL, Scheungraber; s[acrum ---] – Lehner; Hlutenae sa[crum] – Ferlut</tei:note>
                </app>
                <app loc="#MIN.3 #MAJ.3">
                    <tei:note xmlns:tei="http://www.tei-c.org/ns/1.0" anchored="true">ohne Ligatur, im[p. M. Aureli] – ILS; Im[p. caes. m. aur.] – CIL; Im[p(eratoris) Caes(aris) M(arci) Aur(eli)] – Lehner</tei:note>
                </app>
                <app loc="#MIN.4 #MAJ.4">
                    <tei:note xmlns:tei="http://www.tei-c.org/ns/1.0" anchored="true">Severi – Lehner</tei:note>
                </app>
                <app loc="#MIN.5 #MAJ.5">
                    <tei:note xmlns:tei="http://www.tei-c.org/ns/1.0" anchored="true">Învicti– Lehner</tei:note>
                </app>
                <app loc="#MIN.6 #MAJ.6">
                    <tei:note xmlns:tei="http://www.tei-c.org/ns/1.0" anchored="true">ma[tris Aug.] – ILS</tei:note>
                </app>
                <app loc="#MIN.7 #MAJ.7">
                    <tei:note xmlns:tei="http://www.tei-c.org/ns/1.0" anchored="true">leg. [I M.], Zeilenumbruch nicht angegeben – ILS; leg. [I m. sev. alex.] – CIL; leg(ionis) [I M(inerviae) Sever(ianae) Alex(andrianae)] – Lehner; [l]eg(ionis) [I M(inerviae) p(iae) f(idelis) Sev(erianae] – Saxer; leg(ionis) [I M(inerviae) Sever(ianae)] – Alföldy, Scheungraber, Ferlut</tei:note>
                </app>
                <app loc="#MIN.8 #MAJ.8">
                    <tei:note xmlns:tei="http://www.tei-c.org/ns/1.0" anchored="true">[P. f., cu]r. [a]gen. Ing[enuo], ohne Ligatur – ILS; [p.] facen̂t. in c[ustodia?] – CIL; [p(iae)] f(idelis) agent(e) Ino[---] oder Inc[---] – Lehner; [cu]r(am) agent(e), ohne Ligatur – Saxer; p(iae) f(idelis) agent(is) in c[alcariis (?)] – Alföldy; [P(iae) F(idelis) agent(e) in c[alcariis(?) – Scheungraber; [P(iae) F(idelis) agent(e) in c[alcariis] – Ferlut</tei:note>
                </app>
            </div>
            <div type="commentary" subtype="general" org="uniform" part="N" sample="complete">
                <p part="N">Ingenuus: In der letzen Zeile wäre Ingenuus als Ergänzung eines eventuell hier zu lesenden Personennamens naheliegend vgl. Kakoschke 2006, GN 603–605; Kakoschke 2007, CN 1597–1599. </p>
                <p part="N">

legio I Minervia: Die Annahme, dass es sich um diese Legion gehandelt hat, ergibt sich aus dem Fundort. Die legio I Minervia war ab 83 n.Chr. in Bonna stationiert.</p>
            </div>
            <div type="commentary" subtype="language" org="uniform" part="N" sample="complete">
                <p part="N">v.6: „Mamaee“ pro „Mamaeae“</p>
            </div>
            <div type="commentary" subtype="deity" org="uniform" part="N" sample="complete">                                                <p part="N"> <rs type="divine">Hluthena:</rs> Variante von  <rs type="divine">Hludana:</rs> keltisch: ‚Ruhmesgöttin‘ (de Bernardo Stempel Corpus F.E.R.C.A.N. II/1 112f).</p>
                                                <p part="N">

Vorkommen in theonymischen Formularen: </p>
                                                <p part="N">
 <rs type="divine">Hludana</rs>: <lb/>
- Germania Inferior: Hier finden sich 3 Belege (CF-GeI-116–118). <lb/>
- außerhalb der Germania Inferior: Nördlich der Rheingrenze aus der Gegend von Leeuwarden ist eine Weihung für die  <rs type="divine">dea Hludana</rs> (CIL XIII 8830) bekannt. </p>
            </div>
            <linkGrp type="alignment" domains="#majuscule #minuscule">
                <link target="#MAJ.1 #MIN.1"/>
                <link target="#MAJ.2 #MIN.2"/>
                <link target="#MAJ.3 #MIN.3"/>
                <link target="#MAJ.4 #MIN.4"/>
                <link target="#MAJ.5 #MIN.5"/>
                <link target="#MAJ.6 #MIN.6"/>
                <link target="#MAJ.7 #MIN.7"/>
                <link target="#MAJ.8 #MIN.8"/>
            </linkGrp>
        </body>
        <back>
            <tei:note xmlns:tei="http://www.tei-c.org/ns/1.0" type="Objbeschr_note" anchored="true"/>
            <tei:note xmlns:tei="http://www.tei-c.org/ns/1.0" type="ArchKlass_note" anchored="true"/>
            <tei:note xmlns:tei="http://www.tei-c.org/ns/1.0" type="Material_note" anchored="true"/>
            <tei:note xmlns:tei="http://www.tei-c.org/ns/1.0" type="Inschrifttraeger_note" anchored="true"/>
            <tei:note xmlns:tei="http://www.tei-c.org/ns/1.0" type="VerwahrortOrt_note" anchored="true"/>
            <tei:note xmlns:tei="http://www.tei-c.org/ns/1.0" type="InvNr_note" anchored="true"/>
            <tei:note xmlns:tei="http://www.tei-c.org/ns/1.0" type="Fundstelle_note" anchored="true"/>
            <tei:note xmlns:tei="http://www.tei-c.org/ns/1.0" type="Fundumst_note" anchored="true"/>
            <tei:note xmlns:tei="http://www.tei-c.org/ns/1.0" type="Fundjahr_note" anchored="true"/>
            <tei:note xmlns:tei="http://www.tei-c.org/ns/1.0" type="FOantik_note" anchored="true"/>
            <tei:note xmlns:tei="http://www.tei-c.org/ns/1.0" type="FOmodern_note" anchored="true"/>
            <tei:note xmlns:tei="http://www.tei-c.org/ns/1.0" type="civitas_note" anchored="true"/>
            <tei:note xmlns:tei="http://www.tei-c.org/ns/1.0" type="Autopsie_note" anchored="true"/>
            <tei:note xmlns:tei="http://www.tei-c.org/ns/1.0" type="Appcrit_note" anchored="true"/>
            <tei:note xmlns:tei="http://www.tei-c.org/ns/1.0" type="Abb_note" anchored="true"/>
            <tei:note xmlns:tei="http://www.tei-c.org/ns/1.0" type="englUEbers_note" anchored="true"/>
            <tei:note xmlns:tei="http://www.tei-c.org/ns/1.0" type="dtUEbers_note" anchored="true"/>
            <tei:note xmlns:tei="http://www.tei-c.org/ns/1.0" type="Editionen_note" anchored="true"/>
            <tei:note xmlns:tei="http://www.tei-c.org/ns/1.0" type="ErhzustObj_note" anchored="true"/>
            <tei:note xmlns:tei="http://www.tei-c.org/ns/1.0" type="Masse_note" anchored="true"/>
            <tei:note xmlns:tei="http://www.tei-c.org/ns/1.0" type="Ikonogr_note" anchored="true"/>
            <tei:note xmlns:tei="http://www.tei-c.org/ns/1.0" type="Inschrtext_note" anchored="true"/>
            <tei:note xmlns:tei="http://www.tei-c.org/ns/1.0" type="ErhzustInschr_note" anchored="true"/>
            <tei:note xmlns:tei="http://www.tei-c.org/ns/1.0" type="Schrifttechnik_note" anchored="true"/>
            <tei:note xmlns:tei="http://www.tei-c.org/ns/1.0" type="Buchsthoehe_note" anchored="true"/>
            <tei:note xmlns:tei="http://www.tei-c.org/ns/1.0" type="Notvar_note" anchored="true"/>
            <tei:note xmlns:tei="http://www.tei-c.org/ns/1.0" type="SonstKomm_note" anchored="true"/>
            <tei:note xmlns:tei="http://www.tei-c.org/ns/1.0" type="Datierung_note" anchored="true"/>
            <tei:note xmlns:tei="http://www.tei-c.org/ns/1.0" type="KommGoettern_note" anchored="true">
                <p part="N">Für die Alte Version (24.04.23) siehe CF-GeI-116</p>
            </tei:note>
        </back>
    </text>
</TEI>