<?xml-model href="https://gams.uni-graz.at/context:fercan/SCHEMA_EPIDOC_9.1" type="application/xml" schematypens="http://relaxng.org/ns/structure/1.0"?><TEI xmlns="http://www.tei-c.org/ns/1.0" xmlns:xsi="http://www.w3.org/2001/XMLSchema-instance" xml:id="inferior32"><teiHeader><fileDesc><titleStmt><title type="full"><title type="main">Epona?</title><title type="sub">CF-GeI-32</title></title><respStmt><resp>Inschriftenedition</resp><persName><forename>Werner</forename><surname>Petermandl</surname></persName></respStmt><respStmt><resp>Archäologische Beschreibung und geografische Daten</resp><persName><forename>Astrid</forename><surname>Schmölzer</surname></persName></respStmt><funder ref="https://www.fwf.ac.at">Austrian Science Fund (FWF): P
                  29274-G25</funder></titleStmt><publicationStmt><publisher><link target="https://antike.uni-graz.at"/><orgName ref="https://d-nb.info/gnd/1213531357">Institut für Antike, Fachbereich
                    Alte Geschichte und Epigraphik, Karl-Franzens-Universität Graz</orgName></publisher><authority><link target="https://informationsmodellierung.uni-graz.at"/><orgName ref="http://d-nb.info/gnd/1137284463">Zentrum für
                    Informationsmodellierung - Austrian Centre for Digital Humanities,
                    Karl-Franzens-Universität Graz</orgName></authority><distributor><link target="https://gams.uni-graz.at"/><orgName>GAMS - Geisteswissenschaftliches Asset Management System</orgName></distributor><date when="2022">2022</date><pubPlace>Graz</pubPlace><idno type="PID">o:fercan.32</idno><availability><licence target="https://creativecommons.org/licenses/by-nc/4.0">Creative Commons
                    BY-NC 4.0</licence></availability></publicationStmt><seriesStmt><title ref="https://gams.uni-graz.at/fercan">FERCAN: Fontes Epigraphici Religionum
                  Celticarum Antiquarum</title><respStmt><resp>Projektleitung</resp><persName><forename>Wolfgang</forename><surname>Spickermann</surname></persName></respStmt></seriesStmt><sourceDesc><msDesc><msIdentifier><settlement>Bonn</settlement><repository>Rheinisches Landesmuseum</repository><idno>33195</idno></msIdentifier><msContents><summary>Weihinschrift</summary></msContents><physDesc><objectDesc><supportDesc><support><p>Der Weihealtar ist komplett erhalten. Sockel wie Aufsatz sind durch mehrfach profilierte Absätze vom Altarkörper getrennt. Der Altar ist an der unteren rechten Kante ausgebrochen und mit Zement modern vervollständigt worden. Generell ist der Altar an allen Kanten mehr oder weniger leicht bestoßen. Der Aufsatz ist stark verwittert, Reste einer Bekrönung sind allerdings noch nachvollziehbar, wenn auch ohne erkennbares Dekor. Das Inschriftenfeld ist nicht gerahmt.</p><material><ref type="context" target="context:fercan.material.kalktuff">Kalktuff</ref></material><objectType>Weihealtar</objectType><dimensions><height unit="cm">61,0</height><width unit="cm">29,0</width><depth unit="cm">29,0</depth></dimensions></support><condition><ref type="context" target="context:fercan.condition-o.groeszere_fehlstelle_n" ana="https://gams.uni-graz.at/o:fercan.arch#C.130600">größere Fehlstelle/n</ref></condition></supportDesc><layoutDesc><layout><p>Der Inschriftentext ist weitgehend erhalten, nur rechts unten ist er abgebrochen. Wenig qualitätvolle, unregelmäßige Buchstaben.<lb/>Es ist nicht auszuschließen, dass in Z.3 „Cacius“ zu lesen ist. In Z.6: wäre etwa auch „v(otum) s(olvit)“ denkbar.<lb/>Besondere Zeichen: am Ende von Z.2 ein kleines R; am Ende von Z.3 ein kleines S</p><note type="condition">größere Fehlstelle/n</note></layout></layoutDesc></objectDesc><handDesc><handNote><desc type="execution">gemeißelt</desc></handNote></handDesc><decoDesc><decoNote><p>kein Dekor erkennbar</p><term ana="https://gams.uni-graz.at/o:fercan.arch#C.150800"><ref type="context" target="context:fercan.arch.aufsatzschmuck">Aufsatzschmuck</ref></term><term ana="https://gams.uni-graz.at/o:fercan.arch#C.151000 https://gams.uni-graz.at/o:fercan.arch#C.252810"><ref type="context" target="context:fercan.arch.opferschale">Opferschale</ref></term></decoNote></decoDesc></physDesc><history><origin><origPlace/><origDate/></origin><provenance type="found"><placeName><ref type="context" target="context:fercan.geog.modern.unbekannt">Unbekannt</ref></placeName></provenance><provenance type="observed" subtype="autopsied">non vidimus<lb/>Lesung gründet auf: Photo</provenance></history></msDesc><listPlace><place/></listPlace><listPerson><person><persName type="gentilnomen"><ref type="context" target="context:fercan.person.gentilnomen.acius">Acius</ref></persName></person><person><persName type="cognomen"><ref type="context" target="context:fercan.person.cognomen.optatus">Optatus</ref></persName></person><person><persName type="divine" subtype="celtic_normalized"><ref type="context" target="context:fercan.dcn.epona_">Epona?</ref></persName></person><person><persName type="divine" subtype="celtic_diplomatic"><ref type="context" target="context:fercan.dcd.epona_.eponae">Eponae</ref></persName></person><person><persName type="divine" subtype="celtic_element"><ref type="context" target="context:fercan.dce.epona_">Epona?</ref></persName></person></listPerson><listOrg><org/></listOrg></sourceDesc></fileDesc><encodingDesc><geoDecl xml:id="WGS" datum="WGS84">World Geodetic System</geoDecl><editorialDecl><p>Digitale Repräsentation konform mit EpiDoc: http://epidoc.sourceforge.net</p><p>Majuskel und Minuskel ausgeführt nach Leidener Klammersystem, Majuskel bildet
                  Inschrift originalgetreu ab, Minuskel enthält editorische Hinzufügungen</p></editorialDecl><projectDesc><p>Die keltischen Götternamen in den Inschriften der römischen Provinz Germania
                  Inferior. Eine Fallstudie zu Religion im Kontext von Kulturkontakt und
                  Kulturtransfer (FWF – Projekt P 29274-G25 )</p><p>Das Forschungsprojekt beabsichtigt, sämtliche keltischen Götternamen, die sich in
                  lateinischen Inschriften der römischen Provinz Germania Inferior erhaltenen haben,
                  zusammenzustellen und auszuwerten. Die gewählte Quellengrundlage erscheint
                  besonders geeignet Erscheinungsformen zu untersuchen, welche auf religiöser Ebene
                  durch das Zusammentreffen von verschiedenen kulturellen Einflüssen entstanden
                  sind. Diese sind hier einerseits definiert durch die Verwendung der keltischen
                  Sprache, andererseits durch die lateinische Sprache und durch Formen aus dem
                  Inneren des Imperium Romanum, die man mit dem Etikett „römisch“ versehen kann. Das
                  Interesse gilt dabei nicht nur religiösen, sondern auch damit verbundenen
                  gesellschaftlichen Aspekten und den entsprechenden Mentalitäten. Doch soll damit
                  auch zu einem verbesserten Gesamtbild der Provinzialreligion in Niedergermanien
                  beigetragen werden.<lb/> Die Abschlusspublikation wird ergänzt um einen
                  ausführlichen sprachwissenschaftlichen Kommentar (von Patrizia de Bernardo
                  Stempel) in der Reihe ‚Corpus - F.E.R.C.AN. (Fontes epigraphici religionum
                  Celticarum antiquarum)‘ erscheinen. </p></projectDesc></encodingDesc><profileDesc><langUsage><language ident="la">Latein</language></langUsage><textClass><keywords><list><item><ref type="context" target="context:fercan.dedication.sacrum">sacrum</ref></item><item><ref type="context" target="context:fercan.dedication.votum_solvit_libens_merito">votum solvit libens merito</ref></item><item/></list></keywords></textClass></profileDesc><revisionDesc><change when="2019" n="1" corresp="https://gams.uni-graz.at/o:fercan.32/TEI_SOURCE.2020-02-26">Initial Version</change><change when="2020" n="2" corresp="https://gams.uni-graz.at/o:fercan.32/TEI_SOURCE.2022-03-07">Version 2</change><change when="2022" n="3">Version 3</change></revisionDesc></teiHeader><facsimile><graphic mimeType="image/jpeg" xml:id="IMAGE.1" url="file:///0032_Front.jpg"><desc>Front, CIL XIII Projekt, CC BY-NC</desc></graphic></facsimile><text><body><ab><ref target="context:fercan" type="context">FERCAN</ref></ab><div subtype="editions" type="bibliography" org="uniform"><listBibl><bibl xml:id="LIT.1">CIL XIII 7680</bibl><bibl xml:id="LIT.2">Galsterer/Galsterer 1975, Nr.20</bibl><bibl xml:id="LIT.3">Galsterer/Galsterer 2010, Nr.28</bibl><bibl xml:id="LIT.4">KIK 2012, Nr.36</bibl>
            <bibl xml:id="5">Scheungraber 2020, 265 Nr.2</bibl>
        
            <bibl xml:id="6">Ferlut 2022, Nr.134</bibl>
        </listBibl></div><div subtype="concordances" type="bibliography" org="uniform"><listBibl><bibl type="EDCS"><idno> </idno> <date>zuletzt aufgerufen am 24. Februar 2020</date></bibl><bibl type="EDH"><idno> </idno> <date>Version vom 14. Juni 2012</date></bibl><bibl type="trismegistos"><idno> </idno> <date>zuletzt aufgerufen am 29. Juni 2021</date></bibl></listBibl></div><div type="edition" subtype="diplomatic" xml:id="majuscule" xml:lang="la" xml:space="preserve" org="uniform"><ab><orig><lb n="1"/>EPONAE <lb n="2"/> 
SACR <lb n="3"/> 
CACIVS <lb n="4"/> 
OPTAT<gap reason="lost" extent="unknown" unit="character"/> <lb n="5"/> 
MV<gap reason="lost" extent="unknown" unit="character"/> <lb n="6"/> 
V <gap reason="lost" extent="unknown" unit="character"/></orig></ab></div><div type="edition" xml:lang="la" xml:id="minuscule" subtype="normalised" xml:space="preserve" org="uniform"><ab><lb n="1"/>Eponae<lb n="2"/><expan><abbr>sacr</abbr><ex>um</ex></expan><lb n="3"/><expan><abbr>C</abbr><ex>aius</ex></expan> <expan><abbr>Acius</abbr><ex cert="low"/></expan><lb n="4"/>Optat<supplied reason="lost">us</supplied><lb n="5"/>mu<gap reason="lost" extent="unknown" unit="character"/><lb n="6"/><expan><abbr>v</abbr><ex>otum</ex></expan> <supplied reason="lost"><expan><abbr>s</abbr><ex>olvit</ex></expan> <expan><abbr>l</abbr><ex>ibens</ex></expan> <expan><abbr>m</abbr><ex>erito</ex></expan></supplied></ab></div><div type="translation" xml:lang="de" org="uniform"><p>Der  <rs type="divine">Epona</rs> geheiligt! <lb/> 
Gaius Acius Optatus MV …  hat das Gelübde gerne und verdientermaßen erfüllt.</p></div><div type="translation" xml:lang="en" org="uniform"><p>Sacred to  <rs type="divine">Epona!</rs> <lb/> 
Gaius Acius Optatus MV … has fulfilled a vow willingly and deservedly.</p></div><div type="apparatus" org="uniform"><app loc="#MIN.3 #MAJ.3"><note>interpunctio post c adesse videtur nulla – CIL; tertia littera g potius videtur quam c esse– CIL; Ac(c)ius(?) – EDH; Acius – Ferlut</note></app><app loc="#MIN.5 #MAJ.5"><note>mu[lio] – CIL</note></app></div><div type="commentary" subtype="general" org="uniform"><p>Gaius Acius Optatus: tria nomina <lb/>
Acius: italisches Gentilnomen; es könnte auch Cacius gelesen werden, der Name ist aber sonst nirgends bezeugt (Kakoschke 2006, GN 7, GN 227). <lb/> 
Optatus: lateinisches Cognomen, überall gängig (Kakoschke 2008, CN 2243) </p><p>

MV[---]: in dieser Angabe hinter dem Namen ist vermutlich eine Funktionsbezeichnung des Optatus zu sehen. In CIL und EDH wird wohl im Hinblick auf die Tatsache, dass es sich bei  <rs type="divine">Epona</rs> um eine Pferdegöttin handelt, die Ergänzung auf mulio (= Maultiertreiber) vorgeschlagen.</p></div><div type="commentary" subtype="deity" org="uniform"><p> <rs type="divine">Epona:</rs> keltisch; die Etymologie weist auf eine Pferdegottheit hin (de Bernardo Stempel in Spickermann 2005, 140). </p><p>

Vorkommen in theonymischen Formularen: </p><p>
 <rs type="divine">Epona</rs>: <lb/>
- Germania Inferior: nirgendwo gesichert bezeugt. Im Fall der hier besprochenen Inschrift ist der Fundort CCAA sehr fraglich. Die vorgeschlagene Ergänzung auf „Ep(onae)“ in CF-GeI-222 kann kaum als Beleg gelten. <lb/> 
- außerhalb der Germania Inferior:   <rs type="divine">Epona</rs> ist an zahlreichen Orten gut belegt.</p></div><linkGrp type="alignment" domains="#majuscule #minuscule"><link target="#MAJ.1 #MIN.1"/><link target="#MAJ.2 #MIN.2"/><link target="#MAJ.3 #MIN.3"/><link target="#MAJ.4 #MIN.4"/><link target="#MAJ.5 #MIN.5"/><link target="#MAJ.6 #MIN.6"/></linkGrp></body><back><note type="Objbeschr_note"/><note type="ArchKlass_note"/><note type="Material_note"/><note type="Inschrifttraeger_note"/><note type="VerwahrortOrt_note"/><note type="InvNr_note"/><note type="Fundstelle_note"/><note type="Fundumst_note"/><note type="Fundjahr_note"/><note type="FOantik_note"/><note type="FOmodern_note"/><note type="civitas_note"/><note type="Autopsie_note"/><note type="Appcrit_note"/><note type="Abb_note"/><note type="englUEbers_note"/><note type="dtUEbers_note"/><note type="Editionen_note"/><note type="ErhzustObj_note"/><note type="Masse_note"/><note type="Ikonogr_note"/><note type="Inschrtext_note"/><note type="ErhzustInschr_note"/><note type="Schrifttechnik_note"/><note type="Buchsthoehe_note"/><note type="Notvar_note"/><note type="SonstKomm_note"/><note type="Datierung_note"/></back></text></TEI>