<?xml-model href="https://gams.uni-graz.at/context:fercan/SCHEMA_EPIDOC_9.1" type="application/xml" schematypens="http://relaxng.org/ns/structure/1.0"?><TEI xmlns="http://www.tei-c.org/ns/1.0" xmlns:xsi="http://www.w3.org/2001/XMLSchema-instance" xml:id="inferior240">
    <teiHeader>
        <fileDesc>
            <titleStmt>
                <title type="full">
                    <title type="main">Vacallinehae Leudinae</title>
                    <title type="sub">CF-GeI-240</title>
                </title>
                <respStmt>
                    <resp>Inschriftenedition</resp>
                    <persName instant="false" full="yes">
                        <forename full="yes">Werner</forename>
                        <surname full="yes">Petermandl</surname>
                    </persName>
                </respStmt>
                <respStmt>
                    <resp>Archäologische Beschreibung und geografische Daten</resp>
                    <persName instant="false" full="yes">
                        <forename full="yes">Astrid</forename>
                        <surname full="yes">Schmölzer</surname>
                    </persName>
                </respStmt>
                <funder ref="https://www.fwf.ac.at">Austrian Science Fund (FWF): P
                  29274-G25</funder>
            </titleStmt>
            <publicationStmt>
                <publisher>
                    <link target="https://antike.uni-graz.at"/>
                    <orgName ref="https://d-nb.info/gnd/1213531357" instant="false" full="yes">Institut für Antike, Fachbereich
                    Alte Geschichte und Epigraphik, Karl-Franzens-Universität Graz</orgName>
                </publisher>
                <authority>
                    <link target="https://informationsmodellierung.uni-graz.at"/>
                    <orgName ref="http://d-nb.info/gnd/1137284463" instant="false" full="yes">Zentrum für
                    Informationsmodellierung - Austrian Centre for Digital Humanities,
                    Karl-Franzens-Universität Graz</orgName>
                </authority>
                <distributor>
                    <link target="https://gams.uni-graz.at"/>
                    <orgName instant="false" full="yes">GAMS - Geisteswissenschaftliches Asset Management System</orgName>
                </distributor>
                <date when="2022" instant="false">2022</date>
                <pubPlace>Graz</pubPlace>
                <idno type="PID">o:fercan.240</idno>
                <availability default="false">
                    <licence target="https://creativecommons.org/licenses/by-nc/4.0">Creative Commons
                    BY-NC 4.0</licence>
                </availability>
            </publicationStmt>
            <seriesStmt>
                <title ref="https://gams.uni-graz.at/fercan">FERCAN: Fontes Epigraphici Religionum
                  Celticarum Antiquarum</title>
                <respStmt>
                    <resp>Projektleitung</resp>
                    <persName instant="false" full="yes">
                        <forename full="yes">Wolfgang</forename>
                        <surname full="yes">Spickermann</surname>
                    </persName>
                </respStmt>
            </seriesStmt>
            <sourceDesc default="false">
                <msDesc status="draft">
                    <msIdentifier>
                        <settlement>Bonn</settlement>
                        <repository>Rheinisches Landesmuseum</repository>
                        <idno>24870</idno>
                    </msIdentifier>
                    <msContents>
                        <summary>Weihinschrift</summary>
                    </msContents>
                    <physDesc>
                        <objectDesc>
                            <supportDesc>
                                <support>
                                    <p part="N">Es handelt sich um einen rechteckigen Altar. Der Sockel sowie der Aufsatz wurden abgeschlagen.</p>
                                    <material>
                                        <ref type="context" target="context:fercan.material.sandstein" ana="https://gams.uni-graz.at/o:fercan.arch#C.120220">Sandstein</ref>
                                    </material>
                                    <objectType>Weihealtar</objectType>
                                    <dimensions>
                                        <height unit="cm">45,0</height>
                                        <width unit="cm">26,0</width>
                                        <depth unit="cm">19,0</depth>
                                    </dimensions>
                                </support>
                                <condition>
                                    <ref type="context" target="context:fercan.condition-o.groeszere_fehlstelle_n" ana="https://gams.uni-graz.at/o:fercan.arch#C.130600">größere Fehlstelle/n</ref>
                                </condition>
                            </supportDesc>
                            <layoutDesc>
                                <layout>
                                    <p part="N">Unklar bleibt, ob oberhalb des erhaltenen Textbestandes ursprünglich noch eine Zeile vorhanden war. Ansonsten ist der Inschriftentext weitgehend vollständig erhalten.<lb/>Ligaturen: s. Majuskeltext. Besondere Zeichen: In Z.4 findet sich eine Ligatur von N und I mit verlängerter rechter senkrechter Haste. Vom letzten Buchstaben in Z.4 ist nurmehr eine senkrechte Haste erhalten; eine Ergänzung auf F ist aus inhaltlichen Gründen naheliegend. In Z.5 ist das T leicht erhöht.</p>
                                    <tei:note xmlns:tei="http://www.tei-c.org/ns/1.0" type="condition" anchored="true">weitgehend vollständig</tei:note>
                                </layout>
                            </layoutDesc>
                        </objectDesc>
                        <handDesc>
                            <handNote>
                                <desc type="execution">gemeißelt</desc>
                                <height unit="cm" atLeast="3.0" atMost="3.5">3,0–3,5 cm</height>
                            </handNote>
                        </handDesc>
                        <decoDesc>
                            <decoNote>
                                <p part="N">Laut Lehner (1918, 163f.) sind auf den Schmalseiten je ein eingeritzter Palmzweig zu sehen.</p>
                                <term ana="https://gams.uni-graz.at/o:fercan.arch#C.250600">
                                    <ref type="context" target="context:fercan.arch.palmzweig">Palmzweig</ref>
                                </term>
                                <term ana="https://gams.uni-graz.at/o:fercan.arch#C.150400">
                                    <ref type="context" target="context:fercan.arch.reliefschmuck">Reliefschmuck</ref>
                                </term>
                                <term ana="https://gams.uni-graz.at/o:fercan.arch#C.253300">
                                    <ref type="context" target="context:fercan.arch.zweig">Zweig</ref>
                                </term>
                            </decoNote>
                        </decoDesc>
                    </physDesc>
                    <history>
                        <origin instant="false">
                            <origPlace instant="false">
                                <region>CCAA</region>
                            </origPlace>
                            <origDate instant="false"/>
                        </origin>
                        <provenance type="found" when="1913">
                            <placeName instant="false" full="yes">
                                <ref type="context" target="context:fercan.geog.modern.bad_muenstereifel_noethen_pesch_temp">Bad Münstereifel Nöthen (Pesch), Tempelbezirk (Matronentempel Eifel)</ref>
                            </placeName>
                            <p part="N">Gebäude F</p>
                            <tei:location xmlns:tei="http://www.tei-c.org/ns/1.0" instant="false">
                                <geo decls="#WGS">50.533852 6.702742</geo>
                            </tei:location>
                        </provenance>
                        <provenance type="observed" subtype="autopsied">vidimus (CIL XIII Projekt)</provenance>
                    </history>
                </msDesc>
                <listPlace default="false">
                    <place instant="false"/>
                </listPlace>
                <listPerson default="false">
                    <person instant="false">
                        <persName type="cognomen" instant="false" full="yes">
                            <ref type="context" target="context:fercan.person.cognomen.albanus">Albanus</ref>
                        </persName>
                    </person>
                    <person instant="false">
                        <persName type="cognomen" instant="false" full="yes">
                            <ref type="context" target="context:fercan.person.cognomen.priga">Priga</ref>
                        </persName>
                    </person>
                    <person instant="false">
                        <persName type="cognomen" instant="false" full="yes">
                            <ref type="context" target="context:fercan.person.cognomen.vennenus">Vennenus</ref>
                        </persName>
                    </person>
                    <person instant="false">
                        <persName type="divine" subtype="celtic_normalized" instant="false" full="yes">
                            <ref type="context" target="context:fercan.dcn.vacallinehae_leudinae">Vacallinehae Leudinae</ref>
                        </persName>
                    </person>
                    <person instant="false">
                        <persName type="divine" subtype="celtic_diplomatic" instant="false" full="yes">
                            <ref type="context" target="context:fercan.dcd.vacallinehae_leudinae.vacalli_.__leudinis">Vacalli[.] Leudinis</ref>
                        </persName>
                    </person>
                    <person instant="false">
                        <persName type="divine" subtype="celtic_element" instant="false" full="yes">
                            <ref type="context" target="context:fercan.dce.vacallinehae">Vacallinehae</ref>
                        </persName>
                    </person>
                    <person instant="false">
                        <persName type="divine" instant="false" full="yes">
                            <ref type="context" target="context:fercan.person.divine-o.leudinae">Leudinae</ref>
                        </persName>
                    </person>
                </listPerson>
                <listOrg default="false">
                    <org instant="false"/>
                </listOrg>
            </sourceDesc>
        </fileDesc>
        <encodingDesc>
            <geoDecl xml:id="WGS" datum="WGS84" default="false">World Geodetic System</geoDecl>
            <editorialDecl default="false">
                <p part="N">Digitale Repräsentation konform mit EpiDoc: http://epidoc.sourceforge.net</p>
                <p part="N">Majuskel und Minuskel ausgeführt nach Leidener Klammersystem, Majuskel bildet
                  Inschrift originalgetreu ab, Minuskel enthält editorische Hinzufügungen</p>
            </editorialDecl>
            <projectDesc default="false">
                <p part="N">Die keltischen Götternamen in den Inschriften der römischen Provinz Germania
                  Inferior. Eine Fallstudie zu Religion im Kontext von Kulturkontakt und
                  Kulturtransfer (FWF – Projekt P 29274-G25 )</p>
                <p part="N">Das Forschungsprojekt beabsichtigt, sämtliche keltischen Götternamen, die sich in
                  lateinischen Inschriften der römischen Provinz Germania Inferior erhaltenen haben,
                  zusammenzustellen und auszuwerten. Die gewählte Quellengrundlage erscheint
                  besonders geeignet Erscheinungsformen zu untersuchen, welche auf religiöser Ebene
                  durch das Zusammentreffen von verschiedenen kulturellen Einflüssen entstanden
                  sind. Diese sind hier einerseits definiert durch die Verwendung der keltischen
                  Sprache, andererseits durch die lateinische Sprache und durch Formen aus dem
                  Inneren des Imperium Romanum, die man mit dem Etikett „römisch“ versehen kann. Das
                  Interesse gilt dabei nicht nur religiösen, sondern auch damit verbundenen
                  gesellschaftlichen Aspekten und den entsprechenden Mentalitäten. Doch soll damit
                  auch zu einem verbesserten Gesamtbild der Provinzialreligion in Niedergermanien
                  beigetragen werden.<lb/> Die Abschlusspublikation wird ergänzt um einen
                  ausführlichen sprachwissenschaftlichen Kommentar (von Patrizia de Bernardo
                  Stempel) in der Reihe ‚Corpus - F.E.R.C.AN. (Fontes epigraphici religionum
                  Celticarum antiquarum)‘ erscheinen. </p>
            </projectDesc>
        </encodingDesc>
        <profileDesc>
            <langUsage default="false">
                <language ident="la">Latein</language>
            </langUsage>
            <textClass default="false">
                <keywords>
                    <list>
                        <item>
                            <ref type="context" target="context:fercan.dedication.votum_solverunt_libentes_merito">votum solverunt libentes merito</ref>
                        </item>
                        <item/> <!-- Belegform gesamt  --> <item> <ref target="context:fercan.divinepart." type="context"> </ref> </item></list></keywords>
            </textClass>
        </profileDesc>
        <revisionDesc status="draft">
            <change when="2019" n="1" corresp="https://gams.uni-graz.at/o:fercan.240/TEI_SOURCE.2020-02-26" status="draft">Initial Version</change>
            <change when="2020" n="2" corresp="https://gams.uni-graz.at/o:fercan.240/TEI_SOURCE.2022-03-07" status="draft">Version 2</change>
            <change when="2022" n="3" status="draft">Version 3</change>
        </revisionDesc>
    </teiHeader>
    <facsimile>
        <graphic mimeType="image/jpeg" xml:id="IMAGE.1" url="file:///0240_Front.jpg">
            <desc>Front, EDCS-12800041, Rechte vorbehalten</desc>
        </graphic>
    </facsimile>
    <text>
        <body>
            <ab part="N">
                <ref target="context:fercan" type="context">FERCAN</ref>
            </ab>
            <div subtype="editions" type="bibliography" org="uniform" part="N" sample="complete">
                <listBibl default="false">
                    <bibl xml:id="LIT.1" default="false" status="draft">CIL XIII 12020</bibl>
                    <bibl xml:id="LIT.2" default="false" status="draft">Lehner 1918, Nr.364</bibl>
                    <bibl xml:id="LIT.3" default="false" status="draft">AE 1920, 6</bibl>
                    <bibl xml:id="LIT.4" default="false" status="draft">Alföldy 1968, Nr.147</bibl>
                    <bibl xml:id="LIT.5" default="false" status="draft">Biller 2010, 224f</bibl>
                
            <bibl xml:id="6">Scheungraber 2020, 558 Nr.15</bibl>
        </listBibl>
            </div>
            <div subtype="concordances" type="bibliography" org="uniform" part="N" sample="complete">
                <listBibl>
                    <bibl type="EDCS">
                        <idno>EDCS-12800041</idno>
                        <date>zuletzt aufgerufen am 24. Februar 2020</date>
                    </bibl>
                    <bibl type="EDH">
                        <idno>HD027289</idno>
                        <date>Version vom 20. Januar 2016</date>
                    </bibl>
                    <bibl type="trismegistos">
                        <idno>www.trismegistos.org/text/209367</idno>
                        <date>zuletzt aufgerufen am 29. Juni 2021</date>
                    </bibl>
                </listBibl>
            </div>
            <div type="edition" subtype="diplomatic" xml:id="majuscule" xml:lang="la" xml:space="preserve" org="uniform" part="N" sample="complete"><ab part="N"><orig><lb n="1"/><hi rend="ligature">VA</hi>CALLI<gap reason="lost" quantity="1" unit="character" instant="false"/> <lb n="2"/>
LEVDINIS <lb n="3"/>
ALBANV<gap reason="lost" quantity="1" unit="character" instant="false"/> <lb n="4"/>
VE<hi rend="ligature">NNE</hi><hi rend="ligature">NI</hi> · <gap reason="illegible" unit="character" quantity="1" instant="false"/> <lb n="5"/>
ET · PRIGA <lb n="6"/> 
· V · S · L · M ·</orig></ab></div>
            <div type="edition" xml:lang="la" xml:id="minuscule" subtype="normalised" xml:space="preserve" org="uniform" part="N" sample="complete"><ab part="N"><lb n="1"/>Vacalli<gap reason="lost" quantity="1" unit="character" instant="false"/><lb n="2"/>Leudinis<lb n="3"/>Albanu<supplied reason="lost" instant="false">s</supplied><lb n="4"/>Venneni <expan instant="false"><abbr>f</abbr><ex instant="false">ilius</ex></expan><lb n="5"/>et Priga<lb n="6"/><expan instant="false"><abbr>v</abbr><ex instant="false">otum</ex></expan> <expan instant="false"><abbr>s</abbr><ex instant="false">olverunt</ex></expan> <expan instant="false"><abbr>l</abbr><ex instant="false">ibentes</ex></expan> <expan instant="false"><abbr>m</abbr><ex instant="false">erito</ex></expan></ab></div>
            <div type="translation" xml:lang="de" org="uniform" part="N" sample="complete">
                <p part="N">Für die  <rs type="divine">Vacalli…</rs> (und ?)  <rs type="divine">Leudinae!</rs> <lb/>
Albanus, Sohn des Vennenus, und Priga haben das Gelübde gerne und verdientermaßen erfüllt.</p>
            </div>
            <div type="translation" xml:lang="en" org="uniform" part="N" sample="complete">
                <p part="N">To the  <rs type="divine">Vacalli…</rs> (and ?)  <rs type="divine">Leudinae!</rs> <lb/>
Albanus, the son of Vennenus, and Priga have fulfilled a vow willingly and deservedly.</p>
            </div>
            <div type="apparatus" org="uniform" part="N" sample="complete">
                <app loc="#MIN.1 #MAJ.1">
                    <tei:note xmlns:tei="http://www.tei-c.org/ns/1.0" anchored="true">V̂ACALLIN – CIL, AE; V̂acallin(ehis) – Lehner, Scheungraber; Vacallis, der letzte Buchstabe war sicher kein N – Alföldy; V̂acall[î]n(ehis) – Biller; Vacallin(eihis) – EDH. Nach CIL, Lehner und EDH ist eine erste Zeile verloren; auch Alföldy und Biller nehmen vor dem erhaltenen Textbestand noch eine Zeile mit [„Matronis“] an; Scheungraber geht ebenfalls von einer davorliegenden Zeile aus in der ebenfalls „vacallin“ gestanden habe (evtl. Verwechslung mit Alföldys/Billers [„Matronis“]?)</tei:note>
                </app>
                <app loc="#MIN.4 #MAJ.4">
                    <tei:note xmlns:tei="http://www.tei-c.org/ns/1.0" anchored="true">Ven̂nen̂i – Alföldy; f(ilius) – CIL, Lehner, Alföldy, Biller; f[il(ius)] – AE, EDH, Scheungraber; ohne Ligaturen – EDH</tei:note>
                </app>
            </div>
            <div type="commentary" subtype="general" org="uniform" part="N" sample="complete">
                <p part="N">Albanus: lateinisches Cognomen (Kakoschke 2007, CN 112) </p>
                <p part="N">
Vennenus: keltisches Cognomen (Kakoschke 2008, CN 3260) </p>
                <p part="N">
Priga: weibliches keltisches Cognomen? (Kakoschke 2008, CN 2435)</p>
            </div>
            <div type="commentary" subtype="deity" org="uniform" part="N" sample="complete">                                                <p part="N"> <rs type="divine">Vacalli…:</rs> Rest von  <rs type="divine">Vacallinehae</rs> oder einer Variante: keltisch: ‚Unter den Bäumen bzw. dem Wald Verweilende [Muttergöttinen]‘ 
(de Bernardo Stempel Corpus F.E.R.C.A.N. II/1 241-243).    </p>
                                                <p part="N">

Vorkommen in theonymischen Formularen: </p>
                                                <p part="N">
 <rs type="divine">Vacallinehae Leudinae</rs>:  <lb/>
- Germania Inferior: in der hier besprochenen Inschrift ist die Zuordnung der erhaltenen Buchstabensreste zu den  <rs type="divine">Vacallinehae</rs> an diesem Fundort zweifelsfrei. Interessanterweise ergänzt Alföldy in diesem Fall, weil er die Spuren eines S zu sehen vermeinte, auf „Vacallis“. Ob in einer vorangehenden Zeile „Matronis“ (oder „Matribus“) zu lesen war oder nicht, kann nicht entschieden werden. In  <rs type="divine">Leudinae</rs> vermutet Lehner einen weiteren Beinamen der Matronae in Zusammenhang mit einem Ortsnamen Leudium. Auch Gutenbrunner (1936, 180) und Alföldy (1968, 69) leiten den Namen von einem Ortsnamen ab, der sich aber nicht in der Nähe des Heiligtums von Pesch befunden haben soll. <lb/>
- außerhalb der Germania Inferior: - </p>
                                                <p part="N">

 <rs type="divine">Vacallinehae</rs>:  <lb/> 
- Germania Inferior: Das theonymische Formular ist häufig bezeugt.  <lb/> 
- außerhalb der Germania Inferior: - </p>
                                                <p part="N">
 <rs type="divine">Matronae Vacallinehae</rs>:  <lb/>
- Germania Inferior:  Das theonymische Formular ist häufig bezeugt. <lb/> 
- außerhalb der Germania Inferior: -  </p>
                                                <p part="N">
 <rs type="divine">Matres Vacallinehae</rs>:  <lb/>
- Germania Inferior: Das theonymische Formular ist mindestens 1x gesichert bezeugt (CF-GeI-239). <lb/> 
- außerhalb der Germania Inferior: - </p>
                                                <p part="N">

***</p>
                                                <p part="N"> 

Nicht keltische Götternamen: </p>
                                                <p part="N">

 <rs type="divine">Leudinae:</rs> germanisch: ‚Die zum Volk Gehörenden‘ (de Bernardo Stempel Corpus F.E.R.C.A.N. II/1 240). <lb/>
In der hier vorgelegten Inschrift könnte eine zweite Matronengruppe angesprochen sein, 
doch könnte es sich auch um einen Beinamen der  <rs type="divine">Vacallinehae</rs> handeln. </p>
            </div>
            <linkGrp type="alignment" domains="#majuscule #minuscule">
                <link target="#MAJ.1 #MIN.1"/>
                <link target="#MAJ.2 #MIN.2"/>
                <link target="#MAJ.3 #MIN.3"/>
                <link target="#MAJ.4 #MIN.4"/>
                <link target="#MAJ.5 #MIN.5"/>
                <link target="#MAJ.6 #MIN.6"/>
            </linkGrp>
        </body>
        <back>
            <tei:note xmlns:tei="http://www.tei-c.org/ns/1.0" type="Objbeschr_note" anchored="true"/>
            <tei:note xmlns:tei="http://www.tei-c.org/ns/1.0" type="ArchKlass_note" anchored="true"/>
            <tei:note xmlns:tei="http://www.tei-c.org/ns/1.0" type="Material_note" anchored="true"/>
            <tei:note xmlns:tei="http://www.tei-c.org/ns/1.0" type="Inschrifttraeger_note" anchored="true"/>
            <tei:note xmlns:tei="http://www.tei-c.org/ns/1.0" type="VerwahrortOrt_note" anchored="true"/>
            <tei:note xmlns:tei="http://www.tei-c.org/ns/1.0" type="InvNr_note" anchored="true"/>
            <tei:note xmlns:tei="http://www.tei-c.org/ns/1.0" type="Fundstelle_note" anchored="true"/>
            <tei:note xmlns:tei="http://www.tei-c.org/ns/1.0" type="Fundumst_note" anchored="true"/>
            <tei:note xmlns:tei="http://www.tei-c.org/ns/1.0" type="Fundjahr_note" anchored="true"/>
            <tei:note xmlns:tei="http://www.tei-c.org/ns/1.0" type="FOantik_note" anchored="true"/>
            <tei:note xmlns:tei="http://www.tei-c.org/ns/1.0" type="FOmodern_note" anchored="true"/>
            <tei:note xmlns:tei="http://www.tei-c.org/ns/1.0" type="civitas_note" anchored="true"/>
            <tei:note xmlns:tei="http://www.tei-c.org/ns/1.0" type="Autopsie_note" anchored="true"/>
            <tei:note xmlns:tei="http://www.tei-c.org/ns/1.0" type="Appcrit_note" anchored="true"/>
            <tei:note xmlns:tei="http://www.tei-c.org/ns/1.0" type="Abb_note" anchored="true"/>
            <tei:note xmlns:tei="http://www.tei-c.org/ns/1.0" type="englUEbers_note" anchored="true"/>
            <tei:note xmlns:tei="http://www.tei-c.org/ns/1.0" type="dtUEbers_note" anchored="true"/>
            <tei:note xmlns:tei="http://www.tei-c.org/ns/1.0" type="Editionen_note" anchored="true"/>
            <tei:note xmlns:tei="http://www.tei-c.org/ns/1.0" type="ErhzustObj_note" anchored="true"/>
            <tei:note xmlns:tei="http://www.tei-c.org/ns/1.0" type="Masse_note" anchored="true"/>
            <tei:note xmlns:tei="http://www.tei-c.org/ns/1.0" type="Ikonogr_note" anchored="true"/>
            <tei:note xmlns:tei="http://www.tei-c.org/ns/1.0" type="Inschrtext_note" anchored="true"/>
            <tei:note xmlns:tei="http://www.tei-c.org/ns/1.0" type="ErhzustInschr_note" anchored="true"/>
            <tei:note xmlns:tei="http://www.tei-c.org/ns/1.0" type="Schrifttechnik_note" anchored="true"/>
            <tei:note xmlns:tei="http://www.tei-c.org/ns/1.0" type="Buchsthoehe_note" anchored="true"/>
            <tei:note xmlns:tei="http://www.tei-c.org/ns/1.0" type="Notvar_note" anchored="true"/>
            <tei:note xmlns:tei="http://www.tei-c.org/ns/1.0" type="SonstKomm_note" anchored="true"/>
            <tei:note xmlns:tei="http://www.tei-c.org/ns/1.0" type="Datierung_note" anchored="true"/>
            <tei:note xmlns:tei="http://www.tei-c.org/ns/1.0" type="KommGoettern_note" anchored="true">
                <p part="N">Für die Alte Version (25.04.23) siehe CF-GeI-140</p>
                <p part="N"> 

Nicht keltische Götternamen: </p>
                                                <p part="N">

 Leudinae: germanisch (de Bernardo Stempel in Spickermann 2005, 146). 
In der hier vorgelegten Inschrift könnte eine zweite Matronengruppe angesprochen sein, 
doch könnte es sich auch um einen Beinamen der  Vacallinehae handeln. </p>
                <p part="N"/>
            </tei:note>
        </back>
    </text>
</TEI>