<?xml-model href="https://gams.uni-graz.at/context:fercan/SCHEMA_EPIDOC_9.1" type="application/xml" schematypens="http://relaxng.org/ns/structure/1.0"?><TEI xmlns="http://www.tei-c.org/ns/1.0" xmlns:xsi="http://www.w3.org/2001/XMLSchema-instance" xml:id="inferior353">
    <teiHeader>
        <fileDesc>
            <titleStmt>
                <title type="full">
                    <title type="main">Nehalennia</title>
                    <title type="sub">CF-GeI-353</title>
                </title>
                <respStmt>
                    <resp>Inschriftenedition</resp>
                    <persName instant="false" full="yes">
                        <forename full="yes">Werner</forename>
                        <surname full="yes">Petermandl</surname>
                    </persName>
                </respStmt>
                <respStmt>
                    <resp>Archäologische Beschreibung und geografische Daten</resp>
                    <persName instant="false" full="yes">
                        <forename full="yes">Astrid</forename>
                        <surname full="yes">Schmölzer</surname>
                    </persName>
                </respStmt>
                <funder ref="https://www.fwf.ac.at">Austrian Science Fund (FWF): P
                  29274-G25</funder>
            </titleStmt>
            <publicationStmt>
                <publisher>
                    <link target="https://antike.uni-graz.at"/>
                    <orgName ref="https://d-nb.info/gnd/1213531357" instant="false" full="yes">Institut für Antike, Fachbereich
                    Alte Geschichte und Epigraphik, Karl-Franzens-Universität Graz</orgName>
                </publisher>
                <authority>
                    <link target="https://informationsmodellierung.uni-graz.at"/>
                    <orgName ref="http://d-nb.info/gnd/1137284463" instant="false" full="yes">Zentrum für
                    Informationsmodellierung - Austrian Centre for Digital Humanities,
                    Karl-Franzens-Universität Graz</orgName>
                </authority>
                <distributor>
                    <link target="https://gams.uni-graz.at"/>
                    <orgName instant="false" full="yes">GAMS - Geisteswissenschaftliches Asset Management System</orgName>
                </distributor>
                <date when="2022" instant="false">2022</date>
                <pubPlace>Graz</pubPlace>
                <idno type="PID">o:fercan.353</idno>
                <availability default="false">
                    <licence target="https://creativecommons.org/licenses/by-nc/4.0">Creative Commons
                    BY-NC 4.0</licence>
                </availability>
            </publicationStmt>
            <seriesStmt>
                <title ref="https://gams.uni-graz.at/fercan">FERCAN: Fontes Epigraphici Religionum
                  Celticarum Antiquarum</title>
                <respStmt>
                    <resp>Projektleitung</resp>
                    <persName instant="false" full="yes">
                        <forename full="yes">Wolfgang</forename>
                        <surname full="yes">Spickermann</surname>
                    </persName>
                </respStmt>
            </seriesStmt>
            <sourceDesc default="false">
                <msDesc status="draft">
                    <msIdentifier>
                        <settlement>Leiden</settlement>
                        <repository>Rijksmuseum van Oudheden</repository>
                        <idno>i 1970/12.13</idno>
                    </msIdentifier>
                    <msContents>
                        <summary>Weihinschrift</summary>
                    </msContents>
                    <physDesc>
                        <objectDesc>
                            <supportDesc>
                                <support>
                                    <p part="N">Der Aedicula-Altar ist vollständig erhalten. Die Oberfläche ist leicht beschädigt und die Kanten sind leicht bestoßen. Besonders am Sockel sind kleine Ausbrüche festzustellen. Die linke Schmalseite ist an der linken Kante etwas verwittert, ebenso die Bekrönung, deren Reliefdekor nur mehr schwer nachvollziehbar ist.<lb/>#Nehalennia# steht in einer Nische mit muschelverzierter Decke, die mit dem Inschriftenfeld von Pilastern mit Blattdekor gerahmt wird. Die Pilaster setzen sich samt Dekor und Kapitell auch auf den Seiten fort. Die Nische wirkt etwas flach und reicht schräg zusammenlaufend in den Stein.<lb/>Die Bekrönung wurde von ursprünglich rund sieben oder acht Früchten auf der Oberfläche geziert, davon sind noch vier erhalten. Der Abschluss der Nische ist abgebrochen. Die Pulvini sind reliefverziert, an der Seite ist ein schuppiges Blattdekor zu erkennen.<lb/>Durch die Fortsetzung der Pilaster auf den Seitenflächen, wo sie unterschiedliche ausgestaltete Pflanzenranken einrahmen, wird der Eindruck einer Tempelarchitektur verstärkt.</p>
                                    <material>
                                        <ref type="context" target="context:fercan.material.kalkstein" ana="https://gams.uni-graz.at/o:fercan.arch#C.120210">Kalkstein</ref>
                                    </material>
                                    <objectType>Aedicula-Altar</objectType>
                                    <dimensions>
                                        <height unit="cm">76,0</height>
                                        <width unit="cm">43,0</width>
                                        <depth unit="cm">19,0</depth>
                                    </dimensions>
                                </support>
                                <condition>
                                    <ref type="context" target="context:fercan.condition-o.vollstaendig" ana="https://gams.uni-graz.at/o:fercan.arch#C.130400">vollständig</ref>
                                </condition>
                            </supportDesc>
                            <layoutDesc>
                                <layout>
                                    <p part="N">Der Inschriftentext ist vollständig erhalten.<lb/>Ligaturen: s. Majuskeltext. Besondere Zeichen: In Z.1 findet sich eine Ligatur von N und I mit erhöhter rechter vertikaler Haste des N.</p>
                                    <tei:note xmlns:tei="http://www.tei-c.org/ns/1.0" type="condition" anchored="true">vollständig</tei:note>
                                </layout>
                            </layoutDesc>
                        </objectDesc>
                        <handDesc>
                            <handNote>
                                <desc type="execution">gemeißelt</desc>
                            </handNote>
                        </handDesc>
                        <decoDesc>
                            <decoNote>
                                <p part="N"> <rs type="divine">Nehalennia</rs> steht in der Nische und hat das rechte Bein auf einen Schiffsschnabel bzw. Vordersteven gestellt. Auf dem aufgestützten Knie hält sie einen Obstkorb mit der rechten Hand, während sie die linke, in der sie einen Blumenstrauß oder ein Ährenbündel hält (Stuart/Bogaers 1971, 67), darauf abgelegt hat. Sie trägt eine Haube und eine bis zur Mitte der Oberarme reichende Pelerine, unter der ein Gürtel zu erkennen ist, der direkt unter der Brust sitzt. Das Gewand ist bodenlang und verfügte wohl auch über lange Ärmel. Links neben ihr sitzt ein Hund am Boden, den Körper von ihr abgewandt, den Kopf jedoch herumgedreht und den Blick gehoben. <lb/>
Auf der linken Schmalseite sind zwischen den mit Blattdekor versehenen Pilastern paarig angeordnete gefiederte Blätter (so Stuart/Bogaers 2001, 93) zu sehen, die aus einem Akanthus wachsen. <lb/>
Auf der rechten Schmalseite wächst, ebenfalls aus einem Akanthus und zwischen zwei Pilastern mit Blattdekor, eine Ranke mit gekringelten gefiederten Blättern, von denen zwei (die erste und die dritte) eine Blüte umschließen.</p>
                                <term ana="https://gams.uni-graz.at/o:fercan.arch#C.253020">
                                    <ref type="context" target="context:fercan.arch.akanthus">Akanthus</ref>
                                </term>
                                <term ana="https://gams.uni-graz.at/o:fercan.arch#C.210100">
                                    <ref type="context" target="context:fercan.arch.apfel">Apfel</ref>
                                </term>
                                <term ana="https://gams.uni-graz.at/o:fercan.arch#C.220000">
                                    <ref type="context" target="context:fercan.arch.architektur">Architektur</ref>
                                </term>
                                <term ana="https://gams.uni-graz.at/o:fercan.arch#C.150800">
                                    <ref type="context" target="context:fercan.arch.aufsatzschmuck">Aufsatzschmuck</ref>
                                </term>
                                <term ana="https://gams.uni-graz.at/o:fercan.arch#C.210200">
                                    <ref type="context" target="context:fercan.arch.birne">Birne</ref>
                                </term>
                                <term ana="https://gams.uni-graz.at/o:fercan.arch#C.160200">
                                    <ref type="context" target="context:fercan.arch.blattdekor">Blattdekor</ref>
                                </term>
                                <term ana="https://gams.uni-graz.at/o:fercan.arch#C.252100">
                                    <ref type="context" target="context:fercan.arch.blumenstrausz">Blumenstrauß</ref>
                                </term>
                                <term>
                                    <ref type="context" target="context:fercan.arch.bluete">Blüte</ref>
                                </term>
                                <term ana="https://gams.uni-graz.at/o:fercan.arch#C.210000">
                                    <ref type="context" target="context:fercan.arch.frucht">Frucht</ref>
                                </term>
                                <term ana="https://gams.uni-graz.at/o:fercan.arch#C.220110">
                                    <ref type="context" target="context:fercan.arch.gebrochener_giebel">gebrochener Giebel</ref>
                                </term>
                                <term ana="https://gams.uni-graz.at/o:fercan.arch#C.240100">
                                    <ref type="context" target="context:fercan.arch.goetterbild">Götterbild</ref>
                                </term>
                                <term ana="https://gams.uni-graz.at/o:fercan.arch#C.254110">
                                    <ref type="context" target="context:fercan.arch.hund">Hund</ref>
                                </term>
                                <term ana="https://gams.uni-graz.at/o:fercan.arch#C.220200">
                                    <ref type="context" target="context:fercan.arch.kapitell">Kapitell</ref>
                                </term>
                                <term ana="https://gams.uni-graz.at/o:fercan.arch#C.220210">
                                    <ref type="context" target="context:fercan.arch.korinthisches_kapitell">korinthisches Kapitell</ref>
                                </term>
                                <term ana="https://gams.uni-graz.at/o:fercan.arch#C.251700">
                                    <ref type="context" target="context:fercan.arch.obstschale">Obstschale</ref>
                                </term>
                                <term ana="https://gams.uni-graz.at/o:fercan.arch#C.253000">
                                    <ref type="context" target="context:fercan.arch.pflanzenornament">Pflanzenornament</ref>
                                </term>
                                <term ana="https://gams.uni-graz.at/o:fercan.arch#C.220500">
                                    <ref type="context" target="context:fercan.arch.pilaster">Pilaster</ref>
                                </term>
                                <term ana="https://gams.uni-graz.at/o:fercan.arch#C.150500">
                                    <ref type="context" target="context:fercan.arch.rahmen">Rahmen</ref>
                                </term>
                                <term ana="https://gams.uni-graz.at/o:fercan.arch#C.253010">
                                    <ref type="context" target="context:fercan.arch.ranke">Ranke</ref>
                                </term>
                                <term ana="https://gams.uni-graz.at/o:fercan.arch#C.160000">
                                    <ref type="context" target="context:fercan.arch.reliefdekor">Reliefdekor</ref>
                                </term>
                                <term ana="https://gams.uni-graz.at/o:fercan.arch#C.150400">
                                    <ref type="context" target="context:fercan.arch.reliefschmuck">Reliefschmuck</ref>
                                </term>
                                <term ana="https://gams.uni-graz.at/o:fercan.arch#C.253060">
                                    <ref type="context" target="context:fercan.arch.rosette">Rosette</ref>
                                </term>
                                <term ana="https://gams.uni-graz.at/o:fercan.arch#C.250740">
                                    <ref type="context" target="context:fercan.arch.schiffsschnabel">Schiffsschnabel</ref>
                                </term>
                                <term ana="https://gams.uni-graz.at/o:fercan.arch#C.220900">
                                    <ref type="context" target="context:fercan.arch.tempelarchitektur">Tempelarchitektur</ref>
                                </term>
                                <term ana="https://gams.uni-graz.at/o:fercan.arch#C.254100">
                                    <ref type="context" target="context:fercan.arch.tier">Tier</ref>
                                </term>
                            </decoNote>
                        </decoDesc>
                    </physDesc>
                    <history>
                        <origin instant="false">
                            <origPlace instant="false">
                                <placeName ref="https://pleiades.stoa.org/places/109000" instant="false" full="yes">Ganuenta</placeName>
                                <region>Civitas Frisiavonum</region>
                            </origPlace>
                            <origDate instant="false"/>
                        </origin>
                        <provenance type="found" when="1970">
                            <placeName instant="false" full="yes">
                                <ref type="context" target="context:fercan.geog.modern.oosterschelde_bei_colijnsplaat">Oosterschelde bei Colijnsplaat</ref>
                            </placeName>
                            <tei:location xmlns:tei="http://www.tei-c.org/ns/1.0" instant="false">
                                <geo decls="#WGS">51.599839 3.849262</geo>
                            </tei:location>
                            <tei:note xmlns:tei="http://www.tei-c.org/ns/1.0" anchored="true">aus dem Meer geborgen</tei:note>
                        </provenance>
                        <provenance type="observed" subtype="autopsied">
                            <p part="N">non vidimus<lb>
                                    <br/>
                                </lb>Lesung gründet auf: Stuart/Bogaers 2001</p>
                        </provenance>
                    </history>
                </msDesc>
                <listPlace default="false">
                    <place instant="false"/>
                </listPlace>
                <listPerson default="false">
                    <person instant="false">
                        <persName type="gentilnomen" instant="false" full="yes">
                            <ref type="context" target="context:fercan.person.gentilnomen.vegisonius">Vegisonius</ref>
                        </persName>
                    </person>
                    <person instant="false">
                        <persName type="cognomen" instant="false" full="yes">
                            <ref type="context" target="context:fercan.person.cognomen.martinus">Martinus</ref>
                        </persName>
                    </person>
                    <person instant="false">
                        <persName type="divine" subtype="celtic_normalized" instant="false" full="yes">
                            <ref type="context" target="context:fercan.dcn.nehalennia">Nehalennia</ref>
                        </persName>
                    </person>
                    <person instant="false">
                        <persName type="divine" subtype="celtic_diplomatic" instant="false" full="yes">
                            <ref type="context" target="context:fercan.dcd.nehalennia.deae_nehalenniae">deae Nehalenniae</ref>
                        </persName>
                    </person>
                    <person instant="false">
                        <persName type="divine" subtype="celtic_element" instant="false" full="yes">
                            <ref type="context" target="context:fercan.dce.nehalennia">Nehalennia</ref>
                        </persName>
                    </person>
                    <person instant="false">
                        <persName instant="false" full="yes">
                            <roleName type="other" full="yes">
                                <ref type="context" target="context:fercan.person.other.cives_sequanus">cives Sequanus</ref>
                            </roleName>
                        </persName>
                    </person>
                    <person instant="false">
                        <persName instant="false" full="yes">
                            <roleName type="other" full="yes">
                                <ref type="context" target="context:fercan.person.other.nauta">nauta</ref>
                            </roleName>
                        </persName>
                    </person>
                </listPerson>
                <listOrg default="false">
                    <org instant="false"/>
                    <org type="population_group" instant="false">
                        <orgName instant="false" full="yes">
                            <ref type="context" target="context:fercan.org.population.civis_secuanus">civis Secuanus</ref>
                        </orgName>
                    </org>
                </listOrg>
            </sourceDesc>
        </fileDesc>
        <encodingDesc>
            <geoDecl xml:id="WGS" datum="WGS84" default="false">World Geodetic System</geoDecl>
            <editorialDecl default="false">
                <p part="N">Digitale Repräsentation konform mit EpiDoc: http://epidoc.sourceforge.net</p>
                <p part="N">Majuskel und Minuskel ausgeführt nach Leidener Klammersystem, Majuskel bildet
                  Inschrift originalgetreu ab, Minuskel enthält editorische Hinzufügungen</p>
            </editorialDecl>
            <projectDesc default="false">
                <p part="N">Die keltischen Götternamen in den Inschriften der römischen Provinz Germania
                  Inferior. Eine Fallstudie zu Religion im Kontext von Kulturkontakt und
                  Kulturtransfer (FWF – Projekt P 29274-G25 )</p>
                <p part="N">Das Forschungsprojekt beabsichtigt, sämtliche keltischen Götternamen, die sich in
                  lateinischen Inschriften der römischen Provinz Germania Inferior erhaltenen haben,
                  zusammenzustellen und auszuwerten. Die gewählte Quellengrundlage erscheint
                  besonders geeignet Erscheinungsformen zu untersuchen, welche auf religiöser Ebene
                  durch das Zusammentreffen von verschiedenen kulturellen Einflüssen entstanden
                  sind. Diese sind hier einerseits definiert durch die Verwendung der keltischen
                  Sprache, andererseits durch die lateinische Sprache und durch Formen aus dem
                  Inneren des Imperium Romanum, die man mit dem Etikett „römisch“ versehen kann. Das
                  Interesse gilt dabei nicht nur religiösen, sondern auch damit verbundenen
                  gesellschaftlichen Aspekten und den entsprechenden Mentalitäten. Doch soll damit
                  auch zu einem verbesserten Gesamtbild der Provinzialreligion in Niedergermanien
                  beigetragen werden.<lb/> Die Abschlusspublikation wird ergänzt um einen
                  ausführlichen sprachwissenschaftlichen Kommentar (von Patrizia de Bernardo
                  Stempel) in der Reihe ‚Corpus - F.E.R.C.AN. (Fontes epigraphici religionum
                  Celticarum antiquarum)‘ erscheinen. </p>
            </projectDesc>
        </encodingDesc>
        <profileDesc>
            <langUsage default="false">
                <language ident="la">Latein</language>
            </langUsage>
            <textClass default="false">
                <keywords>
                    <list>
                        <item>
                            <ref type="context" target="context:fercan.dedication.votum_solvit_libens_merito">votum solvit libens merito</ref>
                        </item>
                        <item/> <!-- Belegform gesamt  --> <item> <ref target="context:fercan.divinepart." type="context"> </ref> </item></list></keywords>
            </textClass>
        </profileDesc>
        <revisionDesc status="draft">
            <change when="2019" n="1" corresp="https://gams.uni-graz.at/o:fercan.353/TEI_SOURCE.2020-02-26" status="draft">Initial Version</change>
            <change when="2020" n="2" corresp="https://gams.uni-graz.at/o:fercan.353/TEI_SOURCE.2022-03-07" status="draft">Version 2</change>
            <change when="2022" n="3" status="draft">Version 3</change>
        </revisionDesc>
    </teiHeader>
    <facsimile>
        <graphic mimeType="image/png" xml:id="IMAGE.1" url="file:///0353_Front.PNG">
            <desc>Front, Stuart/Bogaers 2001, Taf.47, A57, Rechte vorbehalten</desc>
        </graphic>
        <graphic mimeType="image/png" xml:id="IMAGE.2" url="file:///0353_li.PNG">
            <desc>links, Stuart/Bogaers 2001, Taf.47, A57, Rechte vorbehalten</desc>
        </graphic>
        <graphic mimeType="image/png" xml:id="IMAGE.3" url="file:///0353_re.PNG">
            <desc>rechts, Stuart/Bogaers 2001, Taf.47, A57, Rechte vorbehalten</desc>
        </graphic>
    </facsimile>
    <text>
        <body>
            <ab part="N">
                <ref target="context:fercan" type="context">FERCAN</ref>
            </ab>
            <div subtype="editions" type="bibliography" org="uniform" part="N" sample="complete">
                <listBibl default="false">
                    <bibl xml:id="LIT.1" default="false" status="draft">Stuart/Bogaers 1971, Nr.13</bibl>
                    <bibl xml:id="LIT.2" default="false" status="draft">AE 1973, 372</bibl>
                    <bibl xml:id="LIT.3" default="false" status="draft">Stuart/Bogaers 2001, A57</bibl>
                    <bibl xml:id="LIT.4" default="false" status="draft">Schmidts 2011, 143, Nr.56</bibl>
                
            <bibl xml:id="5">Scheungraber 2020, 402 Nr.72</bibl>
        
            <bibl xml:id="6">Ferlut 2022, Nr.1097</bibl>
        </listBibl>
            </div>
            <div subtype="concordances" type="bibliography" org="uniform" part="N" sample="complete">
                <listBibl>
                    <bibl type="EDCS">
                        <idno>EDCS-09401497</idno>
                        <date>zuletzt aufgerufen am 24. Februar 2020</date>
                    </bibl>
                    <bibl type="EDH">
                        <idno>HD011219</idno>
                        <date>Version vom 12. Juni 2017</date>
                    </bibl>
                    <bibl type="trismegistos">
                        <idno>www.trismegistos.org/text/208919</idno>
                        <date>zuletzt aufgerufen am 30. Juni 2021</date>
                    </bibl>
                </listBibl>
            </div>
            <div type="edition" subtype="diplomatic" xml:id="majuscule" xml:lang="la" xml:space="preserve" org="uniform" part="N" sample="complete"><ab part="N"><orig><lb n="1"/>DEAE · NEHALEN<hi rend="ligature">NI</hi><hi rend="ligature">AE</hi> <lb n="2"/>
VEGISONIVS · MAR <lb n="3"/>
TINVS · CIVES  <lb n="4"/>
SECVANVS · NAVTA  <lb n="5"/>
V · S · L · M</orig></ab></div>
            <div type="edition" xml:lang="la" xml:id="minuscule" subtype="normalised" xml:space="preserve" org="uniform" part="N" sample="complete"><ab part="N"><lb n="1"/>Deae Nehalenniae<lb n="2"/>Vegisonius Mar<lb n="3" break="no"/>tinus cives<lb n="4"/>Secuanus nauta<lb n="5"/><expan instant="false"><abbr>v</abbr><ex instant="false">otum</ex></expan> <expan instant="false"><abbr>s</abbr><ex instant="false">olvit</ex></expan> <expan instant="false"><abbr>l</abbr><ex instant="false">ibens</ex></expan> <expan instant="false"><abbr>m</abbr><ex instant="false">erito</ex></expan></ab></div>
            <div type="translation" xml:lang="de" org="uniform" part="N" sample="complete">
                <p part="N">Für die Göttin  <rs type="divine">Nehalennia!</rs>  <lb/>
Vegisonius Martinus, Angehöriger der civitas der Sequaner und Reeder, hat das Gelübde gerne und verdientermaßen erfüllt.</p>
            </div>
            <div type="translation" xml:lang="en" org="uniform" part="N" sample="complete">
                <p part="N">To the goddess  <rs type="divine">Nehalennia!</rs>  <lb/>
Vegisonius Martinus, a member of the civitas of the Sequani and ship owner, has fulfilled a vow willingly and deservedly.</p>
            </div>
            <div type="apparatus" org="uniform" part="N" sample="complete">
                <app loc="#MIN.1 #MAJ.1">
                    <tei:note xmlns:tei="http://www.tei-c.org/ns/1.0" anchored="true">ohne Ligaturen – AE; Schmidts</tei:note>
                </app>
            
            <app loc="3">
                <note anchored="true">civ&lt;i=E&gt;s – Scheungraber</note>
            </app>
        
            <app loc="4">
                <note anchored="true">Se&lt;q=C&gt;uanus – Scheungraber</note>
            </app>
        </div>
            <div type="commentary" subtype="general" org="uniform" part="N" sample="complete">
                <p part="N">Vegisonius Martinus: römisches Namensformular ohne Praenomen <lb/>
Vegisonius: einheimisches Pseudogentilnomen, abgeleitet vom keltischen Cognomen Vegiso (Kakoschke 2006, GN 1370) <lb/>
Martinus: lateinisches Cognomen, Weiterbildung des Gentilnomens bzw. Cognomens Martius oder von Mars; gängiger Name (Kakoschke 2008, CN 1934) </p>
                <p part="N">

cives Secuanus: Der Dedikant ist Angehöriger der civitas Sequanorum mit dem Hauptort Vesontio (Besançon). </p>
                <p part="N">

nauta: Unter der Berufsgruppe, die sich in Inschriften mit diesem Begriff bezeichnet, sind am ehesten Reeder bzw. Transportunternehmer zu verstehen (Schmidts 2011, 45).</p>
            </div>
            <div type="commentary" subtype="language" org="uniform" part="N" sample="complete">
                <p part="N">v.3: „cives“ pro „civis“<lb/>v.4: „Secuanus” pro „Sequanus”</p>
            </div>
            <div type="commentary" subtype="deity" org="uniform" part="N" sample="complete">                                                <p part="N"> <rs type="divine">Nehalennia:</rs> keltisch erklärbar: ‚Die [Göttin] im Salzwasser bzw. in der See‘ (de Bernardo Stempel Corpus F.E.R.C.A.N. II/1 145f).</p>
                                                <p part="N">

Vorkommen in theonymischen Formularen: </p>
                                                <p part="N">
 <rs type="divine">Nehalennia</rs>: <lb/>
- Germania Inferior: Belege sind überaus häufig. Zwei Inschriften stammen aus Köln alle anderen aus Domburg und Colijnsplaat. Die Göttin wird dabei, bis auf wenige Ausnahmen, stets als  <rs type="divine">dea Nehalennia</rs> angesprochen. <lb/> 
- außerhalb der Germania Inferior: -</p>
            </div>
            <linkGrp type="alignment" domains="#majuscule #minuscule">
                <link target="#MAJ.1 #MIN.1"/>
                <link target="#MAJ.2 #MIN.2"/>
                <link target="#MAJ.3 #MIN.3"/>
                <link target="#MAJ.4 #MIN.4"/>
                <link target="#MAJ.5 #MIN.5"/>
            </linkGrp>
        </body>
        <back>
            <tei:note xmlns:tei="http://www.tei-c.org/ns/1.0" type="Objbeschr_note" anchored="true"/>
            <tei:note xmlns:tei="http://www.tei-c.org/ns/1.0" type="ArchKlass_note" anchored="true"/>
            <tei:note xmlns:tei="http://www.tei-c.org/ns/1.0" type="Material_note" anchored="true"/>
            <tei:note xmlns:tei="http://www.tei-c.org/ns/1.0" type="Inschrifttraeger_note" anchored="true"/>
            <tei:note xmlns:tei="http://www.tei-c.org/ns/1.0" type="VerwahrortOrt_note" anchored="true"/>
            <tei:note xmlns:tei="http://www.tei-c.org/ns/1.0" type="InvNr_note" anchored="true"/>
            <tei:note xmlns:tei="http://www.tei-c.org/ns/1.0" type="Fundstelle_note" anchored="true"/>
            <tei:note xmlns:tei="http://www.tei-c.org/ns/1.0" type="Fundumst_note" anchored="true"/>
            <tei:note xmlns:tei="http://www.tei-c.org/ns/1.0" type="Fundjahr_note" anchored="true"/>
            <tei:note xmlns:tei="http://www.tei-c.org/ns/1.0" type="FOantik_note" anchored="true"/>
            <tei:note xmlns:tei="http://www.tei-c.org/ns/1.0" type="FOmodern_note" anchored="true"/>
            <tei:note xmlns:tei="http://www.tei-c.org/ns/1.0" type="civitas_note" anchored="true"/>
            <tei:note xmlns:tei="http://www.tei-c.org/ns/1.0" type="Autopsie_note" anchored="true"/>
            <tei:note xmlns:tei="http://www.tei-c.org/ns/1.0" type="Appcrit_note" anchored="true"/>
            <tei:note xmlns:tei="http://www.tei-c.org/ns/1.0" type="Abb_note" anchored="true"/>
            <tei:note xmlns:tei="http://www.tei-c.org/ns/1.0" type="englUEbers_note" anchored="true"/>
            <tei:note xmlns:tei="http://www.tei-c.org/ns/1.0" type="dtUEbers_note" anchored="true"/>
            <tei:note xmlns:tei="http://www.tei-c.org/ns/1.0" type="Editionen_note" anchored="true"/>
            <tei:note xmlns:tei="http://www.tei-c.org/ns/1.0" type="ErhzustObj_note" anchored="true"/>
            <tei:note xmlns:tei="http://www.tei-c.org/ns/1.0" type="Masse_note" anchored="true"/>
            <tei:note xmlns:tei="http://www.tei-c.org/ns/1.0" type="Ikonogr_note" anchored="true"/>
            <tei:note xmlns:tei="http://www.tei-c.org/ns/1.0" type="Inschrtext_note" anchored="true"/>
            <tei:note xmlns:tei="http://www.tei-c.org/ns/1.0" type="ErhzustInschr_note" anchored="true"/>
            <tei:note xmlns:tei="http://www.tei-c.org/ns/1.0" type="Schrifttechnik_note" anchored="true"/>
            <tei:note xmlns:tei="http://www.tei-c.org/ns/1.0" type="Buchsthoehe_note" anchored="true"/>
            <tei:note xmlns:tei="http://www.tei-c.org/ns/1.0" type="Notvar_note" anchored="true"/>
            <tei:note xmlns:tei="http://www.tei-c.org/ns/1.0" type="SonstKomm_note" anchored="true"/>
            <tei:note xmlns:tei="http://www.tei-c.org/ns/1.0" type="Datierung_note" anchored="true"/>
            <tei:note xmlns:tei="http://www.tei-c.org/ns/1.0" type="KommGoettern_note" anchored="true">
                <p part="N">Für die Alte Version (25.04.23) siehe CF-GeI-286<br/>
                </p>
            </tei:note>
        </back>
    </text>
</TEI>