<?xml-model href="https://gams.uni-graz.at/context:fercan/SCHEMA_EPIDOC_9.1" type="application/xml" schematypens="http://relaxng.org/ns/structure/1.0"?><TEI xmlns="http://www.tei-c.org/ns/1.0" xmlns:xsi="http://www.w3.org/2001/XMLSchema-instance" xml:id="inferior35">
  <teiHeader>
    <fileDesc>
      <titleStmt>
        <title type="full">
                    <title type="main">Mars Cicollus</title>
                    <title type="sub">CF-GeI-35</title>
                </title>
        <respStmt>
          <resp>Inschriftenedition</resp>
          <persName instant="false" full="yes">
                        <forename full="yes">Werner</forename>
                        <surname full="yes">Petermandl</surname>
                    </persName>
        </respStmt>
        <respStmt>
          <resp>Archäologische Beschreibung und geografische Daten</resp>
          <persName instant="false" full="yes">
                        <forename full="yes">Astrid</forename>
                        <surname full="yes">Schmölzer</surname>
                    </persName>
        </respStmt>
        <funder ref="https://www.fwf.ac.at">Austrian Science Fund (FWF): P 29274-G25</funder>
      </titleStmt>
      <publicationStmt>
        <publisher>
                    <link target="https://antike.uni-graz.at"/>
                    <orgName ref="https://d-nb.info/gnd/1213531357" instant="false" full="yes">Institut für Antike, Fachbereich Alte Geschichte
            und Epigraphik, Karl-Franzens-Universität Graz</orgName>
                </publisher>
        <authority>
                    <link target="https://informationsmodellierung.uni-graz.at"/>
                    <orgName ref="http://d-nb.info/gnd/1137284463" instant="false" full="yes">Zentrum für Informationsmodellierung - Austrian
            Centre for Digital Humanities, Karl-Franzens-Universität Graz</orgName>
                </authority>
        <distributor>
                    <link target="https://gams.uni-graz.at"/>
                    <orgName instant="false" full="yes">GAMS -
            Geisteswissenschaftliches Asset Management System</orgName>
                </distributor>
        <date when="2022" instant="false">2022</date>
        <pubPlace>Graz</pubPlace>
        <idno type="PID">o:fercan.35</idno>
        <availability default="false">
          <licence target="https://creativecommons.org/licenses/by-nc/4.0">Creative Commons BY-NC
            4.0</licence>
        </availability>
      </publicationStmt>
      <seriesStmt>
        <title ref="https://gams.uni-graz.at/fercan">FERCAN: Fontes Epigraphici Religionum
          Celticarum Antiquarum</title>
        <respStmt>
          <resp>Projektleitung</resp>
          <persName instant="false" full="yes">
                        <forename full="yes">Wolfgang</forename>
                        <surname full="yes">Spickermann</surname>
                    </persName>
        </respStmt>
      </seriesStmt>
      <sourceDesc default="false">
        <msDesc status="draft">
          <msIdentifier>
            <settlement>Bonn</settlement>
            <repository>Rheinisches Landesmuseum</repository>
            <idno>X 18775</idno>
          </msIdentifier>
          <msContents>
            <summary>Weihinschrift</summary>
          </msContents>
          <physDesc>
            <objectDesc>
              <supportDesc>
                <support>
                                    <p part="N">Der Weihealtar ist schwer beschädigt und unvollständig erhalten
                    geblieben. Die Fragmente wurden modern zusammengefügt. Der Aufsatz wird durch
                    ein profiliertes Gesims vom breiten Altarkörper getrennt. Genaueres zum Aufsatz
                    ist nicht zu sagen, teilweise sieht es so aus, als würde sich eine Opferschale
                    (Patera) oder ein Kranz oben auf dem Altar befinden. Links und rechts gehen zwei
                    rundliche Erhöhungen nach oben, doch ihre genaue Gestalt kann nicht
                    rekonstruiert werden.<lb/>Das Inschriftenfeld ist nicht gerahmt. Anhand der
                    Überreste der Baumdarstellungen an den Seiten, die jeweils die Krone zeigen,
                    dürfte ungefähr die Hälfte des ursprünglichen Steins fehlen. Die rechte Ecke der
                    Vorderansicht ist mit Zement ergänzt. Die Standfläche sowie ein erheblicher Teil
                    der rechten Seite bzw. des rechten Fragments ist durch eine Zementauffüllung
                    ersetzt. Der Stein ist an allen Kanten bestoßen.</p>
                                    <material>
                                        <ref type="context" target="context:fercan.material.sandstein" ana="https://gams.uni-graz.at/o:fercan.arch#C.120220">Sandstein</ref>
                                    </material>
                                    <objectType>Weihealtar</objectType>
                                    <dimensions>
                    <height unit="cm">81,0</height>
                    <width unit="cm">63,0</width>
                    <depth unit="cm"/>
                  </dimensions>
                                </support>
                <condition>
                                    <ref type="context" target="context:fercan.condition-o.groeszere_fehlstelle_n" ana="https://gams.uni-graz.at/o:fercan.arch#C.130600">größere
                  Fehlstelle/n</ref>
                                </condition>
              </supportDesc>
              <layoutDesc>
                <layout>
                                    <p part="N">Der Text auf dem in mehrere Teile zerbrochenen Inschriftenfeld ist bis
                    auf fehlende Stellen links und unten erhalten. In den Zeilen 3 und 4 findet sich
                    eine Rasur des Namens Neros. Die erste und zweite Zeile weisen deutlich größere
                    Buchstaben auf. Die untersten beiden Zeilen sind in vom restlichen Text
                    abweichender aktuariaartiger Schrift gehalten.<lb/>Ligatur: s. Majuskeltext.
                    Besondere Zeichen: Z.1: Ligatur von T und I mit verlängerter senkrechter Haste
                    (H: 8,5 cm)</p>
                                    <tei:note xmlns:tei="http://www.tei-c.org/ns/1.0" type="condition" anchored="true">weitgehend vollständig</tei:note>
                                </layout>
              </layoutDesc>
            </objectDesc>
            <handDesc>
              <handNote>
                                <desc type="execution">gemeißelt</desc>
                                <height unit="cm" atLeast="4.0" atMost="7.4">4,0–7,4 cm</height>
                            </handNote>
            </handDesc>
            <decoDesc>
              <decoNote>
                                <p part="N">Die Rückseite zeigt die Überreste eines Ehrenkranzes, der oben zentral
                  eine sechsblättrige Blütenrosette trägt. Es dürfte sich um eine ‚corona civica‘
                  handeln. Die Seitansichten zeigen belaubte Bäume mit runden Früchten zwischen den
                  Blättern. Die untere Hälfte fehlt. Die Blätter laufen eng aneinander liegend mit
                  den Spitzen hinter der Blüte zusammen. Vermutlich handelt es sich um
                  Lorbeerblätter. <lb/> Auf der linken Seite ist die Krone eines Baumes mit
                  länglichen Blättern und runden Früchten (vermutlich Lorbeer) erhalten geblieben.
                  Mit der Ergänzung des Baumstamms kann davon ausgegangen werden, dass ca. die
                  Hälfte des Steins erhalten geblieben ist. <lb/> Die rechte Seite wird vom gleichen
                  Baummotiv geziert, allerdings ist hier nur mehr der obere Abschnitt der Krone
                  erhalten geblieben. Blätter und Früchte sind in derselben Art und ebenso
                  qualitätsvoll gestaltet. <lb/> Das rundumlaufende Gesims wird von einem Pulvinus
                  gekrönt, d.h. vermutlich bestand der Aufsatz aus zwei Pulvini. Seitlich waren
                  diese mit blatt- bzw. schuppenförmigem Reliefdekor verziert.</p>
                                <term ana="https://gams.uni-graz.at/o:fercan.arch#C.150800">
                                    <ref type="context" target="context:fercan.arch.aufsatzschmuck">Aufsatzschmuck</ref>
                                </term>
                                <term ana="https://gams.uni-graz.at/o:fercan.arch#C.253200">
                                    <ref type="context" target="context:fercan.arch.baum">Baum</ref>
                                </term>
                                <term ana="https://gams.uni-graz.at/o:fercan.arch#C.160200">
                                    <ref type="context" target="context:fercan.arch.blattdekor">Blattdekor</ref>
                                </term>
                                <term>
                                    <ref type="context" target="context:fercan.arch.bluete">Blüte</ref>
                                </term>
                                <term ana="https://gams.uni-graz.at/o:fercan.arch#C.253510">
                                    <ref type="context" target="context:fercan.arch.ehrenkranz">Ehrenkranz</ref>
                                </term>
                                <term ana="https://gams.uni-graz.at/o:fercan.arch#C.130300">
                                    <ref type="context" target="context:fercan.arch.fragment">Fragment</ref>
                                </term>
                                <term ana="https://gams.uni-graz.at/o:fercan.arch#C.253500">
                                    <ref type="context" target="context:fercan.arch.kranz">Kranz</ref>
                                </term>
                                <term ana="https://gams.uni-graz.at/o:fercan.arch#C.253210">
                                    <ref type="context" target="context:fercan.arch.laubbaum">Laubbaum</ref>
                                </term>
                                <term ana="https://gams.uni-graz.at/o:fercan.arch#C.160100">
                                    <ref type="context" target="context:fercan.arch.lineardekor">Lineardekor</ref>
                                </term>
                                <term ana="https://gams.uni-graz.at/o:fercan.arch#C.253211">
                                    <ref type="context" target="context:fercan.arch.lorbeer">Lorbeer</ref>
                                </term>
                                <term ana="https://gams.uni-graz.at/o:fercan.arch#C.151000 https://gams.uni-graz.at/o:fercan.arch#C.252810">
                                    <ref type="context" target="context:fercan.arch.opferschale">Opferschale</ref>
                                </term>
                                <term ana="https://gams.uni-graz.at/o:fercan.arch#C.160000">
                                    <ref type="context" target="context:fercan.arch.reliefdekor">Reliefdekor</ref>
                                </term>
                                <term ana="https://gams.uni-graz.at/o:fercan.arch#C.150400">
                                    <ref type="context" target="context:fercan.arch.reliefschmuck">Reliefschmuck</ref>
                                </term>
                            </decoNote>
            </decoDesc>
          </physDesc>
          <history>
            <origin instant="false">
                            <origPlace instant="false">
                                <placeName ref="https://pleiades.stoa.org/places/108896" instant="false" full="yes">CUT</placeName>
                                <region>CUT</region>
                            </origPlace>
                            <origDate notBefore="0055" notAfter="0068" instant="false">
                                <date>55–68</date>
                            </origDate>
                        </origin>
            <provenance type="found" when="1979">
                            <placeName instant="false" full="yes">
                                <ref type="context" target="context:fercan.geog.modern.xanten">Xanten</ref>
                            </placeName>
                            <tei:location xmlns:tei="http://www.tei-c.org/ns/1.0" instant="false">
                <geo decls="#WGS">51.657204 6.448585</geo>
              </tei:location>
                            <tei:note xmlns:tei="http://www.tei-c.org/ns/1.0" anchored="true">bei Ausgrabung zur Erschließung des Straßenverlaufs in der östlichen
                CUT in einer Sondage zum Vorschein gekommen; in mehrere Teile zerbrochen, wurde sie
                in einer Grube gelagert, eingetieft in eine Brandschicht des
                Bataveraufstandes.</tei:note>
                        </provenance>
            <provenance type="observed" subtype="autopsied">vidimus (CIL XIII Projekt)</provenance>
          </history>
        </msDesc>
        <listPlace default="false">
          <place instant="false"/>
        </listPlace>
        <listPerson default="false">
          <person instant="false">
            <persName type="sovereign" instant="false" full="yes">
                            <ref type="context" target="context:fercan.person.sovereign.nero">Nero</ref>
                        </persName>
          </person>
          <person instant="false">
            <persName type="divine" subtype="celtic_normalized" instant="false" full="yes">
                            <ref type="context" target="context:fercan.dcn.mars_cicollus">Mars Cicollus</ref>
                        </persName>
          </person>
          <person instant="false">
            <persName type="divine" subtype="celtic_diplomatic" instant="false" full="yes">
                            <ref type="context" target="context:fercan.dcd.mars_cicollus.marti_cicollui">Marti
              Cicollui</ref>
                        </persName>
          </person>
          <person instant="false">
            <persName type="divine" subtype="celtic_element" instant="false" full="yes">
                            <ref type="context" target="context:fercan.dce.cicollus">Cicollus</ref>
                        </persName>
          </person>
          <person instant="false">
            <persName instant="false" full="yes">
                            <roleName type="other" full="yes">
                                <ref type="context" target="context:fercan.person.other.cives_lingonum">cives
                Lingonum</ref>
                            </roleName>
                        </persName>
          </person>
        </listPerson>
        <listOrg default="false">
          <org instant="false"/>
          <org type="population_group" instant="false">
            <orgName instant="false" full="yes">
                            <ref type="context" target="context:fercan.org.population.cives_lingonum">cives
                Lingonum</ref>
                        </orgName>
          </org>
        </listOrg>
      </sourceDesc>
    </fileDesc>
    <encodingDesc>
      <geoDecl xml:id="WGS" datum="WGS84" default="false">World Geodetic System</geoDecl>
      <editorialDecl default="false">
        <p part="N">Digitale Repräsentation konform mit EpiDoc: http://epidoc.sourceforge.net</p>
        <p part="N">Majuskel und Minuskel ausgeführt nach Leidener Klammersystem, Majuskel bildet Inschrift
          originalgetreu ab, Minuskel enthält editorische Hinzufügungen</p>
      </editorialDecl>
      <projectDesc default="false">
        <p part="N">Die keltischen Götternamen in den Inschriften der römischen Provinz Germania Inferior.
          Eine Fallstudie zu Religion im Kontext von Kulturkontakt und Kulturtransfer (FWF – Projekt
          P 29274-G25 )</p>
        <p part="N">Das Forschungsprojekt beabsichtigt, sämtliche keltischen Götternamen, die sich in
          lateinischen Inschriften der römischen Provinz Germania Inferior erhaltenen haben,
          zusammenzustellen und auszuwerten. Die gewählte Quellengrundlage erscheint besonders
          geeignet Erscheinungsformen zu untersuchen, welche auf religiöser Ebene durch das
          Zusammentreffen von verschiedenen kulturellen Einflüssen entstanden sind. Diese sind hier
          einerseits definiert durch die Verwendung der keltischen Sprache, andererseits durch die
          lateinische Sprache und durch Formen aus dem Inneren des Imperium Romanum, die man mit dem
          Etikett „römisch“ versehen kann. Das Interesse gilt dabei nicht nur religiösen, sondern
          auch damit verbundenen gesellschaftlichen Aspekten und den entsprechenden Mentalitäten.
          Doch soll damit auch zu einem verbesserten Gesamtbild der Provinzialreligion in
          Niedergermanien beigetragen werden.<lb/> Die Abschlusspublikation wird ergänzt um einen
          ausführlichen sprachwissenschaftlichen Kommentar (von Patrizia de Bernardo Stempel) in der
          Reihe ‚Corpus - F.E.R.C.AN. (Fontes epigraphici religionum Celticarum antiquarum)‘
          erscheinen. </p>
      </projectDesc>
    </encodingDesc>
    <profileDesc>
      <langUsage default="false">
        <language ident="la">Latein</language>
      </langUsage>
      <textClass default="false">
        <keywords>
          <list>
            <item>
                            <ref type="context" target="context:fercan.dedication.pro_salute_imperatoris">pro
                salute Imperatoris</ref>
                        </item>
            <item>
                            <ref type="context" target="context:fercan.dedication.sacrum">sacrum</ref>
                        </item>
            <item/> <!-- Belegform gesamt  --> <item> <ref target="context:fercan.divinepart." type="context"> </ref> </item></list></keywords>
      </textClass>
    </profileDesc>
    <revisionDesc status="draft">
      <change when="2019" n="1" corresp="https://gams.uni-graz.at/o:fercan.35/TEI_SOURCE.2020-02-26" status="draft">Initial Version</change>
      <change when="2020" n="2" corresp="https://gams.uni-graz.at/o:fercan.35/TEI_SOURCE.2022-03-07" status="draft">Version 2</change>
      <change when="2022" n="3" status="draft">Version 3</change>
    </revisionDesc>
  </teiHeader>
  <facsimile>
    <graphic mimeType="image/jpeg" xml:id="IMAGE.1" url="file:///0035_Front.jpg">
      <desc>, Rechte vorbehalten</desc>
    </graphic>
    <graphic mimeType="image/jpeg" xml:id="IMAGE.2" url="file:///0035_hinten.jpg">
      <desc>Rückseite, CIL XIII Projekt, CC BY-NC</desc>
    </graphic>
    <graphic mimeType="image/jpeg" xml:id="IMAGE.3" url="file:///0035_li.jpg">
      <desc>links, CIL XIII Projekt, CC BY-NC</desc>
    </graphic>
    <graphic mimeType="image/jpeg" xml:id="IMAGE.4" url="file:///0035_re.jpg">
      <desc>rechts, CIL XIII Projekt, CC BY-NC</desc>
    </graphic>
  </facsimile>
  <text>
    <body>
      <ab part="N">
                <ref target="context:fercan" type="context">FERCAN</ref>
            </ab>
      <div subtype="editions" type="bibliography" org="uniform" part="N" sample="complete">
        <listBibl default="false">
          <bibl xml:id="LIT.1" default="false" status="draft">Rüger 1981 ZPE, 332</bibl>
          <bibl xml:id="LIT.2" default="false" status="draft">AE 1981, 690</bibl>
          <bibl xml:id="LIT.3" default="false" status="draft">Rüger 1983 Inschriftenfunde, Nr.44</bibl>
          <bibl xml:id="LIT.4" default="false" status="draft">Bogaers 1984, 34</bibl>
          <bibl xml:id="LIT.5" default="false" status="draft">Lenz 2003, 384</bibl>
        
            <bibl xml:id="6" default="false" status="draft">Scheungraber 2020, 231 Nr.1</bibl>
        </listBibl>
      </div>
      <div subtype="concordances" type="bibliography" org="uniform" part="N" sample="complete">
        <listBibl>
                    <bibl type="EDCS">
                        <idno>EDCS-09001553</idno>
                        <date>zuletzt aufgerufen am 24. Februar 2020</date>
                    </bibl>
                    <bibl type="EDH">
                        <idno>HD001275</idno>
                        <date>Version vom 17. Januar 2014</date>
                    </bibl>
                    <bibl type="trismegistos">
                        <idno>www.trismegistos.org/text/208730</idno>
                        <date>zuletzt aufgerufen am 29.
              Juni 2021</date>
                    </bibl>
                </listBibl>
      </div>
      <div type="edition" subtype="diplomatic" xml:id="majuscule" xml:lang="la" xml:space="preserve" org="uniform" part="N" sample="complete"><ab part="N"><orig><lb n="1"/>MAR<hi rend="ligature">TI</hi> · CICOL <lb n="2"/> 
LVI · SACRVM <lb n="3"/> 
PRO SALVTE <del rend="erasure" instant="false" status="unremarkable"><gap reason="lost" extent="unknown" unit="character" instant="false"/></del> <lb n="4"/>
<del rend="erasure" instant="false" status="unremarkable"><gap reason="lost" extent="unknown" unit="character" instant="false"/></del> AV<gap reason="lost" extent="unknown" unit="character" instant="false"/> <lb n="5"/> 
GERMAN<gap reason="lost" quantity="1" unit="character" instant="false"/>CI · I<gap reason="lost" extent="unknown" unit="character" instant="false"/> <lb n="6"/> 
P * <gap reason="lost" extent="unknown" unit="character" instant="false"/>  <lb n="7"/>
CIVES · LINGONVM QVI · CI<unclear instant="false">B</unclear><gap reason="lost" extent="unknown" unit="character" instant="false"/> <lb n="8"/> 
CONSIS<unclear instant="false">TV</unclear><gap reason="lost" extent="unknown" unit="character" instant="false"/></orig></ab></div>
      <div type="edition" xml:lang="la" xml:id="minuscule" subtype="normalised" xml:space="preserve" org="uniform" part="N" sample="complete"><ab part="N"><lb n="1"/>Marti Cicol<lb n="2" break="no"/>lui sacrum<lb n="3"/>pro salute <del rend="erasure" instant="false" status="unremarkable">Ne</del><lb n="4" break="no"/><del rend="erasure" instant="false" status="unremarkable">ronis <expan instant="false"><abbr>Caes</abbr><ex instant="false">aris</ex></expan></del> Au<supplied reason="lost" instant="false"><expan instant="false"><abbr>g</abbr><ex instant="false">usti</ex></expan></supplied><lb n="5"/>German<supplied reason="lost" instant="false">i</supplied>ci i<supplied reason="lost" instant="false"><expan instant="false"><abbr>mp</abbr><ex instant="false">eratoris</ex></expan></supplied><lb n="6"/><expan instant="false"><abbr>p</abbr><ex instant="false">atris</ex></expan> <supplied reason="lost" instant="false"><expan instant="false"><abbr>p</abbr><ex instant="false">atriae</ex></expan></supplied><lb n="7"/>cives Lingonum qui Cib<gap reason="lost" extent="unknown" unit="character" instant="false"/><lb n="8"/>consistu<supplied reason="lost" instant="false">nt </supplied><gap reason="lost" extent="unknown" unit="character" instant="false"/></ab></div>
      <div type="translation" xml:lang="de" org="uniform" part="N" sample="complete">
        <p part="N">Dem <rs type="divine">Mars Cicollus</rs> geheiligt! <lb/> Für das Heil von Nero Caesar
          Augustus Germanicus Imperator, dem Vater des Vaterlandes. Die Angehörigen der civitas der
          Lingonen, die Cib… bewohnen.</p>
      </div>
      <div type="translation" xml:lang="en" org="uniform" part="N" sample="complete">
        <p part="N">Sacred to <rs type="divine">Mars Cicollus!</rs>. <lb/> For the welfare of Nero Caesar
          Augustus Germanicus imperator, father of the fatherland. Those citizens among the
          Lingonians, who live in Cib… . </p>
      </div>
      <div type="apparatus" org="uniform" part="N" sample="complete">
        <app loc="#MIN.1 #MAJ.1">
          <tei:note xmlns:tei="http://www.tei-c.org/ns/1.0" anchored="true">ohne Ligatur – EDH</tei:note>
        </app>
        <app loc="#MIN.4 #MAJ.4">
          <tei:note xmlns:tei="http://www.tei-c.org/ns/1.0" anchored="true">[ronis ---] Au[g(usti)] – Rüger 1983 Inschriftenfunde</tei:note>
        </app>
        <app loc="#MIN.5 #MAJ.5">
          <tei:note xmlns:tei="http://www.tei-c.org/ns/1.0" anchored="true">im[p(eratoris)] – Bogaers</tei:note>
        </app>
        <app loc="#MIN.7 #MAJ.7">
          <tei:note xmlns:tei="http://www.tei-c.org/ns/1.0" anchored="true">Ci[---] – AE 1981, Rüger 1983 Inschriftenfunde; am Ende der Zeile CIP-, CIR-, CIB-, GIP-, GIR oder GIB möglich – Rüger 1981 ZPE; letzter Buchstabe B, P oder R davor I und davor C oder G, Cib[ernoduri?] – Bogaers, EDH; ci[rcum Vetera] – Lenz; Cib[ernoduro(?)] – Scheungraber</tei:note>
        </app>
        <app loc="#MIN.8 #MAJ.8">
          <tei:note xmlns:tei="http://www.tei-c.org/ns/1.0" anchored="true">consistun[t] – Rüger 1981 ZPE, AE 1981, Rüger 1983 Inschriftenfunde, EDH; consistun[t – Scheungraber</tei:note>
        </app>
      </div>
      <div type="commentary" subtype="general" org="uniform" part="N" sample="complete">
        <p part="N">Nero Caesar Augustus Germanicus Imperator: Kaiser Nero; die Ausmeißelung seines
          individuellen Namensbestandteils muss anlässlich der über Nero verhängten damnatio
          memoriae erfolgt sein. Den Titel Pater Patriae hat Nero Ende 55/Anfang 56 angenommen
          (Kienast 1990, 969). </p>
        <p part="N"> cives Lingonum: Die civitas Lingonum mit dem Hauptort Andematunnum/Langres befindet sich
          in der Provinz Germania Superior. </p>
        <p part="N"> Cib[---]: Hierbei muss es sich um eine Ortsangebe handeln. Die Ergänzung des Ortsnamens
          auf Cibernodurum wurde von Bogaers (1984) vorgeschlagen, der ihn von den dort siedelnden
          Cugernern ableitet. Anders dagegen Lenz (2003, 384), der an „ci[rcum Vetera]“ denkt. </p>
        <p part="N"> Ein vergleichbarer und offenbar aus der gleichen Werkstatt stammender Altar von Remern
          zum Heile Neros hat sich in Rindern gefunden (= CF-GeI-0034); Rüger (1981, 333) vermutet
          wohl zu Recht, dass dieser Altar ursprünglich ebenfalls in Xanten aufgestellt war.</p>
      </div>
      <div type="commentary" subtype="deity" org="uniform" part="N" sample="complete">        <p part="N">
          <rs type="divine">Cicollus:</rs> keltisch: ‚Fleischiger [Gott]’ bzw. ‚Muskulöser [Gott]’ (de Bernardo Stempel Corpus F.E.R.C.A.N. II/1 121f).<br/>
                </p>
        <p part="N"> Vorkommen in theonymischen Formularen: </p>
        <p part="N">
          <rs type="divine">Mars Cicollus</rs>: <lb/> - Germania Inferior: nur in dieser Inschrift
          bezeugt <lb/> - außerhalb der Germania Inferior: Weihungen sind aus den Provinzen Germania
          Superior, Belgica und Lugdunensis bekannt. </p>
      </div>
      <linkGrp type="alignment" domains="#majuscule #minuscule">
        <link target="#MAJ.1 #MIN.1"/>
        <link target="#MAJ.2 #MIN.2"/>
        <link target="#MAJ.3 #MIN.3"/>
        <link target="#MAJ.4 #MIN.4"/>
        <link target="#MAJ.5 #MIN.5"/>
        <link target="#MAJ.6 #MIN.6"/>
        <link target="#MAJ.7 #MIN.7"/>
        <link target="#MAJ.8 #MIN.8"/>
      </linkGrp>
    </body>
        <back>
            <tei:note xmlns:tei="http://www.tei-c.org/ns/1.0" type="Objbeschr_note" anchored="true"/>
            <tei:note xmlns:tei="http://www.tei-c.org/ns/1.0" type="ArchKlass_note" anchored="true"/>
            <tei:note xmlns:tei="http://www.tei-c.org/ns/1.0" type="Material_note" anchored="true"/>
            <tei:note xmlns:tei="http://www.tei-c.org/ns/1.0" type="Inschrifttraeger_note" anchored="true"/>
            <tei:note xmlns:tei="http://www.tei-c.org/ns/1.0" type="VerwahrortOrt_note" anchored="true"/>
            <tei:note xmlns:tei="http://www.tei-c.org/ns/1.0" type="InvNr_note" anchored="true"/>
            <tei:note xmlns:tei="http://www.tei-c.org/ns/1.0" type="Fundstelle_note" anchored="true"/>
            <tei:note xmlns:tei="http://www.tei-c.org/ns/1.0" type="Fundumst_note" anchored="true"/>
            <tei:note xmlns:tei="http://www.tei-c.org/ns/1.0" type="Fundjahr_note" anchored="true"/>
            <tei:note xmlns:tei="http://www.tei-c.org/ns/1.0" type="FOantik_note" anchored="true"/>
            <tei:note xmlns:tei="http://www.tei-c.org/ns/1.0" type="FOmodern_note" anchored="true"/>
            <tei:note xmlns:tei="http://www.tei-c.org/ns/1.0" type="civitas_note" anchored="true"/>
            <tei:note xmlns:tei="http://www.tei-c.org/ns/1.0" type="Autopsie_note" anchored="true"/>
            <tei:note xmlns:tei="http://www.tei-c.org/ns/1.0" type="Appcrit_note" anchored="true"/>
            <tei:note xmlns:tei="http://www.tei-c.org/ns/1.0" type="Abb_note" anchored="true"/>
            <tei:note xmlns:tei="http://www.tei-c.org/ns/1.0" type="englUEbers_note" anchored="true"/>
            <tei:note xmlns:tei="http://www.tei-c.org/ns/1.0" type="dtUEbers_note" anchored="true"/>
            <tei:note xmlns:tei="http://www.tei-c.org/ns/1.0" type="Editionen_note" anchored="true"/>
            <tei:note xmlns:tei="http://www.tei-c.org/ns/1.0" type="ErhzustObj_note" anchored="true"/>
            <tei:note xmlns:tei="http://www.tei-c.org/ns/1.0" type="Masse_note" anchored="true"/>
            <tei:note xmlns:tei="http://www.tei-c.org/ns/1.0" type="Ikonogr_note" anchored="true"/>
            <tei:note xmlns:tei="http://www.tei-c.org/ns/1.0" type="Inschrtext_note" anchored="true"/>
            <tei:note xmlns:tei="http://www.tei-c.org/ns/1.0" type="ErhzustInschr_note" anchored="true"/>
            <tei:note xmlns:tei="http://www.tei-c.org/ns/1.0" type="Schrifttechnik_note" anchored="true"/>
            <tei:note xmlns:tei="http://www.tei-c.org/ns/1.0" type="Buchsthoehe_note" anchored="true"/>
            <tei:note xmlns:tei="http://www.tei-c.org/ns/1.0" type="Notvar_note" anchored="true"/>
            <tei:note xmlns:tei="http://www.tei-c.org/ns/1.0" type="SonstKomm_note" anchored="true"/>
            <tei:note xmlns:tei="http://www.tei-c.org/ns/1.0" type="Datierung_note" anchored="true"/>
            <tei:note xmlns:tei="http://www.tei-c.org/ns/1.0" type="KommGoettern_note" anchored="true">
                <p part="N">Alte Version (14.0423):</p>
                <p part="N">Cicollus: keltisch, Funktionsbeiname ‚Ganz-Fleisch‘ im Sinne von
          ‚muskelstark‘ (de Bernardo Stempel in Spickermann 2005, 139); nach de Bernardo Stempel
          verweist der belegte echtgallische Dativ „Cicollui“ auf einen Nominativ Cicollos (ebd.) </p>
            </tei:note>
        </back>
  </text>
</TEI>