<?xml-model href="https://gams.uni-graz.at/context:fercan/SCHEMA_EPIDOC_9.1" type="application/xml" schematypens="http://relaxng.org/ns/structure/1.0"?><TEI xmlns="http://www.tei-c.org/ns/1.0" xmlns:xsi="http://www.w3.org/2001/XMLSchema-instance" xml:id="inferior16">
    <teiHeader>
        <fileDesc>
            <titleStmt>
                <title type="full">
                    <title type="main">Gesachenae</title>
                    <title type="sub">CF-GeI-16</title>
                </title>
                <respStmt>
                    <resp>Inschriftenedition</resp>
                    <persName instant="false" full="yes">
                        <forename full="yes">Werner</forename>
                        <surname full="yes">Petermandl</surname>
                    </persName>
                </respStmt>
                <respStmt>
                    <resp>Archäologische Beschreibung und geografische Daten</resp>
                    <persName instant="false" full="yes">
                        <forename full="yes">Astrid</forename>
                        <surname full="yes">Schmölzer</surname>
                    </persName>
                </respStmt>
                <funder ref="https://www.fwf.ac.at">Austrian Science Fund (FWF): P
                  29274-G25</funder>
            </titleStmt>
            <publicationStmt>
                <publisher>
                    <link target="https://antike.uni-graz.at"/>
                    <orgName ref="https://d-nb.info/gnd/1213531357" instant="false" full="yes">Institut für Antike, Fachbereich
                    Alte Geschichte und Epigraphik, Karl-Franzens-Universität Graz</orgName>
                </publisher>
                <authority>
                    <link target="https://informationsmodellierung.uni-graz.at"/>
                    <orgName ref="http://d-nb.info/gnd/1137284463" instant="false" full="yes">Zentrum für
                    Informationsmodellierung - Austrian Centre for Digital Humanities,
                    Karl-Franzens-Universität Graz</orgName>
                </authority>
                <distributor>
                    <link target="https://gams.uni-graz.at"/>
                    <orgName instant="false" full="yes">GAMS - Geisteswissenschaftliches Asset Management System</orgName>
                </distributor>
                <date when="2022" instant="false">2022</date>
                <pubPlace>Graz</pubPlace>
                <idno type="PID">o:fercan.16</idno>
                <availability default="false">
                    <licence target="https://creativecommons.org/licenses/by-nc/4.0">Creative Commons
                    BY-NC 4.0</licence>
                </availability>
            </publicationStmt>
            <seriesStmt>
                <title ref="https://gams.uni-graz.at/fercan">FERCAN: Fontes Epigraphici Religionum
                  Celticarum Antiquarum</title>
                <respStmt>
                    <resp>Projektleitung</resp>
                    <persName instant="false" full="yes">
                        <forename full="yes">Wolfgang</forename>
                        <surname full="yes">Spickermann</surname>
                    </persName>
                </respStmt>
            </seriesStmt>
            <sourceDesc default="false">
                <msDesc status="draft">
                    <msIdentifier>
                        <repository>ehemals Großherzogliches Antiquarium in Mannheim (Sammlung im 2. Weltkrieg zerstört)</repository>
                    </msIdentifier>
                    <msContents>
                        <summary>Weihinschrift</summary>
                    </msContents>
                    <physDesc>
                        <objectDesc>
                            <supportDesc>
                                <support>
                                    <p part="N">Aufgrund des Erhaltungszustandes ist keine Beschreibung von Form und Gestaltung möglich.</p>
                                    <material>
                                        <ref type="context" target="context:fercan.material.sandstein" ana="https://gams.uni-graz.at/o:fercan.arch#C.120220">Sandstein</ref>
                                    </material>
                                    <objectType>Weihestein</objectType>
                                    <dimensions>
                                        <height unit="cm">29,5</height>
                                        <width unit="cm">37,0</width>
                                        <depth unit="cm">19,5</depth>
                                    </dimensions>
                                </support>
                                <condition>
                                    <ref type="context" target="context:fercan.condition-o.groeszeres_fragment" ana="https://gams.uni-graz.at/o:fercan.arch#C.130310">größeres Fragment</ref>
                                </condition>
                            </supportDesc>
                            <layoutDesc>
                                <layout>
                                    <p part="N">Seit Aufnahme in ILS und CIL (damals war offenbar noch der gesamte Text komplett erhalten) ist das Stück zerfallen. Erhalten ist nur ein größeres Fragment der ZZ.3, 4, 5, 6. In Z.4 und 5 ist der linke Rand des Inschriftenfeldes erkennbar. Ein zweites, kleineres Fragment ([---]CES[---]), das zwischenzeitlich als dazugehörig erachtet wurde, stammt jedoch mit Sicherheit von einer neuzeitlichen Inschrift, auf dem Deckel des Sarkophags CIL XIII 8559 (freundliche Mitteilung von Herrn Jonas Osnabrügge, Epigraphische Datenbank Heidelberg).<lb/>Ligaturen: s. Majuskeltext. Besondere Zeichen: In Z.2 findet sich ein Zeichen für den velaren Reibelaut in Ligatur mit E; in Z.6 eine Ligatur von I und M mit erhöhter linker senkrechter Haste des M und Ligatur von I und P mit erhöhter senkrechter Haste des P.</p>
                                    <tei:note xmlns:tei="http://www.tei-c.org/ns/1.0" type="condition" anchored="true">größeres Fragment</tei:note>
                                </layout>
                            </layoutDesc>
                        </objectDesc>
                        <handDesc>
                            <handNote>
                                <desc type="execution">gemeißelt</desc>
                                <height unit="cm" atLeast="2.0" atMost="4.5">2,0–4,5 cm</height>
                            </handNote>
                        </handDesc>
                        <decoDesc>
                            <decoNote>
                                <p part="N">keine Beschreibung möglich</p>
                                <term ana="https://gams.uni-graz.at/o:fercan.arch#C.130300">
                                    <ref type="context" target="context:fercan.arch.fragment">Fragment</ref>
                                </term>
                            </decoNote>
                        </decoDesc>
                    </physDesc>
                    <history>
                        <origin instant="false">
                            <origPlace instant="false">
                                <region>CCAA</region>
                            </origPlace>
                            <origDate instant="false"/>
                        </origin>
                        <provenance type="found" when="1785">
                            <placeName instant="false" full="yes">
                                <ref type="context" target="context:fercan.geog.modern.roedingen">Rödingen</ref>
                            </placeName>
                            <p part="N">zwischen dem Pfarrdorf Rödingen und der Villa „in der Hölle“, auf einem sandigen Hügel</p>
                            <tei:location xmlns:tei="http://www.tei-c.org/ns/1.0" instant="false">
                                <geo decls="#WGS">50.955607 6.466480</geo>
                            </tei:location>
                            <tei:note xmlns:tei="http://www.tei-c.org/ns/1.0" anchored="true">gemeinsam mit mehreren anderen Inschriften (CIL XIII 7886–7893)</tei:note>
                        </provenance>
                        <provenance type="observed" subtype="autopsied">vidimus (CIL XIII Projekt)</provenance>
                    </history>
                </msDesc>
                <listPlace default="false">
                    <place instant="false"/>
                </listPlace>
                <listPerson default="false">
                    <person instant="false">
                        <persName type="gentilnomen" instant="false" full="yes">
                            <ref type="context" target="context:fercan.person.gentilnomen.bassiana">Bassiana</ref>
                        </persName>
                    </person>
                    <person instant="false">
                        <persName type="cognomen" instant="false" full="yes">
                            <ref type="context" target="context:fercan.person.cognomen.materna">Materna</ref>
                        </persName>
                    </person>
                    <person instant="false">
                        <persName type="cognomen" instant="false" full="yes">
                            <ref type="context" target="context:fercan.person.cognomen.paterna">Paterna</ref>
                        </persName>
                    </person>
                    <person instant="false">
                        <persName type="divine" subtype="celtic_normalized" instant="false" full="yes">
                            <ref type="context" target="context:fercan.dcn.gesachenae">Gesachenae</ref>
                        </persName>
                    </person>
                    <person instant="false">
                        <persName type="divine" subtype="celtic_diplomatic" instant="false" full="yes">
                            <ref type="context" target="context:fercan.dcd.gesachenae.gesachenis">Gesachenis</ref>
                        </persName>
                    </person>
                    <person instant="false">
                        <persName type="divine" subtype="celtic_element" instant="false" full="yes">
                            <ref type="context" target="context:fercan.dce.gesachenae">Gesachenae</ref>
                        </persName>
                    </person>
                    <person instant="false">
                        <persName type="divine" instant="false" full="yes">
                            <ref type="context" target="context:fercan.person.divine-o.etrahenae">Etrahenae</ref>
                        </persName>
                    </person>
                </listPerson>
                <listOrg default="false">
                    <org instant="false"/>
                </listOrg>
            </sourceDesc>
        </fileDesc>
        <encodingDesc>
            <geoDecl xml:id="WGS" datum="WGS84" default="false">World Geodetic System</geoDecl>
            <editorialDecl default="false">
                <p part="N">Digitale Repräsentation konform mit EpiDoc: http://epidoc.sourceforge.net</p>
                <p part="N">Majuskel und Minuskel ausgeführt nach Leidener Klammersystem, Majuskel bildet
                  Inschrift originalgetreu ab, Minuskel enthält editorische Hinzufügungen</p>
            </editorialDecl>
            <projectDesc default="false">
                <p part="N">Die keltischen Götternamen in den Inschriften der römischen Provinz Germania
                  Inferior. Eine Fallstudie zu Religion im Kontext von Kulturkontakt und
                  Kulturtransfer (FWF – Projekt P 29274-G25 )</p>
                <p part="N">Das Forschungsprojekt beabsichtigt, sämtliche keltischen Götternamen, die sich in
                  lateinischen Inschriften der römischen Provinz Germania Inferior erhaltenen haben,
                  zusammenzustellen und auszuwerten. Die gewählte Quellengrundlage erscheint
                  besonders geeignet Erscheinungsformen zu untersuchen, welche auf religiöser Ebene
                  durch das Zusammentreffen von verschiedenen kulturellen Einflüssen entstanden
                  sind. Diese sind hier einerseits definiert durch die Verwendung der keltischen
                  Sprache, andererseits durch die lateinische Sprache und durch Formen aus dem
                  Inneren des Imperium Romanum, die man mit dem Etikett „römisch“ versehen kann. Das
                  Interesse gilt dabei nicht nur religiösen, sondern auch damit verbundenen
                  gesellschaftlichen Aspekten und den entsprechenden Mentalitäten. Doch soll damit
                  auch zu einem verbesserten Gesamtbild der Provinzialreligion in Niedergermanien
                  beigetragen werden.<lb/> Die Abschlusspublikation wird ergänzt um einen
                  ausführlichen sprachwissenschaftlichen Kommentar (von Patrizia de Bernardo
                  Stempel) in der Reihe ‚Corpus - F.E.R.C.AN. (Fontes epigraphici religionum
                  Celticarum antiquarum)‘ erscheinen. </p>
            </projectDesc>
        </encodingDesc>
        <profileDesc>
            <langUsage default="false">
                <language ident="la">Latein</language>
            </langUsage>
            <textClass default="false">
                <keywords>
                    <list>
                        <item>
                            <ref type="context" target="context:fercan.dedication.ex_imperio_ipsarum">ex imperio ipsarum</ref>
                        </item>
                        <item>
                            <ref type="context" target="context:fercan.dedication.libentes_merito">libentes merito</ref>
                        </item>
                        <item>
                            <ref type="context" target="context:fercan.character.sonderzeichen_fuer_velaren_reibelaut">Sonderzeichen für velaren Reibelaut</ref>
                        </item>
                        <item/> <!-- Belegform gesamt  --> <item> <ref target="context:fercan.divinepart." type="context"> </ref> </item></list></keywords>
            </textClass>
        </profileDesc>
        <revisionDesc status="draft">
            <change when="2019" n="1" corresp="https://gams.uni-graz.at/o:fercan.16/TEI_SOURCE.2020-02-26" status="draft">Initial Version</change>
            <change when="2020" n="2" corresp="https://gams.uni-graz.at/o:fercan.16/TEI_SOURCE.2022-03-07" status="draft">Version 2</change>
            <change when="2022" n="3" status="draft">Version 3</change>
        </revisionDesc>
    </teiHeader>
    <facsimile>
        <graphic mimeType="image/jpeg" xml:id="IMAGE.1" url="file:///0016_Fgt2.jpg">
            <desc>Front, CIL XIII Projekt, CC BY-NC</desc>
        </graphic>
    </facsimile>
    <text>
        <body>
            <ab part="N">
                <ref target="context:fercan" type="context">FERCAN</ref>
            </ab>
            <div subtype="editions" type="bibliography" org="uniform" part="N" sample="complete">
                <listBibl default="false">
                    <bibl xml:id="2" default="false" status="draft">ILS 4803a</bibl>
                    <bibl xml:id="1" default="false" status="draft">CIL XIII 7890</bibl>
                    <bibl xml:id="LIT.3" default="false" status="draft">Alföldy 1967, 2 Nr.2</bibl>
                
            <bibl xml:id="LIT.4" default="false" status="draft">Scheungraber 2020, 302 Nr.4</bibl>
        
            <bibl xml:id="5" default="false" status="draft">Ferlut 2022, Nr.759</bibl>
        </listBibl>
            </div>
            <div subtype="concordances" type="bibliography" org="uniform" part="N" sample="complete">
                <listBibl>
                    <bibl type="EDCS">
                        <idno>EDCS-11100115</idno>
                        <date>zuletzt aufgerufen am 24. Februar 2020</date>
                    </bibl>
                    <bibl type="trismegistos">
                        <idno>www.trismegistos.org/text/414953</idno>
                        <date>zuletzt aufgerufen am 26. Juli 2021</date>
                    </bibl>
                </listBibl>
            </div>
            <div type="edition" subtype="diplomatic" xml:id="majuscule" xml:lang="la" xml:space="preserve" org="uniform" part="N" sample="complete"><ab part="N"><orig><lb n="1"/><supplied reason="undefined" evidence="previouseditor" instant="false">ETRA<unclear instant="false">H</unclear>ENIS</supplied> <lb n="2"/> 
<supplied reason="undefined" evidence="previouseditor" instant="false"><hi rend="ligature">ET</hi> · GESA<hi rend="ligature">˧E</hi>NIS</supplied>  <lb n="3"/> 
BASSIA<supplied reason="undefined" evidence="previouseditor" instant="false">NA MA</supplied><lb n="4"/> 
TERNA <hi rend="ligature">ET</hi> B<supplied reason="undefined" evidence="previouseditor" instant="false">ASS</supplied> <lb n="5"/> 
ANA PAE<unclear instant="false">R</unclear><supplied reason="undefined" evidence="previouseditor" instant="false">NA</supplied> <lb n="6"/> 
<supplied reason="undefined" evidence="previouseditor" instant="false">EX</supplied> <hi rend="ligature">IMP</hi> · <hi rend="ligature">IP</hi>S<supplied reason="undefined" evidence="previouseditor" instant="false"> · L · M</supplied></orig></ab></div>
            <div type="edition" xml:lang="la" xml:id="minuscule" subtype="normalised" xml:space="preserve" org="uniform" part="N" sample="complete"><ab part="N"><lb n="1"/>Etrahenis<lb n="2"/>et Gesachenis<lb n="3"/>Bassiana Ma<lb n="4" break="no"/>terna et Bass<supplied reason="lost" cert="low" instant="false">i</supplied><lb n="5" break="no"/>ana Pa<supplied reason="omitted" instant="false">t</supplied>erna<lb n="6"/>ex <expan instant="false"><abbr>imp</abbr><ex instant="false">erio</ex></expan> <expan instant="false"><abbr>ips</abbr><ex instant="false">arum</ex></expan> <expan instant="false"><abbr>l</abbr><ex instant="false">ibentes</ex></expan> <expan instant="false"><abbr>m</abbr><ex instant="false">erito</ex></expan></ab></div>
            <div type="translation" xml:lang="de" org="uniform" part="N" sample="complete">
                <p part="N">Für die  <rs type="divine">Etrahenae</rs> und die  <rs type="divine">Gesachenae!</rs> <lb/> 
Bassiana Materna und Bassiana Paterna auf deren Geheiß gerne und verdientermaßen.</p>
            </div>
            <div type="translation" xml:lang="en" org="uniform" part="N" sample="complete">
                <p part="N">To the  <rs type="divine">Etrahenae</rs> and the  <rs type="divine">Gesachenae!</rs> <lb/> 
Bassiana Materna and Bassiana Paterna willingly and deservedly in response to an order of the goddesses.</p>
            </div>
            <div type="apparatus" org="uniform" part="N" sample="complete">
                <app loc="#MIN.1 #MAJ.1">
                    <tei:note xmlns:tei="http://www.tei-c.org/ns/1.0" anchored="true">möglw. auch Etraienis – ILS; unterstrichene Buchstaben nicht mehr erhalten</tei:note>
                </app>
                <app loc="#MIN.2 #MAJ.2">
                    <tei:note xmlns:tei="http://www.tei-c.org/ns/1.0" anchored="true">Cesahenis – CIL, Scheungraber; Gesahenis – Ferlut; ohne Ligatur – Alföldy; unterstrichene Buchstaben nicht mehr erhalten</tei:note>
                </app>
                <app loc="#MIN.3 #MAJ.3">
                    <tei:note xmlns:tei="http://www.tei-c.org/ns/1.0" anchored="true">Bassian(i)a – Alföldy; unterstrichene Buchstaben nicht mehr erhalten</tei:note>
                </app>
                <app loc="#MIN.5 #MAJ.5">
                    <tei:note xmlns:tei="http://www.tei-c.org/ns/1.0" anchored="true">an(i)a – Alföldy; Paterna – ILS; Pa(t)erna – Alföldy; unterstrichene Buchstaben nicht mehr erhalten</tei:note>
                </app>
                <app loc="#MIN.6 #MAJ.6">
                    <tei:note xmlns:tei="http://www.tei-c.org/ns/1.0" anchored="true">i ligata in I^M^P nunc periit – CIL; ohne Ligaturen – Alföldy; unterstrichene Buchstaben nicht mehr erhalten</tei:note>
                </app>
            
            <app loc="4">
                    <tei:note xmlns:tei="http://www.tei-c.org/ns/1.0" anchored="true">Bass[i] (ohne Angabe des Zeilenwechsels) – ILS; ohne Ligatur, Bass(i) – Alföldy; unterstrichene Buchstaben nicht mehr erhalten;  Bass(i) – Ferlut; Bass – CIL, Scheungraber</tei:note>
                </app>
        </div>
            <div type="commentary" subtype="general" org="uniform" part="N" sample="complete">
                <p part="N">Bassiana Materna: weiblicher Name mit Gentilnomen und Cognomen <lb/>
Bassiana: weibliche Form von Bassianus: Gentilnomen, einheimische Bildung, abgeleitet vom lateinischen Cognomen Bass(ian)us, fast ausschließlich auf dem Gebiet der CCAA belegt (Kakoschke 2006, GN 197) <lb/>
Materna: lateinisches Cognomen, überall gängig (Kakoschke 2008, CN 1965) </p>
                <p part="N">

Bassiana Paterna: weiblicher Name mit Gentilnomen und Cognomen <lb/>
Bassiana: s.o. <lb/>
Paterna: lateinisches Cognomen, überall gängig, verstärkt im Großraum Gallien, in Norditalien und Hispanien (Kakoschke 2008, CN 2299) </p>
                <p part="N">

Nach Rüger (1972, 257) sind hier zwei Schwestern genannt. Materna weiht den Muttergottheiten der Mutter, die der Sippe der Etrates angehörte; Paterna weiht denen der Sippe des Vaters, eines Gesatio.</p>
            </div>
            <div type="commentary" subtype="language" org="uniform" part="N" sample="complete">
                <p part="N">v.5: „Paerna“ pro „Paterna“</p>
            </div>
            <div type="commentary" subtype="deity" org="uniform" part="N" sample="complete">                
<p part="N"> <rs type="divine">Gesachenae:</rs> <span lang="pt-PT">keltisch: ‚</span>Z<font face="Arial, serif">
                        <span lang="pt-PT">u
den Söldner(truppe)n Gehörende [Muttergöttinnen]’ (</span>
                    </font>
                    <span lang="pt-PT">de
Bernardo Stempel </span>
                    <span lang="pt-PT">Corpus
F.E.R.C.A.N. II/1 288-290</span>
                    <span lang="pt-PT">).</span>
                    <span lang="pt-PT"/> </p>
                                                <p part="N">So auch  <rs type="divine">Gesationum: </rs>
                    <span lang="pt-PT">keltisch: </span>
                    <span lang="pt-PT">‚</span>D<font face="Arial, serif">
                        <span lang="pt-PT">er</span>
                    </font>
                    <font face="Arial, serif">
                        <span lang="pt-PT">
Söldner bzw. vermutlich der Söldnertruppen’</span>
                    </font>
                    <span lang="pt-PT">
(</span>
                    <span lang="pt-PT">de Bernardo Stempel </span>
                    <span lang="pt-PT">Corpus F.E.R.C.A.N. II/1 286f</span>
                    <span lang="pt-PT">)</span>
                    <span lang="pt-PT"/>; anders Alföldy (1967, in BJB 167, 438), der eine germanische Sippe vermutet.</p>
                <p part="N">

Vorkommen in theonymischen Formularen: </p>
                <p part="N">
 <rs type="divine">Gesachenae</rs>:   <lb/>
- Germania Inferior: insgesamt 3x belegt (CF-GeI-16, CF-GeI-53 und CF-GeI-54), wobei sich jedoch in CF-GeI-53 das in der Inschrift weiter vorne genannte  <rs type="divine">Matronae</rs> möglicherweise auch auf die  <rs type="divine">Gesachenae</rs> bezieht <lb/> 
- außerhalb der Germania Inferior: - </p>
                <p part="N">
 <rs type="divine">Matronae Gesachenae</rs>:   <lb/>
- Germania Inferior: 2x belegt (CF-GeI-52 und CF-GeI-55) <lb/> 
- außerhalb der Germania Inferior: - </p>
                <p part="N">
 <rs type="divine">Matronae Gesationum</rs>:  <lb/>
- Germania Inferior: nur in CF-GeI-56 bezeugt <lb/> 
- außerhalb der Germania Inferior: - </p>
                <p part="N">

*** </p>
                <p part="N">

Nicht keltische Götternamen: </p>
                <p part="N">

 <rs type="divine">Etrahenae:</rs>  <lb/>
germanisch, attributiver Zugehörigkeitsbeiname der göttlichen Mütter (de Bernardo Stempel <span lang="pt-PT"/>
                    <span lang="pt-PT">Corpus
F.E.R.C.A.N. II/1 300f</span>) </p>
                <p part="N">

*** </p>
                <p part="N">

Die gemeinsame Nennung von  <rs type="divine">Gesahenae</rs> und  <rs type="divine">Etrahenae</rs> in dieser Inschrift findet eine Parallele in CF-GeI-53, wo allerdings von  <rs type="divine">Matronae Etrahenae</rs> die Rede ist.</p>
            </div>
            <linkGrp type="alignment" domains="#majuscule #minuscule">
                <link target="#MAJ.1 #MIN.1"/>
                <link target="#MAJ.2 #MIN.2"/>
                <link target="#MAJ.3 #MIN.3"/>
                <link target="#MAJ.4 #MIN.4"/>
                <link target="#MAJ.5 #MIN.5"/>
                <link target="#MAJ.6 #MIN.6"/>
            </linkGrp>
        </body>
        <back>
            <tei:note xmlns:tei="http://www.tei-c.org/ns/1.0" type="Objbeschr_note" anchored="true"/>
            <tei:note xmlns:tei="http://www.tei-c.org/ns/1.0" type="ArchKlass_note" anchored="true"/>
            <tei:note xmlns:tei="http://www.tei-c.org/ns/1.0" type="Material_note" anchored="true"/>
            <tei:note xmlns:tei="http://www.tei-c.org/ns/1.0" type="Inschrifttraeger_note" anchored="true"/>
            <tei:note xmlns:tei="http://www.tei-c.org/ns/1.0" type="VerwahrortOrt_note" anchored="true"/>
            <tei:note xmlns:tei="http://www.tei-c.org/ns/1.0" type="InvNr_note" anchored="true"/>
            <tei:note xmlns:tei="http://www.tei-c.org/ns/1.0" type="Fundstelle_note" anchored="true"/>
            <tei:note xmlns:tei="http://www.tei-c.org/ns/1.0" type="Fundumst_note" anchored="true"/>
            <tei:note xmlns:tei="http://www.tei-c.org/ns/1.0" type="Fundjahr_note" anchored="true"/>
            <tei:note xmlns:tei="http://www.tei-c.org/ns/1.0" type="FOantik_note" anchored="true"/>
            <tei:note xmlns:tei="http://www.tei-c.org/ns/1.0" type="FOmodern_note" anchored="true"/>
            <tei:note xmlns:tei="http://www.tei-c.org/ns/1.0" type="civitas_note" anchored="true"/>
            <tei:note xmlns:tei="http://www.tei-c.org/ns/1.0" type="Autopsie_note" anchored="true"/>
            <tei:note xmlns:tei="http://www.tei-c.org/ns/1.0" type="Appcrit_note" anchored="true"/>
            <tei:note xmlns:tei="http://www.tei-c.org/ns/1.0" type="Abb_note" anchored="true"/>
            <tei:note xmlns:tei="http://www.tei-c.org/ns/1.0" type="englUEbers_note" anchored="true"/>
            <tei:note xmlns:tei="http://www.tei-c.org/ns/1.0" type="dtUEbers_note" anchored="true"/>
            <tei:note xmlns:tei="http://www.tei-c.org/ns/1.0" type="Editionen_note" anchored="true"/>
            <tei:note xmlns:tei="http://www.tei-c.org/ns/1.0" type="ErhzustObj_note" anchored="true"/>
            <tei:note xmlns:tei="http://www.tei-c.org/ns/1.0" type="Masse_note" anchored="true"/>
            <tei:note xmlns:tei="http://www.tei-c.org/ns/1.0" type="Ikonogr_note" anchored="true"/>
            <tei:note xmlns:tei="http://www.tei-c.org/ns/1.0" type="Inschrtext_note" anchored="true"/>
            <tei:note xmlns:tei="http://www.tei-c.org/ns/1.0" type="ErhzustInschr_note" anchored="true"/>
            <tei:note xmlns:tei="http://www.tei-c.org/ns/1.0" type="Schrifttechnik_note" anchored="true"/>
            <tei:note xmlns:tei="http://www.tei-c.org/ns/1.0" type="Buchsthoehe_note" anchored="true"/>
            <tei:note xmlns:tei="http://www.tei-c.org/ns/1.0" type="Notvar_note" anchored="true"/>
            <tei:note xmlns:tei="http://www.tei-c.org/ns/1.0" type="SonstKomm_note" anchored="true"/>
            <tei:note xmlns:tei="http://www.tei-c.org/ns/1.0" type="Datierung_note" anchored="true"/>
            <tei:note xmlns:tei="http://www.tei-c.org/ns/1.0" type="KommGoettern_note" anchored="true">                                                    <p part="N">Alte Version (13.04.23):</p>
                                                    <p part="N">Gesachenae: keltischer Zugehörigkeitsbeiname: ‚die zum Stamme der keltisch benannten Gesates (die mit dem Speer Bewaffneten) Gehörigen‘ (de Bernardo Stempel in Spickermann 2005, 143) so auch Gesationum: keltischer genetivischer Zugehörigkeitsbeiname: ‚die zum Stamm der keltisch benannten Gesates („die mit dem Speer Bewaffneten“) Gehörigen‘ (de Bernardo Stempel in Spickermann 2005, 143; anders Alföldy (1967, in BJB 167, 438), der eine germanische Sippe vermutet</p>
                <p part="N">Etrahenae:  
germanische Wassergottheiten (de Bernardo Stempel in Spickermann 2005, 145) </p>
            </tei:note>
        </back>
    </text>
</TEI>