<?xml-model href="https://gams.uni-graz.at/context:fercan/SCHEMA_EPIDOC_9.1" type="application/xml" schematypens="http://relaxng.org/ns/structure/1.0"?><TEI xmlns="http://www.tei-c.org/ns/1.0" xmlns:xsi="http://www.w3.org/2001/XMLSchema-instance" xml:id="inferior283">
    <teiHeader>
        <fileDesc>
            <titleStmt>
                <title type="full">
                    <title type="main">Ixeneucaega</title>
                    <title type="sub">CF-GeI-283</title>
                </title>
                <respStmt>
                    <resp>Inschriftenedition</resp>
                    <persName instant="false" full="yes">
                        <forename full="yes">Werner</forename>
                        <surname full="yes">Petermandl</surname>
                    </persName>
                </respStmt>
                <respStmt>
                    <resp>Archäologische Beschreibung und geografische Daten</resp>
                    <persName instant="false" full="yes">
                        <forename full="yes">Astrid</forename>
                        <surname full="yes">Schmölzer</surname>
                    </persName>
                </respStmt>
                <funder ref="https://www.fwf.ac.at">Austrian Science Fund (FWF): P
                  29274-G25</funder>
            </titleStmt>
            <publicationStmt>
                <publisher>
                    <link target="https://antike.uni-graz.at"/>
                    <orgName ref="https://d-nb.info/gnd/1213531357" instant="false" full="yes">Institut für Antike, Fachbereich
                    Alte Geschichte und Epigraphik, Karl-Franzens-Universität Graz</orgName>
                </publisher>
                <authority>
                    <link target="https://informationsmodellierung.uni-graz.at"/>
                    <orgName ref="http://d-nb.info/gnd/1137284463" instant="false" full="yes">Zentrum für
                    Informationsmodellierung - Austrian Centre for Digital Humanities,
                    Karl-Franzens-Universität Graz</orgName>
                </authority>
                <distributor>
                    <link target="https://gams.uni-graz.at"/>
                    <orgName instant="false" full="yes">GAMS - Geisteswissenschaftliches Asset Management System</orgName>
                </distributor>
                <date when="2022" instant="false">2022</date>
                <pubPlace>Graz</pubPlace>
                <idno type="PID">o:fercan.283</idno>
                <availability default="false">
                    <licence target="https://creativecommons.org/licenses/by-nc/4.0">Creative Commons
                    BY-NC 4.0</licence>
                </availability>
            </publicationStmt>
            <seriesStmt>
                <title ref="https://gams.uni-graz.at/fercan">FERCAN: Fontes Epigraphici Religionum
                  Celticarum Antiquarum</title>
                <respStmt>
                    <resp>Projektleitung</resp>
                    <persName instant="false" full="yes">
                        <forename full="yes">Wolfgang</forename>
                        <surname full="yes">Spickermann</surname>
                    </persName>
                </respStmt>
            </seriesStmt>
            <sourceDesc default="false">
                <msDesc status="draft">
                    <msIdentifier>
                        <settlement>Leiden</settlement>
                        <repository>Rijksmuseum van Oudheden</repository>
                        <idno>e 1930/12.1</idno>
                    </msIdentifier>
                    <msContents>
                        <summary>Weihinschrift</summary>
                    </msContents>
                    <physDesc>
                        <objectDesc>
                            <supportDesc>
                                <support>
                                    <p part="N">Es handelt sich um einen Aedicula-Altar, in den im oberen Teil eine Nische mit Muscheldekor, Muschelschloss und dem Bild einer weiblichen Gestalt, bei dem es sich um #Ixeneucaega# handeln dürfte, eingetieft ist. An den Seiten der Nische ist die Oberfläche glatt; zu erwarten wäre eine Rahmung mit Pilastern o.Ä.<lb/>Der Sockel sowie das Gesims sind teilweise bestoßen und beschränken sich auf Front- und Schmalseiten, d.h. der Altar dürfte an einer Wand aufgestellt gewesen sein. Die Rückseite ist glatt.<lb/>Der Altarkörper sowie der Sockel sind durch einen Ausbruch an der linken Seite beschädigt.</p>
                                    <material>
                                        <ref type="context" target="context:fercan.material.kalkstein" ana="https://gams.uni-graz.at/o:fercan.arch#C.120210">Kalkstein</ref>
                                    </material>
                                    <objectType>Aedicula-Altar</objectType>
                                    <dimensions>
                                        <height unit="cm">95,5</height>
                                        <width unit="cm">48,0</width>
                                        <depth unit="cm">17,0</depth>
                                    </dimensions>
                                </support>
                                <condition>
                                    <ref type="context" target="context:fercan.condition-o.weitgehend_vollstaendig" ana="https://gams.uni-graz.at/o:fercan.arch#C.130500">weitgehend vollständig</ref>
                                </condition>
                            </supportDesc>
                            <layoutDesc>
                                <layout>
                                    <p part="N">Der Inschriftentext ist abgesehen von einer Bruchstelle am linken unteren Rand und zwei Rasuren erhalten. Doch ist die Schrift stellenweise nur mehr sehr schwer bis gar nicht lesbar. Nach eingehender Autopsie wird hier eine neue Lesung des Beginns von Z.2 vorgeschlagen.<lb/>Ligaturen: s. Majuskeltext. Besondere Zeichen: In Z.4 findet sich eine Ligatur von I und R mit verlängerter senkrechter Haste sowie ein Querstrich über der Nummer der Legion.</p>
                                    <tei:note xmlns:tei="http://www.tei-c.org/ns/1.0" type="condition" anchored="true">weitgehend vollständig</tei:note>
                                </layout>
                            </layoutDesc>
                        </objectDesc>
                        <handDesc>
                            <handNote>
                                <desc type="execution">gemeißelt</desc>
                                <height unit="cm" atLeast="3.0" atMost="4.5">3,0–4,5 cm</height>
                            </handNote>
                        </handDesc>
                        <decoDesc>
                            <decoNote>
                                <p part="N">An den Schmalseiten befinden sich Reliefs von Pflanzenranken. Der gebrochene mittige Giebel sowie die Pulvini dürften ebenfalls reliefverziert gewesen sein, doch ist das Dekor nicht mehr nachvollziehbar. Nach Oxé (1931, 5) liegen zwei plastisch dargestellte Früchte (Äpfel oder Birnen) auf der Bekrönung. <lb/>
Die stehende Figur zeigt eine weibliche Gestalt, die mit einem kurzen Gewand bekleidet ist. Während ihr rechter Arm nach unten zeigt, ist ihr linker erhoben. Die rechte Hand sowie der linke Unterarm samt Hand fehlen. Die Beine der Gestalt deuten einen Kontrapost an, wirken jedoch in der bildlichen Gesamtkonstruktion etwas zu dünn und zu kurz. Wie Oxé (1931, 5) richtig erkannt hat, entspricht die Figur der  <rs type="divine">Artemis/Diana</rs>, d.h. der Steinmetz bediente sich des klassisch griechisch-römischen Typus. Auch das Tier, das zur linken der Gottheit steht und wohl einen Hund darstellt, verweist auf  <rs type="divine">Diana/Artemis</rs>. Der Hund hat seinen Kopf zurückgeneigt und blickt zu seiner Herrin empor. <lb/>
Nach Oxé (1931, 5) soll sie sich auf einen Jagdspeer gestützt haben, doch meiner Meinung nach wäre es auch möglich, dass in der einen Hand der Bogen dargestellt war, während die andere mit Griff zum Köcher auf dem Rücken erhoben gewesen ist. Diese Überlegung stützt sich auf eine Übereinstimmung des Bildes mit dem der Göttin  <rs type="divine">Diana/Artemis</rs>. <lb/>
Auf der rechten Schmalseite ist eine Akanthusranke dargestellt, die oben von einem Pinienzapfen bekrönt wird. Auf der linken Schmalseite ist eine Weinrebe mit Blättern und Trauben zu sehen, deren unterer Teil allerdings aufgrund des Ausbruchs fehlt.</p>
                                <term ana="https://gams.uni-graz.at/o:fercan.arch#C.253020">
                                    <ref type="context" target="context:fercan.arch.akanthus">Akanthus</ref>
                                </term>
                                <term ana="https://gams.uni-graz.at/o:fercan.arch#C.210100">
                                    <ref type="context" target="context:fercan.arch.apfel">Apfel</ref>
                                </term>
                                <term ana="https://gams.uni-graz.at/o:fercan.arch#C.220000">
                                    <ref type="context" target="context:fercan.arch.architektur">Architektur</ref>
                                </term>
                                <term ana="https://gams.uni-graz.at/o:fercan.arch#C.150800">
                                    <ref type="context" target="context:fercan.arch.aufsatzschmuck">Aufsatzschmuck</ref>
                                </term>
                                <term ana="https://gams.uni-graz.at/o:fercan.arch#C.210200">
                                    <ref type="context" target="context:fercan.arch.birne">Birne</ref>
                                </term>
                                <term ana="https://gams.uni-graz.at/o:fercan.arch#C.210000">
                                    <ref type="context" target="context:fercan.arch.frucht">Frucht</ref>
                                </term>
                                <term ana="https://gams.uni-graz.at/o:fercan.arch#C.240100">
                                    <ref type="context" target="context:fercan.arch.goetterbild">Götterbild</ref>
                                </term>
                                <term ana="https://gams.uni-graz.at/o:fercan.arch#C.254110">
                                    <ref type="context" target="context:fercan.arch.hund">Hund</ref>
                                </term>
                                <term ana="https://gams.uni-graz.at/o:fercan.arch#C.220600">
                                    <ref type="context" target="context:fercan.arch.muschelnische">Muschelnische</ref>
                                </term>
                                <term ana="https://gams.uni-graz.at/o:fercan.arch#C.220700">
                                    <ref type="context" target="context:fercan.arch.muschelschloss">Muschelschloss</ref>
                                </term>
                                <term ana="https://gams.uni-graz.at/o:fercan.arch#C.253000">
                                    <ref type="context" target="context:fercan.arch.pflanzenornament">Pflanzenornament</ref>
                                </term>
                                <term ana="https://gams.uni-graz.at/o:fercan.arch#C.210700">
                                    <ref type="context" target="context:fercan.arch.pinienzapfen">Pinienzapfen</ref>
                                </term>
                                <term ana="https://gams.uni-graz.at/o:fercan.arch#C.253010">
                                    <ref type="context" target="context:fercan.arch.ranke">Ranke</ref>
                                </term>
                                <term ana="https://gams.uni-graz.at/o:fercan.arch#C.150400">
                                    <ref type="context" target="context:fercan.arch.reliefschmuck">Reliefschmuck</ref>
                                </term>
                                <term ana="https://gams.uni-graz.at/o:fercan.arch#C.254100">
                                    <ref type="context" target="context:fercan.arch.tier">Tier</ref>
                                </term>
                                <term ana="https://gams.uni-graz.at/o:fercan.arch#C.253030">
                                    <ref type="context" target="context:fercan.arch.weinrebe">Weinrebe</ref>
                                </term>
                                <term ana="https://gams.uni-graz.at/o:fercan.arch#C.210600">
                                    <ref type="context" target="context:fercan.arch.weintraube">Weintraube</ref>
                                </term>
                            </decoNote>
                        </decoDesc>
                    </physDesc>
                    <history>
                        <origin instant="false">
                            <origPlace instant="false">
                                <region>Civitas Batavorum</region>
                            </origPlace>
                            <origDate when="0222" notBefore="0222" notAfter="0222" instant="false">
                                <date>222</date>
                                <tei:note xmlns:tei="http://www.tei-c.org/ns/1.0" type="original" anchored="true">
                                    <ref type="context" target="context:fercan.date.imperatore_domino_nostro_severo_alexandro_c">Imperatore domino nostro Severo Alexandro consule</ref>
                                </tei:note>
                            </origDate>
                        </origin>
                        <provenance type="found" when="1930">
                            <placeName instant="false" full="yes">
                                <ref type="context" target="context:fercan.geog.modern.zennewijnen">Zennewijnen</ref>
                            </placeName>
                            <tei:location xmlns:tei="http://www.tei-c.org/ns/1.0" instant="false">
                                <geo decls="#WGS">51.857586 5.412630</geo>
                            </tei:location>
                        </provenance>
                        <provenance type="observed" subtype="autopsied">vidimus (22.5.2019)</provenance>
                    </history>
                </msDesc>
                <listPlace default="false">
                    <place instant="false"/>
                    <place type="sacral_building" instant="false">
                        <placeName instant="false" full="yes">
                            <ref type="context" target="context:fercan.geog.sacral.ara">ara</ref>
                        </placeName>
                    </place>
                    <place type="sacral_building" instant="false">
                        <placeName instant="false" full="yes">
                            <ref type="context" target="context:fercan.geog.sacral.aedes">aedes</ref>
                        </placeName>
                    </place>
                </listPlace>
                <listPerson default="false">
                    <person instant="false">
                        <persName type="divine" subtype="celtic_normalized" instant="false" full="yes">
                            <ref type="context" target="context:fercan.dcn.ixeneucaega">Ixeneucaega</ref>
                        </persName>
                    </person>
                    <person instant="false">
                        <persName type="divine" subtype="celtic_diplomatic" instant="false" full="yes">
                            <ref type="context" target="context:fercan.dcd.ixeneucaega.ix_._neucaega">Ix[.]neucaega</ref>
                        </persName>
                    </person>
                    <person instant="false">
                        <persName type="divine" subtype="celtic_element" instant="false" full="yes">
                            <ref type="context" target="context:fercan.dce.ixeneucaega">Ixeneucaega</ref>
                        </persName>
                    </person>
                    <person instant="false">
                        <persName instant="false" full="yes">
                            <roleName type="military" full="yes">
                                <ref type="context" target="context:fercan.person.military.tribunus_legionis">tribunus legionis</ref>
                            </roleName>
                        </persName>
                    </person>
                </listPerson>
                <listOrg default="false">
                    <org instant="false"/>
                    <org type="military_unit" instant="false">
                        <orgName instant="false" full="yes">
                            <ref type="context" target="context:fercan.org.military.legio_xxx_ulpia_victrix_severiana_a">legio XXX Ulpia Victrix Severiana Alexandriana</ref>
                        </orgName>
                    </org>
                </listOrg>
            </sourceDesc>
        </fileDesc>
        <encodingDesc>
            <geoDecl xml:id="WGS" datum="WGS84" default="false">World Geodetic System</geoDecl>
            <editorialDecl default="false">
                <p part="N">Digitale Repräsentation konform mit EpiDoc: http://epidoc.sourceforge.net</p>
                <p part="N">Majuskel und Minuskel ausgeführt nach Leidener Klammersystem, Majuskel bildet
                  Inschrift originalgetreu ab, Minuskel enthält editorische Hinzufügungen</p>
            </editorialDecl>
            <projectDesc default="false">
                <p part="N">Die keltischen Götternamen in den Inschriften der römischen Provinz Germania
                  Inferior. Eine Fallstudie zu Religion im Kontext von Kulturkontakt und
                  Kulturtransfer (FWF – Projekt P 29274-G25 )</p>
                <p part="N">Das Forschungsprojekt beabsichtigt, sämtliche keltischen Götternamen, die sich in
                  lateinischen Inschriften der römischen Provinz Germania Inferior erhaltenen haben,
                  zusammenzustellen und auszuwerten. Die gewählte Quellengrundlage erscheint
                  besonders geeignet Erscheinungsformen zu untersuchen, welche auf religiöser Ebene
                  durch das Zusammentreffen von verschiedenen kulturellen Einflüssen entstanden
                  sind. Diese sind hier einerseits definiert durch die Verwendung der keltischen
                  Sprache, andererseits durch die lateinische Sprache und durch Formen aus dem
                  Inneren des Imperium Romanum, die man mit dem Etikett „römisch“ versehen kann. Das
                  Interesse gilt dabei nicht nur religiösen, sondern auch damit verbundenen
                  gesellschaftlichen Aspekten und den entsprechenden Mentalitäten. Doch soll damit
                  auch zu einem verbesserten Gesamtbild der Provinzialreligion in Niedergermanien
                  beigetragen werden.<lb/> Die Abschlusspublikation wird ergänzt um einen
                  ausführlichen sprachwissenschaftlichen Kommentar (von Patrizia de Bernardo
                  Stempel) in der Reihe ‚Corpus - F.E.R.C.AN. (Fontes epigraphici religionum
                  Celticarum antiquarum)‘ erscheinen. </p>
            </projectDesc>
        </encodingDesc>
        <profileDesc>
            <langUsage default="false">
                <language ident="la">Latein</language>
            </langUsage>
            <textClass default="false">
                <keywords>
                    <list>
                        <item>
                            <ref type="context" target="context:fercan.dedication.votum_solvit_libens_merito">votum solvit libens merito</ref>
                        </item>
                        <item/> <!-- Belegform gesamt  --> <item> <ref target="context:fercan.divinepart." type="context"> </ref> </item></list></keywords>
            </textClass>
        </profileDesc>
        <revisionDesc status="draft">
            <change when="2019" n="1" corresp="https://gams.uni-graz.at/o:fercan.283/TEI_SOURCE.2020-02-26" status="draft">Initial Version</change>
            <change when="2020" n="2" corresp="https://gams.uni-graz.at/o:fercan.283/TEI_SOURCE.2022-03-07" status="draft">Version 2</change>
            <change when="2022" n="3" status="draft">Version 3</change>
        </revisionDesc>
    </teiHeader>
    <facsimile>
        <graphic mimeType="image/jpeg" xml:id="IMAGE.1" url="file:///0283_Front.JPG">
            <desc>Front, EDH HD005770 (C. Witschel), CC BY-SA</desc>
        </graphic>
        <graphic mimeType="image/jpeg" xml:id="IMAGE.2" url="file:///0283_IS.JPG">
            <desc>Front (Inschrift), EDH HD005770 (C. Witschel), CC BY-SA</desc>
        </graphic>
    </facsimile>
    <text>
        <body>
            <ab part="N">
                <ref target="context:fercan" type="context">FERCAN</ref>
                <ref type="context" target="context:fercan.other.rasur">Rasur</ref>
            </ab>
            <div subtype="editions" type="bibliography" org="uniform" part="N" sample="complete">
                <listBibl default="false">
                    <bibl xml:id="LIT.1" default="false" status="draft">Espérandieu VIII 8573</bibl>
                    <bibl xml:id="LIT.2" default="false" status="draft">Oxé 1931, 8</bibl>
                    <bibl xml:id="LIT.3" default="false" status="draft">AE 1933, 157</bibl>
                    <bibl xml:id="LIT.4" default="false" status="draft">Nesselhauf 1937, 256</bibl>
                    <bibl xml:id="LIT.5" default="false" status="draft">Stuart 1981, 53</bibl>
                    <bibl xml:id="LIT.6" default="false" status="draft">AE 1981, 657</bibl>
                    <bibl xml:id="LIT.7" default="false" status="draft">Fitz 1983, Nr.341</bibl>
                    <bibl xml:id="LIT.8" default="false" status="draft">Follmann-Schulz 1986, 782f. Nr.10</bibl>
                    <bibl xml:id="LIT.9" default="false" status="draft">Lobüscher 2002, 150 Nr.138</bibl>
                    <bibl xml:id="LIT.10" default="false" status="draft">Reuter 2012, Nr.25</bibl>
                
            <bibl xml:id="11">Scheungraber 2020, 477</bibl>
        
            <bibl xml:id="12">Ferlut 2022, Nr.256</bibl>
        </listBibl>
            </div>
            <div subtype="concordances" type="bibliography" org="uniform" part="N" sample="complete">
                <listBibl>
                    <bibl type="EDCS">
                        <idno>EDCS-12700109</idno>
                        <date>zuletzt aufgerufen am 24. Februar 2020</date>
                    </bibl>
                    <bibl type="EDH">
                        <idno>HD005770</idno>
                        <date>Version vom 14. November 2017</date>
                    </bibl>
                    <bibl type="trismegistos">
                        <idno>www.trismegistos.org/text/208812</idno>
                        <date>zuletzt aufgerufen am 30. Juni 2021</date>
                    </bibl>
                </listBibl>
            </div>
            <div type="edition" subtype="diplomatic" xml:id="majuscule" xml:lang="la" xml:space="preserve" org="uniform" part="N" sample="complete"><ab part="N"><orig><lb n="1"/><unclear instant="false">D</unclear>EAE <lb n="2"/>
I<unclear instant="false">X</unclear><gap reason="lost" quantity="1" unit="character" instant="false"/>NEVCAEGE <lb n="3"/>
<gap reason="lost" extent="unknown" unit="character" instant="false"/>FINVS P F TRIBVN <lb n="4"/>
<gap reason="lost" extent="unknown" unit="character" instant="false"/>G XXX V V SE<hi rend="ligature">VE</hi><hi rend="ligature">RI</hi>ANE <lb n="5"/>
<del rend="erasure" instant="false" status="unremarkable">ALEXANDRIANE</del> <lb n="6"/>
<gap reason="lost" extent="unknown" unit="character" instant="false"/>AM CVM EDE S<hi rend="ligature">VA</hi> A S<unclear instant="false">O</unclear> <lb n="7"/>
<gap reason="lost" extent="unknown" unit="character" instant="false"/> FECIT V S L M I<unclear instant="false">M</unclear>P <lb n="8"/>
<gap reason="lost" extent="unknown" unit="character" instant="false"/> SEVERO <del rend="erasure" instant="false" status="unremarkable">ALEXANDRO COS</del></orig></ab></div>
            <div type="edition" xml:lang="la" xml:id="minuscule" subtype="normalised" xml:space="preserve" org="uniform" part="N" sample="complete"><ab part="N"><lb n="1"/>Deae<lb n="2"/>Ix<supplied reason="lost" instant="false">e</supplied><expan instant="false"><abbr>neucaeg</abbr><ex instant="false">a</ex></expan>e<lb n="3"/><gap reason="lost" extent="unknown" unit="character" instant="false"/>finus <expan instant="false"><abbr>P</abbr><ex instant="false">ubli</ex></expan> <expan instant="false"><abbr>f</abbr><ex instant="false">ilius</ex></expan> <expan instant="false"><abbr>tribun</abbr><ex instant="false">us</ex></expan><lb n="4"/><supplied reason="lost" instant="false">le</supplied><expan instant="false"><abbr>g</abbr><ex instant="false">ionis</ex></expan> XXX <expan instant="false"><abbr>U</abbr><ex instant="false">lpiae</ex></expan> <expan instant="false"><abbr>V</abbr><ex instant="false">ictricis</ex></expan> <expan instant="false"><abbr>Severian</abbr><ex instant="false">a</ex></expan>e<lb n="5"/><del rend="erasure" instant="false" status="unremarkable"><expan instant="false"><abbr>Alexandrian</abbr><ex instant="false">a</ex></expan>e</del><lb n="6"/><supplied reason="lost" instant="false">ar</supplied>am cum <expan instant="false"><ex instant="false">a</ex><abbr>ede</abbr></expan> sua a so<lb n="7" break="no"/><supplied reason="lost" instant="false">lo</supplied> fecit. <expan instant="false"><abbr>V</abbr><ex instant="false">otum</ex></expan> <expan instant="false"><abbr>s</abbr><ex instant="false">olvit</ex></expan> <expan instant="false"><abbr>l</abbr><ex instant="false">ibens</ex></expan> <expan instant="false"><abbr>m</abbr><ex instant="false">erito</ex></expan> <expan instant="false"><abbr>Imp</abbr><ex instant="false">eratore</ex></expan><lb n="8"/><supplied reason="lost" instant="false"><expan instant="false"><abbr>d</abbr><ex instant="false">omino</ex></expan> <expan instant="false"><abbr>n</abbr><ex instant="false">ostro</ex></expan></supplied> Severo <del rend="erasure" instant="false" status="unremarkable">Alexandro <expan instant="false"><abbr>co</abbr><ex instant="false">n</ex></expan><expan instant="false"><abbr>s</abbr><ex instant="false">ule</ex></expan></del></ab></div>
            <div type="translation" xml:lang="de" org="uniform" part="N" sample="complete">
                <p part="N">Für die Göttin  <rs type="divine">Ixeneucaega!</rs> <lb/>
[---]finus, Sohn des Publius, tribunus legionis der legio XXX Ulpia Victrix Severiana Alexandriana hat den Altar und den Tempel von Grund auf errichtet. Unter dem Konsulat des Imperators unseres Herrn Severus Alexander hat er das Gelübde gerne und verdientermaßen erfüllt. </p>
            </div>
            <div type="translation" xml:lang="en" org="uniform" part="N" sample="complete">
                <p part="N">To the goddess  <rs type="divine">Ixeneucaega!</rs> <lb/>
[---]finus, the son of Publius, tribunus legionis of the legio XXX Ulpia Victrix Severiana Alexandriana had this altar and the temple built from the ground up. He has fulfilled a vow willingly and deservedly during the consulship of the imperator our lord Severus Alexander.</p>
            </div>
            <div type="apparatus" org="uniform" part="N" sample="complete">
                <app loc="#MIN.1 #MAJ.1">
                    <tei:note xmlns:tei="http://www.tei-c.org/ns/1.0" anchored="true">Deae(ise?) – Espérandieu</tei:note>
                </app>
                <app loc="#MIN.2 #MAJ.2">
                    <tei:note xmlns:tei="http://www.tei-c.org/ns/1.0" anchored="true">N(e)bucaege – Espérandieu; [Ise?]nbucaege – Oxé, AE 1933; Iseneucaeg(a)e – Nesselhauf, Fitz, Lobüscher, Ferlut; Seneucaeg(a)e oder Iseneucaeg(a)e – Stuart, Reuter;  Seneucaeg(a)e oder Isenen(!)caeg(a)e ; das zweite N in Isenen(!)caeg(a)e ist offensichtlich ein Tippfehler – AE 1981; [I]seneucaege – Follmann-Schulz; S(?)eneucaeg(a)e – EDH; Seneucaeg(a)e(?) – Scheungraber</tei:note>
                </app>
                <app loc="#MIN.3 #MAJ.3">
                    <tei:note xmlns:tei="http://www.tei-c.org/ns/1.0" anchored="true">Ulp. Filinus p(rimi) p(ilaris) – Espérandieu, Oxé, AE 1933; Fl. F[i]l[i]nus – Nesselhauf, Fitz, Ferlut; Ulfenus – Stuart, AE 1981, Follmann-Schulz, Lobüscher, Reuter, Scheungraber</tei:note>
                </app>
                <app loc="#MIN.4 #MAJ.4">
                    <tei:note xmlns:tei="http://www.tei-c.org/ns/1.0" anchored="true">[leg(ionis)] – Espérandieu, Reuter; [l]eg – Stuart, Follmann-Schulz; ohne Ligaturen – Espérandieu, Oxé, AE 1933, Nesselhauf, AE 1981, Fitz, Reuter, EDH</tei:note>
                </app>
                <app loc="#MIN.5 #MAJ.5">
                    <tei:note xmlns:tei="http://www.tei-c.org/ns/1.0" anchored="true">[Alexandrianae], danach ohne Zeilenwechsel – Espérandieu; [[ALE]XA[NDRIANE]AM . . X]] – Stuart, Follmann-Schulz, Reuter; vielleicht am Zeilenende [ar]am [et e]x- – Stuart; am Zeilenende noch AM..X – Lobüscher</tei:note>
                </app>
                <app loc="#MIN.6 #MAJ.6">
                    <tei:note xmlns:tei="http://www.tei-c.org/ns/1.0" anchored="true">sua a se – Espérandieu, Oxé, AE 1933; vielleicht am Zeilenanfang [edr]am – Stuart; ohne Ligatur –Espérandieu, Oxé, Nesselhauf, AE 1981, EDH</tei:note>
                </app>
                <app loc="#MIN.7 #MAJ.7">
                    <tei:note xmlns:tei="http://www.tei-c.org/ns/1.0" anchored="true">[re]fecit – Espérandieu, Oxé, AE 1933</tei:note>
                </app>
                <app loc="#MIN.8 #MAJ.8">
                    <tei:note xmlns:tei="http://www.tei-c.org/ns/1.0" anchored="true">d. n. Severo [Alexandro Aug. cos.] – Oxé, AE 1933; d(omino) n(ostro) Severo [Alexandro] Aug(usto) co(n)s(ule)] Klammern sic! – Espérandieu; Zeilenwechsel nach [[Alexandro]] und eine weitere folgende Zeile mit [[Aug(usto)---]] – AE 1981; Zeilenwechsel nach [[Alexandro]] und eine weitere folgende Zeile mit [[COS]] – EDH; Zeilenwechsel nach [[Alexandro]] und eine weitere folgende Zeile mit [[Aug(usto) co(n)s(ule)]] – Scheungraber; [[Alexandro]] [co(n)s(ule)] – Ferlut</tei:note>
                </app>
            </div>
            <div type="commentary" subtype="general" org="uniform" part="N" sample="complete">
                <p part="N">Der Name des Dedikanten ist nicht mehr zu rekonstruieren, doch handelt es sich um ein römisches Namensformular. </p>
                <p part="N"> 

tribunus legionis: Bei dem Militärtribunen handelt es sich und einen tribunus angusticlavius (Reuter 2012, Nr.2012). </p>
                <p part="N">

legio XXX Ulpia Victrix Severiana Alexandriana: Die Legion folgte ab 121/122 n.Chr. in Xanten auf die legio VI Victrix. Die Beinamen Severiana Alexandriana werden in der Zeit des Kaisers Severus Alexander verwendet (Stein 1932, 106, 116). </p>
                <p part="N">

Ara cum aede sua: Oxé (1931, 12) hat darunter einen Aedicula-Altar (von der Art wir der, zu dem diese Inschrift gehört) verstanden, was Stuart (1981, 55) ablehnt.</p>
            </div>
            <div type="commentary" subtype="language" org="uniform" part="N" sample="complete">
                <p part="N">v.2: „Ixeneucaege” pro „Ixeneucaegae”<lb/>v.4: „Severiane“ pro „Severianae“<lb/>v.6: „ede“ pro „aede“</p>
            </div>
            <div type="commentary" subtype="deity" org="uniform" part="N" sample="complete">                                                <p part="N"> <rs type="divine">Ixeneucaega:</rs> Möglicherweise keltisch, wahrscheinlicher eine Mischbildung. Wenn keltisch: ‚Die Schwörende (?)’ oder ‚Die sich nach unten Neigende (?)’ (de Bernardo Stempel Corpus F.E.R.C.A.N. II/1 114f).<br/>
                </p>
                                                <p part="N">

Vorkommen in theonymischen Formularen: </p>
                                                <p part="N">
 <rs type="divine">Ixeneucaega</rs>: <lb/>
- Germania Inferior: nur in der hier besprochenen Inschrift belegt. Das gilt auch für die anderen vorgeschlagenen Lesungen. <lb/> 
- außerhalb der Germania Inferior: -</p>
            </div>
            <linkGrp type="alignment" domains="#majuscule #minuscule">
                <link target="#MAJ.1 #MIN.1"/>
                <link target="#MAJ.2 #MIN.2"/>
                <link target="#MAJ.3 #MIN.3"/>
                <link target="#MAJ.4 #MIN.4"/>
                <link target="#MAJ.5 #MIN.5"/>
                <link target="#MAJ.6 #MIN.6"/>
                <link target="#MAJ.7 #MIN.7"/>
                <link target="#MAJ.8 #MIN.8"/>
            </linkGrp>
        </body>
        <back>
            <tei:note xmlns:tei="http://www.tei-c.org/ns/1.0" type="Objbeschr_note" anchored="true"/>
            <tei:note xmlns:tei="http://www.tei-c.org/ns/1.0" type="ArchKlass_note" anchored="true"/>
            <tei:note xmlns:tei="http://www.tei-c.org/ns/1.0" type="Material_note" anchored="true"/>
            <tei:note xmlns:tei="http://www.tei-c.org/ns/1.0" type="Inschrifttraeger_note" anchored="true"/>
            <tei:note xmlns:tei="http://www.tei-c.org/ns/1.0" type="VerwahrortOrt_note" anchored="true"/>
            <tei:note xmlns:tei="http://www.tei-c.org/ns/1.0" type="InvNr_note" anchored="true"/>
            <tei:note xmlns:tei="http://www.tei-c.org/ns/1.0" type="Fundstelle_note" anchored="true"/>
            <tei:note xmlns:tei="http://www.tei-c.org/ns/1.0" type="Fundumst_note" anchored="true"/>
            <tei:note xmlns:tei="http://www.tei-c.org/ns/1.0" type="Fundjahr_note" anchored="true"/>
            <tei:note xmlns:tei="http://www.tei-c.org/ns/1.0" type="FOantik_note" anchored="true"/>
            <tei:note xmlns:tei="http://www.tei-c.org/ns/1.0" type="FOmodern_note" anchored="true"/>
            <tei:note xmlns:tei="http://www.tei-c.org/ns/1.0" type="civitas_note" anchored="true"/>
            <tei:note xmlns:tei="http://www.tei-c.org/ns/1.0" type="Autopsie_note" anchored="true"/>
            <tei:note xmlns:tei="http://www.tei-c.org/ns/1.0" type="Appcrit_note" anchored="true"/>
            <tei:note xmlns:tei="http://www.tei-c.org/ns/1.0" type="Abb_note" anchored="true"/>
            <tei:note xmlns:tei="http://www.tei-c.org/ns/1.0" type="englUEbers_note" anchored="true"/>
            <tei:note xmlns:tei="http://www.tei-c.org/ns/1.0" type="dtUEbers_note" anchored="true"/>
            <tei:note xmlns:tei="http://www.tei-c.org/ns/1.0" type="Editionen_note" anchored="true"/>
            <tei:note xmlns:tei="http://www.tei-c.org/ns/1.0" type="ErhzustObj_note" anchored="true"/>
            <tei:note xmlns:tei="http://www.tei-c.org/ns/1.0" type="Masse_note" anchored="true"/>
            <tei:note xmlns:tei="http://www.tei-c.org/ns/1.0" type="Ikonogr_note" anchored="true"/>
            <tei:note xmlns:tei="http://www.tei-c.org/ns/1.0" type="Inschrtext_note" anchored="true"/>
            <tei:note xmlns:tei="http://www.tei-c.org/ns/1.0" type="ErhzustInschr_note" anchored="true"/>
            <tei:note xmlns:tei="http://www.tei-c.org/ns/1.0" type="Schrifttechnik_note" anchored="true"/>
            <tei:note xmlns:tei="http://www.tei-c.org/ns/1.0" type="Buchsthoehe_note" anchored="true"/>
            <tei:note xmlns:tei="http://www.tei-c.org/ns/1.0" type="Notvar_note" anchored="true"/>
            <tei:note xmlns:tei="http://www.tei-c.org/ns/1.0" type="SonstKomm_note" anchored="true"/>
            <tei:note xmlns:tei="http://www.tei-c.org/ns/1.0" type="Datierung_note" anchored="true">
                <p>222<br/>
                </p>
            </tei:note>
            <tei:note xmlns:tei="http://www.tei-c.org/ns/1.0" type="KommGoettern_note" anchored="true">
                <p part="N">Alte Version (25.04.23):</p>
                <p part="N">Ixeneucaega: unter „unsichere und ungermanische Götternamen“ bei Gutenbrunner 1936, 110, der allerdings von der Lesung als  Isenbucaega ausgeht </p>
            </tei:note>
        </back>
    </text>
</TEI>