<?xml-model href="https://gams.uni-graz.at/context:fercan/SCHEMA_EPIDOC_9.1" type="application/xml" schematypens="http://relaxng.org/ns/structure/1.0"?><TEI xmlns="http://www.tei-c.org/ns/1.0" xmlns:xsi="http://www.w3.org/2001/XMLSchema-instance" xml:id="inferior115">
  <teiHeader>
    <fileDesc>
      <titleStmt>
        <title type="full">
                    <title type="main">Matronae? Abirenes | Hercules Magusanus | Mahal[---]</title>
                    <title type="sub">CF-GeI-115</title>
                </title>
        <respStmt>
          <resp>Inschriftenedition</resp>
          <persName instant="false" full="yes">
                        <forename full="yes">Werner</forename>
                        <surname full="yes">Petermandl</surname>
                    </persName>
        </respStmt>
        <respStmt>
          <resp>Archäologische Beschreibung und geografische Daten</resp>
          <persName instant="false" full="yes">
                        <forename full="yes">Astrid</forename>
                        <surname full="yes">Schmölzer</surname>
                    </persName>
        </respStmt>
        <funder ref="https://www.fwf.ac.at">Austrian Science Fund (FWF): P 29274-G25</funder>
      </titleStmt>
      <publicationStmt>
        <publisher>
                    <link target="https://antike.uni-graz.at"/>
                    <orgName ref="https://d-nb.info/gnd/1213531357" instant="false" full="yes">Institut für Antike, Fachbereich Alte Geschichte
            und Epigraphik, Karl-Franzens-Universität Graz</orgName>
                </publisher>
        <authority>
                    <link target="https://informationsmodellierung.uni-graz.at"/>
                    <orgName ref="http://d-nb.info/gnd/1137284463" instant="false" full="yes">Zentrum für Informationsmodellierung - Austrian
            Centre for Digital Humanities, Karl-Franzens-Universität Graz</orgName>
                </authority>
        <distributor>
                    <link target="https://gams.uni-graz.at"/>
                    <orgName instant="false" full="yes">GAMS -
            Geisteswissenschaftliches Asset Management System</orgName>
                </distributor>
        <date when="2022" instant="false">2022</date>
        <pubPlace>Graz</pubPlace>
        <idno type="PID">o:fercan.115</idno>
        <availability default="false">
          <licence target="https://creativecommons.org/licenses/by-nc/4.0">Creative Commons BY-NC
            4.0</licence>
        </availability>
      </publicationStmt>
      <seriesStmt>
        <title ref="https://gams.uni-graz.at/fercan">FERCAN: Fontes Epigraphici Religionum
          Celticarum Antiquarum</title>
        <respStmt>
          <resp>Projektleitung</resp>
          <persName instant="false" full="yes">
                        <forename full="yes">Wolfgang</forename>
                        <surname full="yes">Spickermann</surname>
                    </persName>
        </respStmt>
      </seriesStmt>
      <sourceDesc default="false">
        <msDesc status="draft">
          <msIdentifier>
            <settlement>Köln</settlement>
            <repository>Römisch-Germanisches Museum</repository>
            <idno>74,408</idno>
          </msIdentifier>
          <msContents>
            <summary>Weihinschrift</summary>
          </msContents>
          <physDesc>
            <objectDesc>
              <supportDesc>
                <support>
                                    <p part="N">Heute ist nur noch ein Teil von links unten in zwei Fragmenten erhalten.
                    Die ursprüngliche Form des Weihesteins kann nicht mehr nachvollzogen
                      werden.</p>
                                    <material>
                                        <ref type="context" target="context:fercan.material.kalkstein" ana="https://gams.uni-graz.at/o:fercan.arch#C.120210">Kalkstein</ref>
                                    </material>
                                    <objectType>Weihestein</objectType>
                                    <dimensions>
                    <height unit="cm">20,0</height>
                    <width unit="cm">18,0</width>
                    <depth unit="cm">11,5</depth>
                  </dimensions>
                                    <tei:note xmlns:tei="http://www.tei-c.org/ns/1.0" type="dimensions" anchored="true">Die angegebenen Maße sind die des erhaltenen
                    Fragments.</tei:note>
                                </support>
                <condition>
                                    <ref type="context" target="context:fercan.condition-o.groeszeres_fragment" ana="https://gams.uni-graz.at/o:fercan.arch#C.130310">größeres
                  Fragment</ref>
                                </condition>
              </supportDesc>
              <layoutDesc>
                <layout>
                                    <p part="N">Von dem Inschriftentext ist nur mehr ein Fragment aus der Mitte erhalten.
                    Von ILS und CIL wurden noch weitere Teile gelesen, die heute verloren sind (hier
                    in der Majuskelabschrift unterstrichen). Auch im CIL Text sind die Ränder und
                    das untere Ende nicht erreicht, doch dürfte das Formular darauf hindeuten, dass
                    die erste Zeile erfasst ist. Das „cum“ in der letzten Zeile lässt vermuten, dass
                    vermutlich noch ein dritter Dedikant auf der Inschrift genannt
                    war.<lb/>Ligaturen: s. Majuskeltext</p>
                                    <tei:note xmlns:tei="http://www.tei-c.org/ns/1.0" type="condition" anchored="true">größeres
                    Fragment</tei:note>
                                </layout>
              </layoutDesc>
            </objectDesc>
            <handDesc>
              <handNote>
                                <desc type="execution">gemeißelt</desc>
                                <height unit="cm" atLeast="1.7" atMost="2.0">1,7–2,0 cm</height>
                            </handNote>
            </handDesc>
            <decoDesc>
              <decoNote>
                                <p part="N">kein Dekor erhalten</p>
                                <term ana="https://gams.uni-graz.at/o:fercan.arch#C.130300">
                                    <ref type="context" target="context:fercan.arch.fragment">Fragment</ref>
                                </term>
                            </decoNote>
            </decoDesc>
          </physDesc>
          <history>
            <origin instant="false">
                            <origPlace instant="false">
                                <placeName ref="https://pleiades.stoa.org/places/108751" instant="false" full="yes">CCAA</placeName>
                                <region>CCAA</region>
                            </origPlace>
                            <origDate instant="false"/>
                        </origin>
            <provenance type="found" when="1883">
                            <placeName instant="false" full="yes">
                                <ref type="context" target="context:fercan.geog.modern.koeln">Köln</ref>
                            </placeName>
                            <p part="N">Deutz, am
                Rheinufer</p>
                            <tei:location xmlns:tei="http://www.tei-c.org/ns/1.0" instant="false">
                <geo decls="#WGS">50.937769 6.958583</geo>
              </tei:location>
                            <tei:note xmlns:tei="http://www.tei-c.org/ns/1.0" anchored="true">ursprünglich wohl im Kastell von Köln-Deutz vermauert, dann mit dem
                Abbruchschutt an der Rheinfront aufgeschüttet, wo der Stein zutage
              kam</tei:note>
                        </provenance>
            <provenance type="observed" subtype="autopsied">
                            <p part="N">non vidimus</p>
                            <p part="N">
                                <lb/>Lesung gründet auf:
              Photo und CIL (die nicht erhaltenen Teile)</p>
                        </provenance>
          </history>
        </msDesc>
        <listPlace default="false">
          <place instant="false"/>
        </listPlace>
        <listPerson default="false">
          <person instant="false">
            <persName type="gentilnomen" instant="false" full="yes">
                            <ref type="context" target="context:fercan.person.gentilnomen.similinius">Similinius</ref>
                        </persName>
          </person>
          <person instant="false">
            <persName type="cognomen" instant="false" full="yes">
                            <ref type="context" target="context:fercan.person.cognomen.dirmesus">Dirmesus</ref>
                        </persName>
          </person>
          <person instant="false">
            <persName type="divine" subtype="celtic_normalized" instant="false" full="yes">
                            <ref type="context" target="context:fercan.dcn.matronae__abirenes">Matronae? Abirenes; Hercules Magusanus; Mahal[---] </ref>
                        </persName>
          </person>
          <person instant="false">
            <persName type="divine" subtype="celtic_diplomatic" instant="false" full="yes">
                            <ref type="context" target="context:fercan.dcd.matronae__abirenes._____is_abirenibu_s_">[---]is
                Abirenibu[s]</ref>
                        </persName>
          </person>
          <person instant="false">
            <persName type="divine" subtype="celtic_normalized" instant="false" full="yes">
                            <ref type="context" target="context:fercan.dcn.hercules_magusanus">Matronae? Abirenes; Hercules Magusanus; Mahal[---] </ref>
                        </persName>
          </person>
          <person instant="false">
            <persName type="divine" subtype="celtic_diplomatic" instant="false" full="yes">
                            <ref type="context" target="context:fercan.dcd.hercules_magusanus._herc_uli_magusan_o_">[Herc]uli
                Magusan[o]</ref>
                        </persName>
          </person>
          <person instant="false">
            <persName type="divine" subtype="celtic_normalized" instant="false" full="yes">
                            <ref type="context" target="context:fercan.dcn.mahlinehae">Matronae? Abirenes; Hercules Magusanus; Mahal[---] </ref>
                        </persName>
          </person>
          <person instant="false">
            <persName type="divine" subtype="celtic_diplomatic" instant="false" full="yes">
                            <ref type="context" target="context:fercan.dcd.mahlinehae.mahal_____">Mahal[---]</ref>
                        </persName>
          </person>
          <person instant="false">
            <persName type="divine" subtype="celtic_element" instant="false" full="yes">
                            <ref type="context" target="context:fercan.dce.abirenes">Matronae? Abirenes; </ref>
                        </persName>
          </person>
          <person instant="false">
            <persName type="divine" subtype="celtic_element" instant="false" full="yes">
                            <ref type="context" target="context:fercan.dce.magusanus">Hercules Magusanus;</ref>
                        </persName>
          </person>
          <person instant="false">
            <persName type="divine" subtype="celtic_element" instant="false" full="yes">
                            <ref type="context" target="context:fercan.dce.mahlinehae">Mahal[---]</ref>
                        </persName>
          </person>
          <person instant="false">
            <persName type="divine" instant="false" full="yes">
                            <ref type="context" target="context:fercan.person.divine-o.diana">Diana</ref>
                        </persName>
          </person>
          <person instant="false">
            <persName type="divine" instant="false" full="yes">
                            <ref type="context" target="context:fercan.person.divine-o.genius_loci">Genius loci</ref>
                        </persName>
          </person>
          <person instant="false">
            <persName type="divine" instant="false" full="yes">
                            <ref type="context" target="context:fercan.person.divine-o.mercurius">Mercurius</ref>
                        </persName>
          </person>
          <person instant="false">
            <persName type="divine" instant="false" full="yes">
                            <ref type="context" target="context:fercan.person.divine-o.silvanus">Silvanus</ref>
                        </persName>
          </person>
          <person instant="false">
            <persName type="divine" instant="false" full="yes">
                            <ref type="context" target="context:fercan.person.divine-o.victoria">Victoria</ref>
                        </persName>
          </person>
          <person instant="false">
            <persName instant="false" full="yes">
                            <roleName type="military" full="yes">
                                <ref type="context" target="context:fercan.person.military.curator_numeri">curator
                numeri</ref>
                            </roleName>
                        </persName>
          </person>
          <person instant="false">
            <persName instant="false" full="yes">
                            <roleName type="military" full="yes">
                                <ref type="context" target="context:fercan.person.military.veredarius">veredarius</ref>
                            </roleName>
                        </persName>
          </person>
          <person instant="false">
            <persName instant="false" full="yes">
                            <roleName type="military" full="yes">
                                <ref type="context" target="context:fercan.person.military.veteranus">veteranus</ref>
                            </roleName>
                        </persName>
          </person>
          <person instant="false">
            <persName instant="false" full="yes">
                            <roleName type="other" full="yes">
                                <ref type="context" target="context:fercan.person.other.curator">curator</ref>
                            </roleName>
                        </persName>
          </person>
        </listPerson>
        <listOrg default="false">
          <org instant="false"/>
          <org type="military_unit" instant="false">
            <orgName instant="false" full="yes">
                            <ref type="context" target="context:fercan.org.military.numerus_britonum">numerus Britonum</ref>
                        </orgName>
          </org>
        </listOrg>
      </sourceDesc>
    </fileDesc>
    <encodingDesc>
      <geoDecl xml:id="WGS" datum="WGS84" default="false">World Geodetic System</geoDecl>
      <editorialDecl default="false">
        <p part="N">Digitale Repräsentation konform mit EpiDoc: http://epidoc.sourceforge.net</p>
        <p part="N">Majuskel und Minuskel ausgeführt nach Leidener Klammersystem, Majuskel bildet Inschrift
          originalgetreu ab, Minuskel enthält editorische Hinzufügungen</p>
      </editorialDecl>
      <projectDesc default="false">
        <p part="N">Die keltischen Götternamen in den Inschriften der römischen Provinz Germania Inferior.
          Eine Fallstudie zu Religion im Kontext von Kulturkontakt und Kulturtransfer (FWF – Projekt
          P 29274-G25 )</p>
        <p part="N">Das Forschungsprojekt beabsichtigt, sämtliche keltischen Götternamen, die sich in
          lateinischen Inschriften der römischen Provinz Germania Inferior erhaltenen haben,
          zusammenzustellen und auszuwerten. Die gewählte Quellengrundlage erscheint besonders
          geeignet Erscheinungsformen zu untersuchen, welche auf religiöser Ebene durch das
          Zusammentreffen von verschiedenen kulturellen Einflüssen entstanden sind. Diese sind hier
          einerseits definiert durch die Verwendung der keltischen Sprache, andererseits durch die
          lateinische Sprache und durch Formen aus dem Inneren des Imperium Romanum, die man mit dem
          Etikett „römisch“ versehen kann. Das Interesse gilt dabei nicht nur religiösen, sondern
          auch damit verbundenen gesellschaftlichen Aspekten und den entsprechenden Mentalitäten.
          Doch soll damit auch zu einem verbesserten Gesamtbild der Provinzialreligion in
          Niedergermanien beigetragen werden.<lb/> Die Abschlusspublikation wird ergänzt um einen
          ausführlichen sprachwissenschaftlichen Kommentar (von Patrizia de Bernardo Stempel) in der
          Reihe ‚Corpus - F.E.R.C.AN. (Fontes epigraphici religionum Celticarum antiquarum)‘
          erscheinen. </p>
      </projectDesc>
    </encodingDesc>
    <profileDesc>
      <langUsage default="false">
        <language ident="la">Latein</language>
      </langUsage>
      <textClass default="false">
        <keywords>
          <list>
            <item>
                            <ref type="context" target="context:fercan.dedication.pro_salute_domini_nostri">pro salute domini nostri</ref>
                        </item>
            <item/> <!-- Belegform gesamt  --> <item> <ref target="context:fercan.divinepart." type="context"> </ref> </item></list></keywords>
      </textClass>
    </profileDesc>
    <revisionDesc status="draft">
      <change when="2019" n="1" corresp="https://gams.uni-graz.at/o:fercan.115/TEI_SOURCE.2020-02-26" status="draft">Initial
        Version</change>
      <change when="2020" n="2" corresp="https://gams.uni-graz.at/o:fercan.115/TEI_SOURCE.2022-03-07" status="draft">Version 2</change>
      <change when="2022" n="3" status="draft">Version 3</change>
    </revisionDesc>
  </teiHeader>
  <facsimile>
    <graphic mimeType="image/jpeg" xml:id="IMAGE.1" url="file:///0115_Front.jpg">
      <desc>Front, EDCS-01200332 (RGM Köln), Rechte vorbehalten</desc>
    </graphic>
  </facsimile>
  <text>
    <body>
      <ab part="N">
                <ref target="context:fercan" type="context">FERCAN</ref>
            </ab>
      <div subtype="editions" type="bibliography" org="uniform" part="N" sample="complete">
        <listBibl default="false">
          <bibl xml:id="LIT.1" default="false" status="draft">ILS 4630 mit add.</bibl>
          <bibl xml:id="LIT.2" default="false" status="draft">CIL XIII 8492</bibl>
          <bibl xml:id="LIT.3" default="false" status="draft">Alföldy 1968 Hilfstruppen, 220, Nr.184</bibl>
          <bibl xml:id="LIT.4" default="false" status="draft">Galsterer/Galsterer 1975, Nr.39</bibl>
          <bibl xml:id="LIT.5" default="false" status="draft">Galsterer/Galsterer 1981, 230, Anm.12</bibl>
          <bibl xml:id="LIT.6" default="false" status="draft">Galsterer/Galsterer 2010, Nr.52</bibl>
          <bibl xml:id="LIT.7" default="false" status="draft">KIK 2012, Nr.55</bibl>
        
            <bibl xml:id="8">Scheungraber 2020, 62</bibl>
        
            <bibl xml:id="9">Ferlut 2022, Nr.622</bibl>
        </listBibl>
      </div>
      <div subtype="concordances" type="bibliography" org="uniform" part="N" sample="complete">
        <listBibl>
                    <bibl type="EDCS">
                        <idno>EDCS-01200332</idno>
                        <date>zuletzt aufgerufen am 24. Februar 2020</date>
                    </bibl>
                    <bibl type="trismegistos">
                        <idno>www.trismegistos.org/text/415508</idno>
                        <date>zuletzt aufgerufen am 26.
              Juli 2021</date>
                    </bibl>
                </listBibl>
      </div>
      <div type="edition" subtype="diplomatic" xml:id="majuscule" xml:lang="la" xml:space="preserve" org="uniform" part="N" sample="complete"><ab><orig><lb n="1"/><supplied reason="undefined" evidence="previouseditor" instant="false">PRO SA<gap reason="lost" extent="unknown" unit="character" instant="false"/></supplied> <lb n="2"/> 
<supplied reason="undefined" evidence="previouseditor" instant="false"><gap reason="lost" extent="unknown" unit="character" instant="false"/>V<hi rend="ligature">LI</hi> · <hi rend="ligature">MA</hi>GVSAN<gap reason="lost" extent="unknown" unit="character" instant="false"/></supplied> <lb n="3"/> 
<supplied reason="undefined" evidence="previouseditor" instant="false"><gap reason="lost" extent="unknown" unit="character" instant="false"/>IS · ABIRE<hi rend="ligature">NI</hi>BV<gap reason="lost" extent="unknown" unit="character" instant="false"/></supplied> <lb n="4"/> 
<supplied reason="undefined" evidence="previouseditor" instant="false"><gap reason="lost" extent="unknown" unit="character" instant="false"/>VANO · ET · GE<hi rend="ligature">NI</hi>O<gap reason="lost" extent="unknown" unit="character" instant="false"/></supplied><lb n="5"/> 
<supplied reason="undefined" evidence="previouseditor" instant="false"><gap reason="lost" extent="unknown" unit="character" instant="false"/>NE · MAHAL<gap reason="lost" extent="unknown" unit="character" instant="false"/></supplied> <lb n="6"/> 
<supplied reason="undefined" evidence="previouseditor" instant="false"><gap reason="lost" extent="unknown" unit="character" instant="false"/>T</supplied>O<hi rend="ligature">R<supplied reason="undefined" evidence="previouseditor" instant="false">I</supplied></hi>E<supplied reason="undefined" evidence="previouseditor" instant="false"> · MERCV<gap reason="lost" extent="unknown" unit="character" instant="false"/></supplied> <lb n="7"/> 
<supplied reason="undefined" evidence="previouseditor" instant="false"><gap reason="lost" extent="unknown" unit="character" instant="false"/><hi rend="ligature">R<gap quantity="1" reason="lost" unit="character" instant="false"/></hi></supplied>S · QVE · D<supplied reason="undefined" evidence="previouseditor" instant="false"><hi rend="ligature">II</hi>S · DEA<gap reason="lost" extent="unknown" unit="character" instant="false"/></supplied> <lb n="8"/> 
<supplied reason="undefined" evidence="previouseditor" instant="false"><gap reason="lost" extent="unknown" unit="character" instant="false"/><hi rend="ligature">NI</hi></supplied>BVS · SIM<supplied reason="undefined" evidence="previouseditor" instant="false">ILIN<gap reason="lost" extent="unknown" unit="character" instant="false"/></supplied> <lb n="9"/> 
<gap reason="lost" extent="unknown" unit="character" instant="false"/>NVS · VER<supplied reason="undefined" evidence="previouseditor" instant="false">ED · <gap reason="lost" extent="unknown" unit="character" instant="false"/></supplied> <lb n="10"/> 
<gap reason="lost" extent="unknown" unit="character" instant="false"/>STIS · D<hi rend="ligature">IR</hi>M<supplied reason="undefined" evidence="previouseditor" instant="false">ES<gap reason="lost" extent="unknown" unit="character" instant="false"/></supplied> <lb n="11"/> 
<gap reason="lost" extent="unknown" unit="character" instant="false"/>NVS · ITEM · <supplied reason="undefined" evidence="previouseditor" instant="false">CV<gap reason="lost" extent="unknown" unit="character" instant="false"/></supplied> <lb n="12"/> 
<supplied reason="undefined" evidence="previouseditor" instant="false"><gap reason="lost" extent="unknown" unit="character" instant="false"/>NUM CVM <gap reason="lost" extent="unknown" unit="character" instant="false"/></supplied></orig></ab></div>
      <div type="edition" xml:lang="la" xml:id="minuscule" subtype="normalised" xml:space="preserve" org="uniform" part="N" sample="complete"><ab part="N"><lb n="1"/>Pro sa<supplied reason="lost" cert="low" instant="false"><expan instant="false"><abbr>l</abbr><ex instant="false">ute</ex></expan> <expan instant="false"><abbr>d</abbr><ex instant="false">omini</ex></expan> <expan instant="false"><abbr>n</abbr><ex instant="false">ostri</ex></expan></supplied><lb n="2"/><supplied reason="lost" instant="false">Herc</supplied>uli Magusan<supplied reason="lost" instant="false">o Ma</supplied><lb n="3" break="no"/><supplied reason="lost" cert="low" instant="false">tron</supplied>is Abirenibu<supplied reason="lost" instant="false">s et</supplied><lb n="4"/><supplied reason="lost" instant="false">Sil</supplied>vano et Genio <supplied reason="lost" instant="false"><expan instant="false"><abbr>loc</abbr><ex instant="false">i</ex></expan></supplied><lb n="5"/><supplied reason="lost" instant="false">Dia</supplied><expan instant="false"><abbr>n</abbr><ex instant="false">a</ex></expan>e Mahal<supplied reason="lost" cert="low" instant="false">inis</supplied><lb n="6"/><supplied reason="lost" instant="false">Vic</supplied><expan instant="false"><abbr>tori</abbr><ex instant="false">a</ex></expan>e Mercu<supplied reason="lost" instant="false">rio</supplied><lb n="7"/><supplied reason="lost" instant="false">cete</supplied>risque diis dea<supplied reason="lost" instant="false">bus</supplied><lb n="8"/><supplied reason="lost" instant="false">om</supplied>nibus. Similin<supplied reason="lost" instant="false">ius</supplied><lb n="9"/><gap reason="lost" extent="unknown" unit="character" instant="false"/>nus <expan instant="false"><abbr>vered</abbr><ex instant="false">arius</ex></expan> <supplied reason="lost" instant="false">et</supplied><lb n="10"/><gap reason="lost" extent="unknown" unit="character" instant="false"/>stis Dirmes<supplied reason="lost" cert="low" instant="false">us</supplied><lb n="11"/><supplied reason="lost" instant="false"> vetera</supplied>nus item cu<supplied reason="lost" instant="false"><expan instant="false"><abbr>rat</abbr><ex instant="false">or</ex></expan></supplied><lb n="12"/><supplied reason="lost" instant="false"><expan instant="false"><abbr>n</abbr><ex instant="false">umeri</ex></expan> Brito</supplied>num cum <gap reason="lost" extent="unknown" unit="character" instant="false"/></ab></div>
      <div type="translation" xml:lang="de" org="uniform" part="N" sample="complete">
        <p part="N">Für das Wohl unseres Herrn! <lb/> Für <rs type="divine">Hercules Magusanus,</rs> die <rs type="divine">Matronae Abirenes, Silvanus,</rs> den <rs type="divine">Genius loci,
            Diana,</rs> die <rs type="divine">Mahalinae, Victoria, Merkur</rs> und alle übrigen
          Götter und Göttinnen! <lb/> Similinius …nus, Kurier, und …stis Dirmesus, Veteran und
          curator numeri der Britones mit …</p>
      </div>
      <div type="translation" xml:lang="en" org="uniform" part="N" sample="complete">
        <p part="N">As a gift for the welfare of our lord! <lb/> To <rs type="divine">Hercules
            Magusanus,</rs> the <rs type="divine">Matronae Abirenes, Silvanus,</rs> the <rs type="divine">Genius loci, Diana,</rs> the <rs type="divine">Mahalinae, Victoria,
            Mercury</rs> and to all the other gods and goddesses! <lb/> Similinius …nus, a
          messenger, and …stis Dirmesus, a veteran and curator numeri of the Britones with …</p>
      </div>
      <div type="apparatus" org="uniform" part="N" sample="complete">
        <app loc="#MIN.1 #MAJ.1">
          <tei:note xmlns:tei="http://www.tei-c.org/ns/1.0" anchored="true">Am Anf.: In h(onorem) d(omus) d(ivinae) – Alföldy; die unterstrichenen Teile in            Z.1–12 sind heute nicht mehr erhalten, sie werden nach CIL wiedergegeben; fehlt – Scheungraber; Pro sa[l(ute) d(omini) n(ostri)] – Ferlut </tei:note>
        </app>
        <app loc="#MIN.2 #MAJ.2">
          <tei:note xmlns:tei="http://www.tei-c.org/ns/1.0" anchored="true">[Herc]uli Magusan[o Ambi-] – Galsterer/Galsterer 1981; ohne Ligaturen – ILS,
            Alföldy, Galsterer/Galsterer 2010, KIK 2012</tei:note>
        </app>
        <app loc="#MIN.3 #MAJ.3">
          <tei:note xmlns:tei="http://www.tei-c.org/ns/1.0" anchored="true">[amarc]is Abirenibu[s et] – Galsterer/Galsterer 1981; ohne Ligatur – ILS, Alföldy,            Galsterer/Galsterer 2010, KIK 2012; ohne Zeilenwechsel – ILS; [-tron]is Abirenibu[s et] – Ferlut</tei:note>
        </app>
        <app loc="#MIN.4 #MAJ.4">
          <tei:note xmlns:tei="http://www.tei-c.org/ns/1.0" anchored="true">Geni[o], ohne Ligatur – ILS; ohne Ligatur – Alföldy, Galsterer/Galsterer 2010, KIK
            2012</tei:note>
        </app>
        <app loc="#MIN.5 #MAJ.5">
          <tei:note xmlns:tei="http://www.tei-c.org/ns/1.0" anchored="true">[Dia]nae – Alföldy, [Dia]ne – Galsterer/Galsterer 1975, Galsterer/Galsterer 2010,            KIK2012; Mahal[ineis] – Galsterer/Galsterer 2010, KIK 2012, Scheungraber; Mahal[inis] – Ferlut </tei:note>
        </app>
        <app loc="#MIN.6 #MAJ.6">
          <tei:note xmlns:tei="http://www.tei-c.org/ns/1.0" anchored="true">am Anf. [---]rie, ohne Ligatur – ILS; [Vic]torie – Galsterer/Galsterer 1975,
            Galsterer/Galsterer 2010, KIK 2012; ohne Ligatur – Alföldy, Galsterer/Galsterer 2010,
            KIK 2012</tei:note>
        </app>
        <app loc="#MIN.7 #MAJ.7">
          <tei:note xmlns:tei="http://www.tei-c.org/ns/1.0" anchored="true">dis dea[busque], ohne Ligaturen – ILS; dis – Alföldy, Galsterer/Galsterer 1975,            Galsterer/Galsterer 2010, KIK 2012, Scheungraber, Ferlut; ohne Ligaturen – Alföldy, Galsterer/Galsterer 2010, KIK 2012</tei:note>
        </app>
        <app loc="#MIN.8 #MAJ.8">
          <tei:note xmlns:tei="http://www.tei-c.org/ns/1.0" anchored="true">[omn]ibus, ohne Ligatur – ILS; Similini[us] – Alföldy, Galsterer/Galsterer 1975, Galsterer/Galsterer 2010, KIK2012, Scheungraber, Ferlut; ohne Ligaturen – Alföldy, Galsterer/Galsterer 2010;            KIK 2012</tei:note>
        </app>
        <app loc="#MIN.9 #MAJ.9">
          <tei:note xmlns:tei="http://www.tei-c.org/ns/1.0" anchored="true">vered[ar.] – ILS</tei:note>
        </app>
        <app loc="#MIN.10 #MAJ.10">
          <tei:note xmlns:tei="http://www.tei-c.org/ns/1.0" anchored="true">Dirimes[---] Alföldy, ohne Ligatur – ILS, Alföldy, Galsterer/Galsterer 2010, KIK
            2012</tei:note>
        </app>
        <app loc="#MIN.11. #MAJ.11.">
          <tei:note xmlns:tei="http://www.tei-c.org/ns/1.0" anchored="true">item c[---] – ILS</tei:note>
        </app>
        <app loc="#MIN.12 #MAJ.12">
          <tei:note xmlns:tei="http://www.tei-c.org/ns/1.0" anchored="true">[…]cu[…] – ILS; [n(umeri) Brit(t)o]num cum [---] – Alföldy; [n(umeri) Britto]num cum [ – Scheungraber, Ferlut</tei:note>
        </app>
      </div>
      <div type="commentary" subtype="general" org="uniform" part="N" sample="complete">
        <p part="N">veredarius: bezeichnet einen Kurier oder Postreiter </p>
        <p part="N"> curator: Dabei handelt es sich vielleicht eher um einen curator eines Kollegiums des
          numerus Britonum als um einen curator eines numerus der Britones. <lb/>
          <lb/> numerus Britonum: Eine Einheit dieses Namens ist sowohl aus Ober- als auch aus
          Niedergermanien bekannt. Die niedergermanische Truppe war in Divitiae (Deutz) stationiert.
          Der älteste Beleg für sie stammt aus der Zeit des Caracalla oder des Elagabal. Zu ihren
          Aufgaben zählten die Verteidigung der Colonia Claudia Ara Agrippinensium sowie
          Erkundungszüge ins rechtsrheinische Gebiet (Alföldy 1968 Hilfstruppen, 79). </p>
        <p part="N"> Similinius: einheimisches Pseudogentilnomen, abgeleitet vom lateinischen Cognomen
          Similis, tritt fast ausschließlich in der Germania Inferior auf (Kakoschke 2006, GN 1188);
          “Similinius sur Similis est sans aucun doute un nom latin d'assonance germanique, avec ici
          la forme patronymique germanique” (Raepsaet-Charlier 2003; 296). </p>
        <p part="N"> Dirmesus: keltisches Cognomen? (Kakoschke 2007, CN 1087)</p>
      </div>
      <div type="commentary" subtype="language" org="uniform" part="N" sample="complete">
        <p part="N">v.5: „Diane” pro „Dianae”<lb/>v.6: „Victorie” pro „Victoriae”</p>
      </div>
      <div type="commentary" subtype="deity" org="uniform" part="N" sample="complete">        <p part="N">
          <rs type="divine">Abirenes:</rs> keltisch: ‚Anwohner des Rheins’ (de Bernardo Stempel Corpus F.E.R.C.A.N. II/1 258f) </p>
        <p part="N"> Vorkommen in theonymischen Formularen: </p>
        <p part="N">
          <rs type="divine">Matronae? Abirenes</rs>: <lb/> - Germania Inferior: In der hier
          vorgelegten Inschrift deutet der vor dem Götternamen erhaltene Wortausgang “-is” darauf
          hin, dass ursprünglich „Matronis Abirenibus“ zu lesen war. <lb/> - außerhalb der Germania
          Inferior: - </p>
        <p part="N">
          <rs type="divine">Abirenes</rs>: - Germania Inferior: Der Göttername ist in der Variante
          Ambioreneses 1x belegt (CF-GeI-106). <lb/> - außerhalb der Germania Inferior: - </p>
        <p part="N"> *** </p>
        <p part="N">
          <rs type="divine">Magusanus</rs>: keltisch:<rs type="divine"/> ‚Mächtiger Alter' (de Bernardo Stempel Corpus F.E.R.C.A.N. II/1 109-111). </p>
        <p part="N"> Vorkommen in theonymischen Formularen: </p>
        <p part="N">
          <rs type="divine">Hercules Magusanus</rs>: <lb/> - Germania Inferior: sehr gut belegt
          (CF-GeI-115, 127–132, 134–139, 242–244), 1x darunter in Verbindung mit dem
          Gottheitsdeterminativ deus (CF-GeI-139) <lb/> - außerhalb der Germania Inferior: in Rom
          und in verschiedenen Provinzen vereinzelt nachgewiesen: Belgica, Britannia, Dacia (hier 1x
          auch als <rs type="divine">deus invictus Hercules Magusanus</rs> [AE 1977, 702]), Pannonia
          Superior </p>
        <p part="N">
          <rs type="divine">Magusanus Hercules</rs>: <lb/> - Germania Inferior: nur 1x bezeugt
          (CF-GeI-133) <lb/> - außerhalb der Germania Inferior: - </p>
        <p part="N">
          <rs type="divine">Magusanus</rs>: <lb/> - Germania Inferior: in dieser Provinz nicht
          bezeugt <lb/> - außerhalb der Germania Inferior: In der Provinz Dacia ist 1x ein <rs type="divine">deus Mag…</rs> bezeugt (AE 1995, 1280). </p>
        <p part="N"> *** </p>
        <p part="N">
          <rs type="divine">Mahal[---]?:</rs> keltisch: "die weggebrochene Belegform Mahal[---] [dürfte] m. E. den keltischen Namen einer anderen fürstlichen Gottheit darstellen und somit eher als <rs type="divine">Mahal[ui]</rs> bzw. <rs type="divine">Mahal[o]</rs> oder <rs type="divine">Mahal[i]</rs> bzw. <rs type="divine">Mahal[e]</rs> zu ergänzen sein." (de Bernardo Stempel Corpus F.E.R.C.A.N. II/1 190).<br/>
                </p>
            </div>
      <linkGrp type="alignment" domains="#majuscule #minuscule">
        <link target="#MAJ.1 #MIN.1"/>
        <link target="#MAJ.2 #MIN.2"/>
        <link target="#MAJ.3 #MIN.3"/>
        <link target="#MAJ.4 #MIN.4"/>
        <link target="#MAJ.5 #MIN.5"/>
        <link target="#MAJ.6 #MIN.6"/>
        <link target="#MAJ.7 #MIN.7"/>
        <link target="#MAJ.8 #MIN.8"/>
        <link target="#MAJ.9 #MIN.9"/>
        <link target="#MAJ.10 #MIN.10"/>
        <link target="#MAJ.11 #MIN.11"/>
        <link target="#MAJ.12 #MIN.12"/>
      </linkGrp>
    </body>
        <back>
            <tei:note xmlns:tei="http://www.tei-c.org/ns/1.0" type="Objbeschr_note" anchored="true"/>
            <tei:note xmlns:tei="http://www.tei-c.org/ns/1.0" type="ArchKlass_note" anchored="true"/>
            <tei:note xmlns:tei="http://www.tei-c.org/ns/1.0" type="Material_note" anchored="true"/>
            <tei:note xmlns:tei="http://www.tei-c.org/ns/1.0" type="Inschrifttraeger_note" anchored="true"/>
            <tei:note xmlns:tei="http://www.tei-c.org/ns/1.0" type="VerwahrortOrt_note" anchored="true"/>
            <tei:note xmlns:tei="http://www.tei-c.org/ns/1.0" type="InvNr_note" anchored="true"/>
            <tei:note xmlns:tei="http://www.tei-c.org/ns/1.0" type="Fundstelle_note" anchored="true"/>
            <tei:note xmlns:tei="http://www.tei-c.org/ns/1.0" type="Fundumst_note" anchored="true"/>
            <tei:note xmlns:tei="http://www.tei-c.org/ns/1.0" type="Fundjahr_note" anchored="true"/>
            <tei:note xmlns:tei="http://www.tei-c.org/ns/1.0" type="FOantik_note" anchored="true"/>
            <tei:note xmlns:tei="http://www.tei-c.org/ns/1.0" type="FOmodern_note" anchored="true"/>
            <tei:note xmlns:tei="http://www.tei-c.org/ns/1.0" type="civitas_note" anchored="true"/>
            <tei:note xmlns:tei="http://www.tei-c.org/ns/1.0" type="Autopsie_note" anchored="true"/>
            <tei:note xmlns:tei="http://www.tei-c.org/ns/1.0" type="Appcrit_note" anchored="true"/>
            <tei:note xmlns:tei="http://www.tei-c.org/ns/1.0" type="Abb_note" anchored="true"/>
            <tei:note xmlns:tei="http://www.tei-c.org/ns/1.0" type="englUEbers_note" anchored="true"/>
            <tei:note xmlns:tei="http://www.tei-c.org/ns/1.0" type="dtUEbers_note" anchored="true"/>
            <tei:note xmlns:tei="http://www.tei-c.org/ns/1.0" type="Editionen_note" anchored="true"/>
            <tei:note xmlns:tei="http://www.tei-c.org/ns/1.0" type="ErhzustObj_note" anchored="true"/>
            <tei:note xmlns:tei="http://www.tei-c.org/ns/1.0" type="Masse_note" anchored="true"/>
            <tei:note xmlns:tei="http://www.tei-c.org/ns/1.0" type="Ikonogr_note" anchored="true"/>
            <tei:note xmlns:tei="http://www.tei-c.org/ns/1.0" type="Inschrtext_note" anchored="true"/>
            <tei:note xmlns:tei="http://www.tei-c.org/ns/1.0" type="ErhzustInschr_note" anchored="true"/>
            <tei:note xmlns:tei="http://www.tei-c.org/ns/1.0" type="Schrifttechnik_note" anchored="true"/>
            <tei:note xmlns:tei="http://www.tei-c.org/ns/1.0" type="Buchsthoehe_note" anchored="true"/>
            <tei:note xmlns:tei="http://www.tei-c.org/ns/1.0" type="Notvar_note" anchored="true"/>
            <tei:note xmlns:tei="http://www.tei-c.org/ns/1.0" type="SonstKomm_note" anchored="true"/>
            <tei:note xmlns:tei="http://www.tei-c.org/ns/1.0" type="Datierung_note" anchored="true"/>
            <tei:note xmlns:tei="http://www.tei-c.org/ns/1.0" type="KommGoettern_note" anchored="true">
                <p part="N">Alte Version (17.04.23):</p>
                <p part="N">
                    <span style="box-sizing: border-box; color: rgb(71, 71, 71); font-family: &#34;Open Sans&#34;, Arial, Helvetica, sans-serif; font-size: 14px; font-variant: small-caps; font-weight: 400; letter-spacing: normal; orphans: 2; text-align: start; text-indent: -30px; text-transform: none; white-space: normal; widows: 2; word-spacing: 0px; -webkit-text-stroke-width: 0px; background-color: rgb(255, 255, 255); text-decoration-thickness: initial; text-decoration-style: initial; text-decoration-color: initial; font-style: italic;">Abirenes:</span>
                    <span style="color: rgb(71, 71, 71); font-family: &#34;Open Sans&#34;, Arial, Helvetica, sans-serif; font-size: 14px; font-style: normal; font-variant-ligatures: normal; font-variant-caps: normal; font-weight: 400; letter-spacing: normal; orphans: 2; text-align: start; text-indent: -30px; text-transform: none; white-space: normal; widows: 2; word-spacing: 0px; -webkit-text-stroke-width: 0px; background-color: rgb(255, 255, 255); text-decoration-thickness: initial; text-decoration-style: initial; text-decoration-color: initial; display: inline !important; float: none;">
                        <span/>keltisch; ursprünglicher Zugehörigkeitsbeiname zum Gebiet um den Fluss Renos, ‚die Gottheiten um den Renos‘ (de Bernardo Stempel in Spickermann 2005, 139)</span>
                </p>
                <p part="N"> *** </p>
        <p part="N">
          Magusanus: Germanisierung des keltischen Kultnamens * Mogusenos:, ,der mächtige Alte‘, später sukzessive germanisiert zu
            Magusenos, Magusanos und Macusanos (de Bernardo Stempel in Spickermann 2005, 146, vgl. Toorians 2003) </p>
                <p part="N"> *** </p>
        <p part="N">
          Mahalinae: keltisch (Delamarre 2007, 124); anders: germanischer
          Göttername (Neumann 1987, 109; vgl. Gutenbrunner 1936, 183); in der Germania Inferior
          ansonsten belegt als Mahlinehae. </p>
                <p part="N"/>
                <p part="N">
                    <span style="color: rgb(71, 71, 71); font-family: &#34;Open Sans&#34;, Arial, Helvetica, sans-serif; font-size: 14px; font-style: normal; font-variant-ligatures: normal; font-variant-caps: normal; font-weight: 400; letter-spacing: normal; orphans: 2; text-align: start; text-indent: -30px; text-transform: none; white-space: normal; widows: 2; word-spacing: 0px; -webkit-text-stroke-width: 0px; background-color: rgb(255, 255, 255); text-decoration-thickness: initial; text-decoration-style: initial; text-decoration-color: initial; display: inline !important; float: none;"/>
                </p>
            </tei:note>
        </back>
  </text>
</TEI>