<?xml-model href="https://gams.uni-graz.at/context:fercan/SCHEMA_EPIDOC_9.1" type="application/xml" schematypens="http://relaxng.org/ns/structure/1.0"?><TEI xmlns="http://www.tei-c.org/ns/1.0" xmlns:xsi="http://www.w3.org/2001/XMLSchema-instance" xml:id="inferior3">
    <teiHeader>
        <fileDesc>
            <titleStmt>
                <title type="full">
                    <title type="main">Mercurius Gebrinius</title>
                    <title type="sub">CF-GeI-3</title>
                </title>
                <respStmt>
                    <resp>Inschriftenedition</resp>
                    <persName instant="false" full="yes">
                        <forename full="yes">Werner</forename>
                        <surname full="yes">Petermandl</surname>
                    </persName>
                </respStmt>
                <respStmt>
                    <resp>Archäologische Beschreibung und geografische Daten</resp>
                    <persName instant="false" full="yes">
                        <forename full="yes">Astrid</forename>
                        <surname full="yes">Schmölzer</surname>
                    </persName>
                </respStmt>
                <funder ref="https://www.fwf.ac.at">Austrian Science Fund (FWF): P
                  29274-G25</funder>
            </titleStmt>
            <publicationStmt>
                <publisher>
                    <link target="https://antike.uni-graz.at"/>
                    <orgName ref="https://d-nb.info/gnd/1213531357" instant="false" full="yes">Institut für Antike, Fachbereich
                    Alte Geschichte und Epigraphik, Karl-Franzens-Universität Graz</orgName>
                </publisher>
                <authority>
                    <link target="https://informationsmodellierung.uni-graz.at"/>
                    <orgName ref="http://d-nb.info/gnd/1137284463" instant="false" full="yes">Zentrum für
                    Informationsmodellierung - Austrian Centre for Digital Humanities,
                    Karl-Franzens-Universität Graz</orgName>
                </authority>
                <distributor>
                    <link target="https://gams.uni-graz.at"/>
                    <orgName instant="false" full="yes">GAMS - Geisteswissenschaftliches Asset Management System</orgName>
                </distributor>
                <date when="2022" instant="false">2022</date>
                <pubPlace>Graz</pubPlace>
                <idno type="PID">o:fercan.3</idno>
                <availability default="false">
                    <licence target="https://creativecommons.org/licenses/by-nc/4.0">Creative Commons
                    BY-NC 4.0</licence>
                </availability>
            </publicationStmt>
            <seriesStmt>
                <title ref="https://gams.uni-graz.at/fercan">FERCAN: Fontes Epigraphici Religionum
                  Celticarum Antiquarum</title>
                <respStmt>
                    <resp>Projektleitung</resp>
                    <persName instant="false" full="yes">
                        <forename full="yes">Wolfgang</forename>
                        <surname full="yes">Spickermann</surname>
                    </persName>
                </respStmt>
            </seriesStmt>
            <sourceDesc default="false">
                <msDesc status="draft">
                    <msIdentifier>
                        <settlement>Bonn</settlement>
                        <repository>Rheinisches Landesmuseum</repository>
                        <idno>D 263</idno>
                    </msIdentifier>
                    <msContents>
                        <summary>Weihinschrift</summary>
                    </msContents>
                    <physDesc>
                        <objectDesc>
                            <supportDesc>
                                <support>
                                    <p part="N">Der Aedicula-Altar weist über dem nicht gerahmten Inschriftenfeld, das auf einem einfachen, aber sehr breiten Sockel steht, eine leicht vorspringende Standfläche für die Darstellung des Gottes auf, der sich in einer angedeuteten Aedicula befindet.<lb/>Der obere Abschluss wird durch einen gebrochenen Giebel geleistet, der links und rechts von Pulvini bekrönt wird (links leicht bestoßen, rechts obere Hälfte abgeschlagen). In der Mitte ist die endgültige Bekrönung aufgrund leichter Bestoßung nicht mehr klar nachvollziehbar. Auffällig ist die geringe Breite, die dem Weihestein eine stelenartige Erscheinung verleiht.<lb/>Die Aedicula setzt sich vom Inschriftenfeld durch eine erhabene Standfläche ab. Zu beiden Seiten wirkt die glatte Oberfläche wie eine Begrenzung durch Pilaster, die oben durch einen schmalen, kapitellartigen Aufsatz mit anschließendem Gebälk abgeschlossen werden.<lb/>Darüber befinden sich die auf einem schmalen Sockel gelagerten Überreste der Pulvini, die jeweils mit einem vierblättrigen Rosettenornament versehen sind. Der oben erhaltene Abschluss mutet kuppelartig an.</p>
                                    <material>
                                        <ref type="context" target="context:fercan.material.kalkstein" ana="https://gams.uni-graz.at/o:fercan.arch#C.120210">Kalkstein</ref>
                                    </material>
                                    <objectType>Aedicula-Altar</objectType>
                                    <dimensions>
                                        <height unit="cm">62,0</height>
                                        <width unit="cm">43,0</width>
                                        <depth unit="cm">21,0</depth>
                                    </dimensions>
                                </support>
                                <condition>
                                    <ref type="context" target="context:fercan.condition-o.vollstaendig" ana="https://gams.uni-graz.at/o:fercan.arch#C.130400">vollständig</ref>
                                </condition>
                            </supportDesc>
                            <layoutDesc>
                                <layout>
                                    <p part="N">Der Inschriftentext ist vollständig erhalten. Die letzte Zeile ist beträchtlich kleiner und nicht zentriert. Die kleineren Buchstaben in der letzten Zeile scheinen nicht so sorgfältig; möglicherweise sind sie von anderer Hand nachträglich hinzugefügt.<lb/>Ligaturen: s. Majuskeltext. Besondere Zeichen: In Z.1 eine Ligatur von I und N mit verlängerter linker senkrechter Haste (H: 4,4 cm). – In Z.4 wurde ein T an erster Stelle teilweise getilgt, vermutlich, weil fälschlich TT statt T geschrieben wurde (so Lehner 1930, Nr.46) oder weil das erste T zunächst als für zu weit vorne gesetzt erachtet worden war (so Nesselhauf 1937, Nr.188).<lb/>In den Buchstaben finden sich Reste roter Farbe. Es sind vorlinierte Zeilen erkennbar.</p>
                                    <tei:note xmlns:tei="http://www.tei-c.org/ns/1.0" type="condition" anchored="true">vollständig</tei:note>
                                </layout>
                            </layoutDesc>
                        </objectDesc>
                        <handDesc>
                            <handNote>
                                <desc type="execution">gemeißelt</desc>
                                <height unit="cm" atLeast="1.8" atMost="3.1">1,8–3,1 cm</height>
                            </handNote>
                        </handDesc>
                        <decoDesc>
                            <decoNote>
                                <p part="N">Die leicht in den Stein eingetiefte Aedicula zeigt Merkur mit einem Widder zu seiner Linken und (vermutlich) einem Hahn zu seiner Rechten. Merkur ist stehend dargestellt und nackt bis auf den über der linken Schulter zusammengehaltenen Mantel, der über den rechten Ellbogen und den Rücken herabfällt. In der rechten Hand hält er den Heroldsstab (Caduceus) wie ein Zepter, während die linke Hand einen nicht klar erkennbaren Gegenstand über den Hörnern des Widders hält. Laut Lehner (1930, 20) handelt es sich hierbei um einen Geldbeutel. Auf dem Kopf sind die für Merkur typischen Flügel zu erkennen. An der Körperform auffällig erscheint der etwas zu groß wirkende Kopf. Die Körperhaltung entspricht einem Kontrapost mit Stand- und Spielbein. <lb/>  
Der Widder zu seiner Linken blickt den Betrachter frontal an, während der Körper seitlich gestellt ist und das Hinterteil hinter dem Standbein des Gottes endet. Klar erkennbar sind die beiden geschwungenen Hörner, typisch für einen Widder. Ebenfalls erkennbar ist die zottige Fellgestaltung. <lb/> 
Zur Rechten des Gottes befindet sich ein stehender, großer Vogel, bei dem es sich laut Literatur (Lehner 1930, 20) um einen Hahn handeln soll, was aufgrund der Bildkomposition auch wahrscheinlich erscheint. Allerdings ist der Kopf des Vogels abgeschlagen.</p>
                                <term ana="https://gams.uni-graz.at/o:fercan.arch#C.220000">
                                    <ref type="context" target="context:fercan.arch.architektur">Architektur</ref>
                                </term>
                                <term ana="https://gams.uni-graz.at/o:fercan.arch#C.150800">
                                    <ref type="context" target="context:fercan.arch.aufsatzschmuck">Aufsatzschmuck</ref>
                                </term>
                                <term ana="https://gams.uni-graz.at/o:fercan.arch#C.253200">
                                    <ref type="context" target="context:fercan.arch.baum">Baum</ref>
                                </term>
                                <term ana="https://gams.uni-graz.at/o:fercan.arch#C.251100">
                                    <ref type="context" target="context:fercan.arch.caduceus">Caduceus</ref>
                                </term>
                                <term ana="https://gams.uni-graz.at/o:fercan.arch#C.250900">
                                    <ref type="context" target="context:fercan.arch.fluegelkappe">Flügelkappe</ref>
                                </term>
                                <term ana="https://gams.uni-graz.at/o:fercan.arch#C.220110">
                                    <ref type="context" target="context:fercan.arch.gebrochener_giebel">gebrochener Giebel</ref>
                                </term>
                                <term ana="https://gams.uni-graz.at/o:fercan.arch#C.251000">
                                    <ref type="context" target="context:fercan.arch.geldbeutel">Geldbeutel</ref>
                                </term>
                                <term ana="https://gams.uni-graz.at/o:fercan.arch#C.240100">
                                    <ref type="context" target="context:fercan.arch.goetterbild">Götterbild</ref>
                                </term>
                                <term ana="https://gams.uni-graz.at/o:fercan.arch#C.254133">
                                    <ref type="context" target="context:fercan.arch.hahn">Hahn</ref>
                                </term>
                                <term ana="https://gams.uni-graz.at/o:fercan.arch#C.220200">
                                    <ref type="context" target="context:fercan.arch.kapitell">Kapitell</ref>
                                </term>
                                <term ana="https://gams.uni-graz.at/o:fercan.arch#C.220500">
                                    <ref type="context" target="context:fercan.arch.pilaster">Pilaster</ref>
                                </term>
                                <term ana="https://gams.uni-graz.at/o:fercan.arch#C.160000">
                                    <ref type="context" target="context:fercan.arch.reliefdekor">Reliefdekor</ref>
                                </term>
                                <term ana="https://gams.uni-graz.at/o:fercan.arch#C.150400">
                                    <ref type="context" target="context:fercan.arch.reliefschmuck">Reliefschmuck</ref>
                                </term>
                                <term ana="https://gams.uni-graz.at/o:fercan.arch#C.253060">
                                    <ref type="context" target="context:fercan.arch.rosette">Rosette</ref>
                                </term>
                                <term ana="https://gams.uni-graz.at/o:fercan.arch#C.254100">
                                    <ref type="context" target="context:fercan.arch.tier">Tier</ref>
                                </term>
                                <term ana="https://gams.uni-graz.at/o:fercan.arch#C.254130">
                                    <ref type="context" target="context:fercan.arch.vogel">Vogel</ref>
                                </term>
                                <term ana="https://gams.uni-graz.at/o:fercan.arch#C.254120">
                                    <ref type="context" target="context:fercan.arch.widder">Widder</ref>
                                </term>
                            </decoNote>
                        </decoDesc>
                    </physDesc>
                    <history>
                        <origin instant="false">
                            <origPlace instant="false">
                                <placeName ref="https://pleiades.stoa.org/places/108818" instant="false" full="yes">Bonna</placeName>
                                <region>CCAA</region>
                            </origPlace>
                            <origDate instant="false"/>
                        </origin>
                        <provenance type="found" when="1929">
                            <placeName instant="false" full="yes">
                                <ref type="context" target="context:fercan.geog.modern.bonn">Bonn</ref>
                            </placeName>
                            <p part="N">Münsterkirche</p>
                            <tei:location xmlns:tei="http://www.tei-c.org/ns/1.0" instant="false">
                                <geo decls="#WGS">50.732598 7.108382</geo>
                            </tei:location>
                            <tei:note xmlns:tei="http://www.tei-c.org/ns/1.0" anchored="true">im Fundament eines fränkischen Grabsaals verbaut</tei:note>
                        </provenance>
                        <provenance type="observed" subtype="autopsied">vidimus (CIL XIII Projekt)</provenance>
                    </history>
                </msDesc>
                <listPlace default="false">
                    <place instant="false"/>
                </listPlace>
                <listPerson default="false">
                    <person instant="false">
                        <persName type="gentilnomen" instant="false" full="yes">
                            <ref type="context" target="context:fercan.person.gentilnomen.victorius">Victorius</ref>
                        </persName>
                    </person>
                    <person instant="false">
                        <persName type="cognomen" instant="false" full="yes">
                            <ref type="context" target="context:fercan.person.cognomen.liberalis">Liberalis</ref>
                        </persName>
                    </person>
                    <person instant="false">
                        <persName type="divine" subtype="celtic_normalized" instant="false" full="yes">
                            <ref type="context" target="context:fercan.dcn.mercurius_gebrinius">Mercurius Gebrinius</ref>
                        </persName>
                    </person>
                    <person instant="false">
                        <persName type="divine" subtype="celtic_diplomatic" instant="false" full="yes">
                            <ref type="context" target="context:fercan.dcd.mercurius_gebrinius.deo_mer_curio__gebrin_">deo Mer(curio) Gebrin(io)</ref>
                        </persName>
                    </person>
                    <person instant="false">
                        <persName type="divine" subtype="celtic_element" instant="false" full="yes">
                            <ref type="context" target="context:fercan.dce.gebrinius">Gebrinius</ref>
                        </persName>
                    </person>
                    <person instant="false">
                        <persName instant="false" full="yes">
                            <roleName type="other" full="yes">
                                <ref type="context" target="context:fercan.person.other.negotiator_cretarius">negotiator cretarius</ref>
                            </roleName>
                        </persName>
                    </person>
                </listPerson>
                <listOrg default="false">
                    <org instant="false"/>
                </listOrg>
            </sourceDesc>
        </fileDesc>
        <encodingDesc>
            <geoDecl xml:id="WGS" datum="WGS84" default="false">World Geodetic System</geoDecl>
            <editorialDecl default="false">
                <p part="N">Digitale Repräsentation konform mit EpiDoc: http://epidoc.sourceforge.net</p>
                <p part="N">Majuskel und Minuskel ausgeführt nach Leidener Klammersystem, Majuskel bildet
                  Inschrift originalgetreu ab, Minuskel enthält editorische Hinzufügungen</p>
            </editorialDecl>
            <projectDesc default="false">
                <p part="N">Die keltischen Götternamen in den Inschriften der römischen Provinz Germania
                  Inferior. Eine Fallstudie zu Religion im Kontext von Kulturkontakt und
                  Kulturtransfer (FWF – Projekt P 29274-G25 )</p>
                <p part="N">Das Forschungsprojekt beabsichtigt, sämtliche keltischen Götternamen, die sich in
                  lateinischen Inschriften der römischen Provinz Germania Inferior erhaltenen haben,
                  zusammenzustellen und auszuwerten. Die gewählte Quellengrundlage erscheint
                  besonders geeignet Erscheinungsformen zu untersuchen, welche auf religiöser Ebene
                  durch das Zusammentreffen von verschiedenen kulturellen Einflüssen entstanden
                  sind. Diese sind hier einerseits definiert durch die Verwendung der keltischen
                  Sprache, andererseits durch die lateinische Sprache und durch Formen aus dem
                  Inneren des Imperium Romanum, die man mit dem Etikett „römisch“ versehen kann. Das
                  Interesse gilt dabei nicht nur religiösen, sondern auch damit verbundenen
                  gesellschaftlichen Aspekten und den entsprechenden Mentalitäten. Doch soll damit
                  auch zu einem verbesserten Gesamtbild der Provinzialreligion in Niedergermanien
                  beigetragen werden.<lb/> Die Abschlusspublikation wird ergänzt um einen
                  ausführlichen sprachwissenschaftlichen Kommentar (von Patrizia de Bernardo
                  Stempel) in der Reihe ‚Corpus - F.E.R.C.AN. (Fontes epigraphici religionum
                  Celticarum antiquarum)‘ erscheinen. </p>
            </projectDesc>
        </encodingDesc>
        <profileDesc>
            <langUsage default="false">
                <language ident="la">Latein</language>
            </langUsage>
            <textClass default="false">
                <keywords>
                    <list>
                        <item>
                            <ref type="context" target="context:fercan.dedication.votum_solvit_libens_merito">votum solvit libens merito</ref>
                        </item>
                        <item/> <!-- Belegform gesamt  --> <item> <ref target="context:fercan.divinepart." type="context"> </ref> </item></list></keywords>
            </textClass>
        </profileDesc>
        <revisionDesc status="draft">
            <change when="2019" n="1" corresp="https://gams.uni-graz.at/o:fercan.3/TEI_SOURCE.2020-02-26" status="draft">Initial Version</change>
            <change when="2020" n="2" corresp="https://gams.uni-graz.at/o:fercan.3/TEI_SOURCE.2022-03-07" status="draft">Version 2</change>
            <change when="2022" n="3" status="draft">Version 3</change>
        </revisionDesc>
    </teiHeader>
    <facsimile>
        <graphic mimeType="image/jpeg" xml:id="IMAGE.1" url="file:///0003_Front.jpg">
            <desc>Front, EDCS-11202313 (CIL), Rechte vorbehalten</desc>
        </graphic>
        <graphic mimeType="image/jpeg" xml:id="IMAGE.2" url="file:///0003_Front_IS.jpg">
            <desc>Front (Inschrift), EDCS-11202313, Rechte vorbehalten</desc>
        </graphic>
    </facsimile>
    <text>
        <body>
            <ab part="N">
                <ref target="context:fercan" type="context">FERCAN</ref>
            </ab>
            <div subtype="editions" type="bibliography" org="uniform" part="N" sample="complete">
                <listBibl default="false">
                    <bibl xml:id="LIT.1" default="false" status="draft">Lehner 1930, Nr.46</bibl>
                    <bibl xml:id="LIT.2" default="false" status="draft">AE 1931, 27</bibl>
                    <bibl xml:id="LIT.3" default="false" status="draft">Nesselhauf 1937, Nr.188</bibl>
                    <bibl xml:id="LIT.4" default="false" status="draft">Espérandieu XI 7779</bibl>
                    <bibl xml:id="LIT.5" default="false" status="draft">Bauchhenß 2014, 175 Nr.97</bibl>
                
            <bibl xml:id="LIT.6" default="false" status="draft">Scheungraber 2020, 295 Nr.3</bibl>
        </listBibl>
            </div>
            <div subtype="concordances" type="bibliography" org="uniform" part="N" sample="complete">
                <listBibl>
                    <bibl type="EDCS">
                        <idno>EDCS-11202313</idno>
                        <date>zuletzt aufgerufen am 24. Februar 2020</date>
                    </bibl>
                    <bibl type="EDH">
                        <idno>HD025311</idno>
                        <date>Version vom 14. Januar 2016</date>
                    </bibl>
                    <bibl type="trismegistos">
                        <idno>www.trismegistos.org/text/251352</idno>
                        <date>zuletzt aufgerufen am 29. Juni 2021</date>
                    </bibl>
                </listBibl>
            </div>
            <div type="edition" subtype="diplomatic" xml:id="majuscule" xml:lang="la" xml:space="preserve" org="uniform" part="N" sample="complete"><ab part="N"><orig><lb n="1"/>DEO · MER · GEBR<hi rend="ligature">IN</hi> <lb n="2"/> 
C · VICTORIVS <lb n="3"/> 
LIBERALIS NEGO <lb n="4"/> 
TTIAT<hi rend="ligature">OR</hi> CRETARIVS · V S L M</orig></ab></div>
            <div type="edition" xml:lang="la" xml:id="minuscule" subtype="normalised" xml:space="preserve" org="uniform" part="N" sample="complete"><ab part="N"><lb n="1"/>Deo <expan instant="false"><abbr>Mer</abbr><ex instant="false">curio</ex></expan> <expan instant="false"><abbr>Gebrin</abbr><ex instant="false">io</ex></expan><lb n="2"/><expan instant="false"><abbr>C</abbr><ex instant="false">aius</ex></expan> Victorius<lb n="3"/>Liberalis nego<lb n="4" break="no"/><sic>t</sic>tiator cretarius <expan instant="false"><abbr>v</abbr><ex instant="false">otum</ex></expan> <expan instant="false"><abbr>s</abbr><ex instant="false">olvit</ex></expan> <expan instant="false"><abbr>l</abbr><ex instant="false">ibens</ex></expan> <expan instant="false"><abbr>m</abbr><ex instant="false">erito</ex></expan></ab></div>
            <div type="translation" xml:lang="de" org="uniform" part="N" sample="complete">
                <p part="N">Für den Gott  <rs type="divine">Mercurius Gebrinius!</rs> <lb/> 
Gaius Victorius Liberalis, der Tonhändler, hat das Gelübde gerne und verdientermaßen erfüllt.</p>
            </div>
            <div type="translation" xml:lang="en" org="uniform" part="N" sample="complete">
                <p part="N">To the god  <rs type="divine">Mercurius Gebrinius!</rs> <lb/> 
Gaius Victorius Liberalis, a trader in clay, has fulfilled a vow willingly and deservedly.</p>
            </div>
            <div type="apparatus" org="uniform" part="N" sample="complete">
                <app loc="#MIN.1 #MAJ.1">
                    <tei:note xmlns:tei="http://www.tei-c.org/ns/1.0" anchored="true">Mercurio – Nesselhauf, Bauchhenß, Scheungraber; ohne Ligatur – Nesselhauf, Espérandieu, Bauchhenß, EDH</tei:note>
                </app>
                <app loc="#MIN.4 #MAJ.4">
                    <tei:note xmlns:tei="http://www.tei-c.org/ns/1.0" anchored="true">ohne Ligatur – Nesselhauf, Espérandieu, Bauchhenß, EDH</tei:note>
                </app>
            </div>
            <div type="commentary" subtype="general" org="uniform" part="N" sample="complete">
                <p part="N">Gaius Victorius Liberalis: tria nomina <lb/>
Victorius: italisches Gentilnomen oder einheimisches Pseudogentile abgeleitet vom lateinischen Cognomen Victor (Kakoschke 2006, GN 1430) <lb/>
Liberalis: verbreitetes lateinisches Cognomen (Kakoschke 2007, CN 1726) </p>
                <p part="N">

negotiator cretarius: Der Beruf ist vielleicht näher am Wort bleibend besser mit Tonhändler zu übersetzen; anders Nesselhauf, der an einen Tongeschirrhändler denkt.</p>
            </div>
            <div type="commentary" subtype="language" org="uniform" part="N" sample="complete">
                <p part="N">v.4: „negottiator“ pro „negotiator“</p>
            </div>
            <div type="commentary" subtype="deity" org="uniform" part="N" sample="complete">                <p part="N"> <rs type="divine">Gebrinius:</rs> keltisch: ‚Der Gott mit dem Widder‘ (de Bernardo Stempel <span lang="pt-PT">Corpus F.E.R.C.A.N. II/1 138f</span>). </p>
                <p part="N">

Vorkommen in theonymischen Formularen: </p>
                <p part="N">
 <rs type="divine">Mercurius Gebrinius</rs>: <lb/>
- Germania Inferior: 10x belegt (CF-GeI-1 bis CF-GeI-10). Alle Zeugnisse stammen aus Bonn. <lb/>
- außerhalb der Germania Inferior: - </p>
            </div>
            <linkGrp type="alignment" domains="#majuscule #minuscule">
                <link target="#MAJ.1 #MIN.1"/>
                <link target="#MAJ.2 #MIN.2"/>
                <link target="#MAJ.3 #MIN.3"/>
                <link target="#MAJ.4 #MIN.4"/>
            </linkGrp>
        </body>
        <back>
            <tei:note xmlns:tei="http://www.tei-c.org/ns/1.0" type="Objbeschr_note" anchored="true"/>
            <tei:note xmlns:tei="http://www.tei-c.org/ns/1.0" type="ArchKlass_note" anchored="true"/>
            <tei:note xmlns:tei="http://www.tei-c.org/ns/1.0" type="Material_note" anchored="true"/>
            <tei:note xmlns:tei="http://www.tei-c.org/ns/1.0" type="Inschrifttraeger_note" anchored="true"/>
            <tei:note xmlns:tei="http://www.tei-c.org/ns/1.0" type="VerwahrortOrt_note" anchored="true"/>
            <tei:note xmlns:tei="http://www.tei-c.org/ns/1.0" type="InvNr_note" anchored="true"/>
            <tei:note xmlns:tei="http://www.tei-c.org/ns/1.0" type="Fundstelle_note" anchored="true"/>
            <tei:note xmlns:tei="http://www.tei-c.org/ns/1.0" type="Fundumst_note" anchored="true"/>
            <tei:note xmlns:tei="http://www.tei-c.org/ns/1.0" type="Fundjahr_note" anchored="true"/>
            <tei:note xmlns:tei="http://www.tei-c.org/ns/1.0" type="FOantik_note" anchored="true"/>
            <tei:note xmlns:tei="http://www.tei-c.org/ns/1.0" type="FOmodern_note" anchored="true"/>
            <tei:note xmlns:tei="http://www.tei-c.org/ns/1.0" type="civitas_note" anchored="true"/>
            <tei:note xmlns:tei="http://www.tei-c.org/ns/1.0" type="Autopsie_note" anchored="true"/>
            <tei:note xmlns:tei="http://www.tei-c.org/ns/1.0" type="Appcrit_note" anchored="true"/>
            <tei:note xmlns:tei="http://www.tei-c.org/ns/1.0" type="Abb_note" anchored="true"/>
            <tei:note xmlns:tei="http://www.tei-c.org/ns/1.0" type="englUEbers_note" anchored="true"/>
            <tei:note xmlns:tei="http://www.tei-c.org/ns/1.0" type="dtUEbers_note" anchored="true"/>
            <tei:note xmlns:tei="http://www.tei-c.org/ns/1.0" type="Editionen_note" anchored="true"/>
            <tei:note xmlns:tei="http://www.tei-c.org/ns/1.0" type="ErhzustObj_note" anchored="true"/>
            <tei:note xmlns:tei="http://www.tei-c.org/ns/1.0" type="Masse_note" anchored="true"/>
            <tei:note xmlns:tei="http://www.tei-c.org/ns/1.0" type="Ikonogr_note" anchored="true"/>
            <tei:note xmlns:tei="http://www.tei-c.org/ns/1.0" type="Inschrtext_note" anchored="true"/>
            <tei:note xmlns:tei="http://www.tei-c.org/ns/1.0" type="ErhzustInschr_note" anchored="true"/>
            <tei:note xmlns:tei="http://www.tei-c.org/ns/1.0" type="Schrifttechnik_note" anchored="true"/>
            <tei:note xmlns:tei="http://www.tei-c.org/ns/1.0" type="Buchsthoehe_note" anchored="true"/>
            <tei:note xmlns:tei="http://www.tei-c.org/ns/1.0" type="Notvar_note" anchored="true"/>
            <tei:note xmlns:tei="http://www.tei-c.org/ns/1.0" type="SonstKomm_note" anchored="true"/>
            <tei:note xmlns:tei="http://www.tei-c.org/ns/1.0" type="Datierung_note" anchored="true"/>
            <tei:note xmlns:tei="http://www.tei-c.org/ns/1.0" type="KommGoettern_note" anchored="true"/>
        </back>
    </text>
</TEI>