<?xml-model href="https://gams.uni-graz.at/context:fercan/SCHEMA_EPIDOC_9.1" type="application/xml" schematypens="http://relaxng.org/ns/structure/1.0"?><TEI xmlns="http://www.tei-c.org/ns/1.0" xmlns:xsi="http://www.w3.org/2001/XMLSchema-instance" xml:id="inferior461">
  <teiHeader>
    <fileDesc>
      <titleStmt>
        <title type="full">
                    <title type="main">Matronae Ratheihae</title>
                    <title type="sub">CF-GeI-461</title>
                </title>
        <respStmt>
          <resp>Inschriftenedition</resp>
          <persName instant="false" full="yes">
                        <forename full="yes">Werner</forename>
                        <surname full="yes">Petermandl</surname>
                    </persName>
        </respStmt>
        <respStmt>
          <resp>Archäologische Beschreibung und geografische Daten</resp>
          <persName instant="false" full="yes">
                        <forename full="yes">Astrid</forename>
                        <surname full="yes">Schmölzer</surname>
                    </persName>
        </respStmt>
        <funder ref="https://www.fwf.ac.at">Austrian Science Fund (FWF): P 29274-G25</funder>
      </titleStmt>
      <publicationStmt>
        <publisher>
                    <link target="https://antike.uni-graz.at"/>
                    <orgName ref="https://d-nb.info/gnd/1213531357" instant="false" full="yes">Institut für Antike, Fachbereich Alte Geschichte
            und Epigraphik, Karl-Franzens-Universität Graz</orgName>
                </publisher>
        <authority>
                    <link target="https://informationsmodellierung.uni-graz.at"/>
                    <orgName ref="http://d-nb.info/gnd/1137284463" instant="false" full="yes">Zentrum für Informationsmodellierung - Austrian
            Centre for Digital Humanities, Karl-Franzens-Universität Graz</orgName>
                </authority>
        <distributor>
                    <link target="https://gams.uni-graz.at"/>
                    <orgName instant="false" full="yes">GAMS -
            Geisteswissenschaftliches Asset Management System</orgName>
                </distributor>
        <date when="2022" instant="false">2022</date>
        <pubPlace>Graz</pubPlace>
        <idno type="PID">o:fercan.461</idno>
        <availability default="false">
          <licence target="https://creativecommons.org/licenses/by-nc/4.0">Creative Commons BY-NC
            4.0</licence>
        </availability>
      </publicationStmt>
      <seriesStmt>
        <title ref="https://gams.uni-graz.at/fercan">FERCAN: Fontes Epigraphici Religionum
          Celticarum Antiquarum</title>
        <respStmt>
          <resp>Projektleitung</resp>
          <persName instant="false" full="yes">
                        <forename full="yes">Wolfgang</forename>
                        <surname full="yes">Spickermann</surname>
                    </persName>
        </respStmt>
      </seriesStmt>
      <sourceDesc default="false">
        <msDesc status="draft">
          <msIdentifier>
            <repository>verschollen</repository>
          </msIdentifier>
          <msContents>
            <summary>Weihinschrift</summary>
          </msContents>
          <physDesc>
            <objectDesc>
              <supportDesc>
                <support>
                                    <p part="N">In der Literatur wurde das Objekt nicht beschrieben. Da es verschollen
                    ist, ist keine Beschreibung
                  möglich.</p>
                                    <objectType>Weihestein</objectType>
                                </support>
                <condition>
                                    <ref type="context" target="context:fercan.condition-o.unklar" ana="https://gams.uni-graz.at/o:fercan.arch#C.130700">unklar</ref>
                                </condition>
              </supportDesc>
              <layoutDesc>
                <layout>
                                    <p part="N">Der nur abschriftlich erhaltene Inschriftentext scheint aus inhaltlichen
                    Gründen vollständig zu sein.</p>
                                    <tei:note xmlns:tei="http://www.tei-c.org/ns/1.0" type="condition" anchored="true">vollständig</tei:note>
                                </layout>
              </layoutDesc>
            </objectDesc>
            <handDesc>
              <handNote>
                                <desc type="execution">gemeißelt</desc>
                            </handNote>
            </handDesc>
            <decoDesc>
              <decoNote>
                                <p part="N">keine Beschreibung möglich</p>
                                <term ana="https://gams.uni-graz.at/o:fercan.arch#C.130100">
                                    <ref type="context" target="context:fercan.arch.abschrift">Abschrift</ref>
                                </term>
                            </decoNote>
            </decoDesc>
          </physDesc>
          <history>
            <origin instant="false">
                            <origPlace instant="false">
                                <region>CCAA</region>
                            </origPlace>
                            <origDate instant="false"/>
                        </origin>
            <provenance type="found" when="1663">
                            <placeName instant="false" full="yes">
                                <ref type="context" target="context:fercan.geog.modern.euskirchen">Euskirchen</ref>
                            </placeName>
                            <tei:location xmlns:tei="http://www.tei-c.org/ns/1.0" instant="false">
                <geo decls="#WGS">50.657010 6.788622</geo>
              </tei:location>
                            <tei:note xmlns:tei="http://www.tei-c.org/ns/1.0" anchored="true">gemeinsam gefunden mit CF-GeI-459 <rs type="divine">Matronae
                  Caimineae</rs> und CIL XIII 7971 „Matronis Gratich()“</tei:note>
                        </provenance>
            <provenance type="observed" subtype="autopsied">
                            <p part="N">non vidimus</p>
                            <p part="N">
                                <lb/>Lesung gründet auf:
              CIL</p>
                        </provenance>
          </history>
        </msDesc>
        <listPlace default="false">
          <place instant="false"/>
        </listPlace>
        <listPerson default="false">
          <person instant="false">
            <persName type="gentilnomen" instant="false" full="yes">
                            <ref type="context" target="context:fercan.person.gentilnomen.verecundinius">Verecundinius</ref>
                        </persName>
          </person>
          <person instant="false">
            <persName type="cognomen" instant="false" full="yes">
                            <ref type="context" target="context:fercan.person.cognomen.super">Super</ref>
                        </persName>
          </person>
          <person instant="false">
            <persName type="divine" subtype="celtic_normalized" instant="false" full="yes">
                            <ref type="context" target="context:fercan.dcn.matronae_ratheihae">Matronae Ratheihae</ref>
                        </persName>
          </person>
          <person instant="false">
            <persName type="divine" subtype="celtic_diplomatic" instant="false" full="yes">
                            <ref type="context" target="context:fercan.dcd.matronae_ratheihae.matronis_ratheihis">Matronis
                Ratheihis</ref>
                        </persName>
          </person>
          <person instant="false">
            <persName type="divine" subtype="celtic_element" instant="false" full="yes">
                            <ref type="context" target="context:fercan.dce.ratheihae">Ratheihae</ref>
                        </persName>
          </person>
        </listPerson>
        <listOrg default="false">
          <org instant="false"/>
        </listOrg>
      </sourceDesc>
    </fileDesc>
    <encodingDesc>
      <geoDecl xml:id="WGS" datum="WGS84" default="false">World Geodetic System</geoDecl>
      <editorialDecl default="false">
        <p part="N">Digitale Repräsentation konform mit EpiDoc: http://epidoc.sourceforge.net</p>
        <p part="N">Majuskel und Minuskel ausgeführt nach Leidener Klammersystem, Majuskel bildet Inschrift
          originalgetreu ab, Minuskel enthält editorische Hinzufügungen</p>
      </editorialDecl>
      <projectDesc default="false">
        <p part="N">Die keltischen Götternamen in den Inschriften der römischen Provinz Germania Inferior.
          Eine Fallstudie zu Religion im Kontext von Kulturkontakt und Kulturtransfer (FWF – Projekt
          P 29274-G25 )</p>
        <p part="N">Das Forschungsprojekt beabsichtigt, sämtliche keltischen Götternamen, die sich in
          lateinischen Inschriften der römischen Provinz Germania Inferior erhaltenen haben,
          zusammenzustellen und auszuwerten. Die gewählte Quellengrundlage erscheint besonders
          geeignet Erscheinungsformen zu untersuchen, welche auf religiöser Ebene durch das
          Zusammentreffen von verschiedenen kulturellen Einflüssen entstanden sind. Diese sind hier
          einerseits definiert durch die Verwendung der keltischen Sprache, andererseits durch die
          lateinische Sprache und durch Formen aus dem Inneren des Imperium Romanum, die man mit dem
          Etikett „römisch“ versehen kann. Das Interesse gilt dabei nicht nur religiösen, sondern
          auch damit verbundenen gesellschaftlichen Aspekten und den entsprechenden Mentalitäten.
          Doch soll damit auch zu einem verbesserten Gesamtbild der Provinzialreligion in
          Niedergermanien beigetragen werden.<lb/> Die Abschlusspublikation wird ergänzt um einen
          ausführlichen sprachwissenschaftlichen Kommentar (von Patrizia de Bernardo Stempel) in der
          Reihe ‚Corpus - F.E.R.C.AN. (Fontes epigraphici religionum Celticarum antiquarum)‘
          erscheinen. </p>
      </projectDesc>
    </encodingDesc>
    <profileDesc>
      <langUsage default="false">
        <language ident="la">Latein</language>
      </langUsage>
      <textClass default="false">
        <keywords>
          <list>
            <item>
                            <ref type="context" target="context:fercan.dedication.libens_merito">libens
                merito</ref>
                        </item>
            <item/> <!-- Belegform gesamt  --> <item> <ref target="context:fercan.divinepart." type="context"> </ref> </item></list></keywords>
      </textClass>
    </profileDesc>
    <revisionDesc status="draft">
      <change n="1" when="2022" status="draft">Initial Version</change>
    </revisionDesc>
  </teiHeader>
  <facsimile>
    <graphic mimeType="image/png" xml:id="IMAGE.1" url="file:///0461_Abschrift.PNG">
      <desc>Abschrift, CIL XIII 7972, CC BY-NC</desc>
    </graphic>
  </facsimile>
  <text>
    <body>
      <ab part="N">
                <ref target="context:fercan" type="context">FERCAN</ref>
            </ab>
      <div subtype="editions" type="bibliography" org="uniform" part="N" sample="complete">
        <listBibl default="false">
          <bibl xml:id="LIT.1" default="false" status="draft">CIL XIII 7972 (4, p 138)</bibl>
        
            <bibl xml:id="2">Scheungraber 2020, 441</bibl>
        
            <bibl xml:id="3">Ferlut 2022, Nr.723</bibl>
        </listBibl>
      </div>
      <div subtype="concordances" type="bibliography" org="uniform" part="N" sample="complete">
        <listBibl>
                    <bibl type="EDCS">
                        <idno>EDCS-11100196</idno>
                        <date>zuletzt aufgerufen am 24. Februar 2020</date>
                    </bibl>
                    <bibl type="trismegistos">
                        <idno>www.trismegistos.org/text/415030</idno>
                        <date>zuletzt aufgerufen am 26.
              Juli 2021</date>
                    </bibl>
                </listBibl>
      </div>
      <div type="edition" subtype="diplomatic" xml:id="majuscule" xml:lang="la" xml:space="preserve" org="uniform" part="N" sample="complete"><ab part="N"><orig><lb n="1"/>MATRONIS RATHEIHIS <lb n="2"/>
VERECVNDINI<gap reason="lost" quantity="1" unit="character" instant="false"/>S SVPER <lb n="3"/> 
L · M</orig></ab></div>
      <div type="edition" xml:lang="la" xml:id="minuscule" subtype="normalised" xml:space="preserve" org="uniform" part="N" sample="complete"><ab part="N"><lb n="1"/>Matronis Ratheihis<lb n="2"/>Verecundini<supplied reason="lost" instant="false">u</supplied>s Super<lb n="3"/><expan instant="false"><abbr>l</abbr><ex instant="false">ibens</ex></expan> <expan instant="false"><abbr>m</abbr><ex instant="false">erito</ex></expan></ab></div>
      <div type="translation" xml:lang="de" org="uniform" part="N" sample="complete">
        <p part="N">Für die <rs type="divine">Matronae Ratheihae!</rs>
          <lb/> Verecundinius Super gerne und verdientermaßen .</p>
      </div>
      <div type="translation" xml:lang="en" org="uniform" part="N" sample="complete">
        <p part="N">To the <rs type="divine">Matronae Ratheihae!</rs>
          <lb/> Verecundinius Super willingly and deservedly. </p>
      </div>
      <div type="apparatus" org="uniform" part="N" sample="complete">
            
            <app loc="2">
                <note anchored="true">Verecundinus – Ferlut</note>
            </app>
        </div>
      <div type="commentary" subtype="general" org="uniform" part="N" sample="complete">
        <p part="N">Verecundinius Super: römisches Namensformular mit Gentile und Cognomen ohne Praenomen
          <lb/> Verecundinius: einheimisches Pseudogentilnomen, abgeleitet vom lateinischen Cognomen
          Verecund(in)us (Kakoschke 2006, GN 1392) <lb/> Super: lateinisches Cognomen, der Name
          tritt u.a. verstärkt in Niedergermanien auf (Kakoschke 2008, CN 2970)</p>
      </div>
      <div type="commentary" subtype="deity" org="uniform" part="N" sample="complete">        <p part="N">
          <rs type="divine">Ratheihae: </rs> keltisch mit lautlicher Germanisierung. ‚Zusammen mit <rs type="divine">Dea Ratis</rs> Verehrte [Muttergöttinnen]’ bzw. ‚Zur Farngöttin, nämlich <i>Dea Ratis</i> Gehörende [Muttergöttinnen]’, oder ‚Zu den Farnen Gehörende [Muttergöttinnen]’ (de Bernardo Stempel Corpus F.E.R.C.A.N. II/1 295-297).</p>
        <p part="N"> Vorkommen in theonymischen Formularen: </p>
        <p part="N">
          <rs type="divine">Matronae Ratheihae</rs>: <lb/> - Germania Inferior: Das theonymische
          Formular ist nur in der hier besprochenen Inschrift bezeugt. <lb/> - außerhalb der
          Germania Inferior: -</p>
      </div>
      <linkGrp type="alignment" domains="#majuscule #minuscule">
        <link target="#MAJ.1 #MIN.1"/>
        <link target="#MAJ.2 #MIN.2"/>
        <link target="#MAJ.3 #MIN.3"/>
      </linkGrp>
    </body>
        <back>
            <tei:note xmlns:tei="http://www.tei-c.org/ns/1.0" type="Objbeschr_note" anchored="true"/>
            <tei:note xmlns:tei="http://www.tei-c.org/ns/1.0" type="ArchKlass_note" anchored="true"/>
            <tei:note xmlns:tei="http://www.tei-c.org/ns/1.0" type="Material_note" anchored="true"/>
            <tei:note xmlns:tei="http://www.tei-c.org/ns/1.0" type="Inschrifttraeger_note" anchored="true"/>
            <tei:note xmlns:tei="http://www.tei-c.org/ns/1.0" type="VerwahrortOrt_note" anchored="true"/>
            <tei:note xmlns:tei="http://www.tei-c.org/ns/1.0" type="InvNr_note" anchored="true"/>
            <tei:note xmlns:tei="http://www.tei-c.org/ns/1.0" type="Fundstelle_note" anchored="true"/>
            <tei:note xmlns:tei="http://www.tei-c.org/ns/1.0" type="Fundumst_note" anchored="true"/>
            <tei:note xmlns:tei="http://www.tei-c.org/ns/1.0" type="Fundjahr_note" anchored="true"/>
            <tei:note xmlns:tei="http://www.tei-c.org/ns/1.0" type="FOantik_note" anchored="true"/>
            <tei:note xmlns:tei="http://www.tei-c.org/ns/1.0" type="FOmodern_note" anchored="true"/>
            <tei:note xmlns:tei="http://www.tei-c.org/ns/1.0" type="civitas_note" anchored="true"/>
            <tei:note xmlns:tei="http://www.tei-c.org/ns/1.0" type="Autopsie_note" anchored="true"/>
            <tei:note xmlns:tei="http://www.tei-c.org/ns/1.0" type="Appcrit_note" anchored="true"/>
            <tei:note xmlns:tei="http://www.tei-c.org/ns/1.0" type="Abb_note" anchored="true"/>
            <tei:note xmlns:tei="http://www.tei-c.org/ns/1.0" type="englUEbers_note" anchored="true"/>
            <tei:note xmlns:tei="http://www.tei-c.org/ns/1.0" type="dtUEbers_note" anchored="true"/>
            <tei:note xmlns:tei="http://www.tei-c.org/ns/1.0" type="Editionen_note" anchored="true"/>
            <tei:note xmlns:tei="http://www.tei-c.org/ns/1.0" type="ErhzustObj_note" anchored="true"/>
            <tei:note xmlns:tei="http://www.tei-c.org/ns/1.0" type="Masse_note" anchored="true"/>
            <tei:note xmlns:tei="http://www.tei-c.org/ns/1.0" type="Ikonogr_note" anchored="true"/>
            <tei:note xmlns:tei="http://www.tei-c.org/ns/1.0" type="Inschrtext_note" anchored="true"/>
            <tei:note xmlns:tei="http://www.tei-c.org/ns/1.0" type="ErhzustInschr_note" anchored="true"/>
            <tei:note xmlns:tei="http://www.tei-c.org/ns/1.0" type="Schrifttechnik_note" anchored="true"/>
            <tei:note xmlns:tei="http://www.tei-c.org/ns/1.0" type="Buchsthoehe_note" anchored="true"/>
            <tei:note xmlns:tei="http://www.tei-c.org/ns/1.0" type="Notvar_note" anchored="true"/>
            <tei:note xmlns:tei="http://www.tei-c.org/ns/1.0" type="SonstKomm_note" anchored="true"/>
            <tei:note xmlns:tei="http://www.tei-c.org/ns/1.0" type="Datierung_note" anchored="true"/>
            <tei:note xmlns:tei="http://www.tei-c.org/ns/1.0" type="KommGoettern_note" anchored="true">
                <p part="N">Alte Version (25.04.23):</p>
                <p part="N">Ratheihae: keltisch (Delamarre 2007, 152) </p>
            </tei:note>
        </back>
  </text>
</TEI>