<?xml-model href="https://gams.uni-graz.at/context:fercan/SCHEMA_EPIDOC_9.1" type="application/xml" schematypens="http://relaxng.org/ns/structure/1.0"?><TEI xmlns="http://www.tei-c.org/ns/1.0" xmlns:xsi="http://www.w3.org/2001/XMLSchema-instance" xml:id="inferior1">
    <teiHeader>
        <fileDesc>
            <titleStmt>
                <title type="full">
                    <title type="main">Mercurius Gebrinius</title>
                    <title type="sub">CF-GeI-1</title>
                </title>
                <respStmt>
                    <resp>Inschriftenedition</resp>
                    <persName instant="false" full="yes">
                        <forename full="yes">Werner</forename>
                        <surname full="yes">Petermandl</surname>
                    </persName>
                </respStmt>
                <respStmt>
                    <resp>Archäologische Beschreibung und geografische Daten</resp>
                    <persName instant="false" full="yes">
                        <forename full="yes">Astrid</forename>
                        <surname full="yes">Schmölzer</surname>
                    </persName>
                </respStmt>
                <funder ref="https://www.fwf.ac.at">Austrian Science Fund (FWF): P
                  29274-G25</funder>
            </titleStmt>
            <publicationStmt>
                <publisher>
                    <link target="https://antike.uni-graz.at"/>
                    <orgName ref="https://d-nb.info/gnd/1213531357" instant="false" full="yes">Institut für Antike, Fachbereich
                    Alte Geschichte und Epigraphik, Karl-Franzens-Universität Graz</orgName>
                </publisher>
                <authority>
                    <link target="https://informationsmodellierung.uni-graz.at"/>
                    <orgName ref="http://d-nb.info/gnd/1137284463" instant="false" full="yes">Zentrum für
                    Informationsmodellierung - Austrian Centre for Digital Humanities,
                    Karl-Franzens-Universität Graz</orgName>
                </authority>
                <distributor>
                    <link target="https://gams.uni-graz.at"/>
                    <orgName instant="false" full="yes">GAMS - Geisteswissenschaftliches Asset Management System</orgName>
                </distributor>
                <date when="2022" instant="false">2022</date>
                <pubPlace>Graz</pubPlace>
                <idno type="PID">o:fercan.1</idno>
                <availability default="false">
                    <licence target="https://creativecommons.org/licenses/by-nc/4.0">Creative Commons
                    BY-NC 4.0</licence>
                </availability>
            </publicationStmt>
            <seriesStmt>
                <title ref="https://gams.uni-graz.at/fercan">FERCAN: Fontes Epigraphici Religionum
                  Celticarum Antiquarum</title>
                <respStmt>
                    <resp>Projektleitung</resp>
                    <persName instant="false" full="yes">
                        <forename full="yes">Wolfgang</forename>
                        <surname full="yes">Spickermann</surname>
                    </persName>
                </respStmt>
            </seriesStmt>
            <sourceDesc default="false">
                <msDesc status="draft">
                    <msIdentifier>
                        <settlement>Bonn</settlement>
                        <repository>Rheinisches Landesmuseum</repository>
                        <idno>D 282</idno>
                    </msIdentifier>
                    <msContents>
                        <summary>Weihinschrift</summary>
                    </msContents>
                    <physDesc>
                        <objectDesc>
                            <supportDesc>
                                <support>
                                    <p part="N">Der Stein ist am oberen Ende stark bestoßen, die rechte Ecke ist abgebrochen. Die Standfläche wurde modern durch Beton ergänzt. In der linken Ecke ist der Rest eines Wulstes feststellbar, der sich auf der linken Seitansicht fortgesetzt findet. Daraus lässt sich schließen, dass zumindest an drei, wenn nicht auf allen vier Seiten das Gesims durchgängig umlaufend dargestellt wurde. Das Inschriftenfeld ist nicht gerahmt.</p>
                                    <material>
                                        <ref type="context" target="context:fercan.material.kalkstein" ana="https://gams.uni-graz.at/o:fercan.arch#C.120210">Kalkstein</ref>
                                    </material>
                                    <objectType>Weihestein</objectType>
                                    <dimensions>
                                        <height unit="cm">46,0</height>
                                        <width unit="cm">36,0</width>
                                        <depth unit="cm">13,5</depth>
                                    </dimensions>
                                </support>
                                <condition>
                                    <ref type="context" target="context:fercan.condition-o.groeszere_fehlstelle_n" ana="https://gams.uni-graz.at/o:fercan.arch#C.130600">größere Fehlstelle/n</ref>
                                </condition>
                            </supportDesc>
                            <layoutDesc>
                                <layout>
                                    <p part="N">Die rechte obere und rechte untere Ecke des Inschriftentextes und mindestens eine folgende Zeile sind abgebrochen. Am unteren Rand finden sich noch Reste einer weiteren Zeile. Die Buchstaben sind sehr unregelmäßig und nicht sorgfältig gearbeitet.<lb/>Das Wort „Gebrinio“ in der zweiten Zeile folgt nicht der sonstigen Zeilenanordnung und scheint nachträglich (wenn auch möglicherweise von der gleichen Hand) in kleineren Buchstaben eingefügt.</p>
                                    <tei:note xmlns:tei="http://www.tei-c.org/ns/1.0" type="condition" anchored="true">größere Fehlstelle/n</tei:note>
                                </layout>
                            </layoutDesc>
                        </objectDesc>
                        <handDesc>
                            <handNote>
                                <desc type="execution">gemeißelt</desc>
                                <height unit="cm" atLeast="2.3" atMost="5.1">2,3–5,1 cm</height>
                            </handNote>
                        </handDesc>
                        <decoDesc>
                            <decoNote>
                                <p part="N">Die durch einfache Einritzung dargestellten Bäume haben einen geraden Stamm. Der Baum auf der linken Seite weist drei übereinander am Stamm anliegende Blattpaare auf, bevor er mit einer dreiblättrigen Krone abschließt. Die Blätter sind rundlich und laufen spitz nach oben gerichtet zu. <lb/> 
Von der rechten Seitansicht fehlen der obere und der untere Abschluss. Erhalten sind der gerade Stamm etwa ab der Hälfte und die drei Blattpaare. </p>
                                <term ana="https://gams.uni-graz.at/o:fercan.arch#C.253200">
                                    <ref type="context" target="context:fercan.arch.baum">Baum</ref>
                                </term>
                                <term ana="https://gams.uni-graz.at/o:fercan.arch#C.130300">
                                    <ref type="context" target="context:fercan.arch.fragment">Fragment</ref>
                                </term>
                                <term ana="https://gams.uni-graz.at/o:fercan.arch#C.253210">
                                    <ref type="context" target="context:fercan.arch.laubbaum">Laubbaum</ref>
                                </term>
                                <term ana="https://gams.uni-graz.at/o:fercan.arch#C.150400">
                                    <ref type="context" target="context:fercan.arch.reliefschmuck">Reliefschmuck</ref>
                                </term>
                            </decoNote>
                        </decoDesc>
                    </physDesc>
                    <history>
                        <origin instant="false">
                            <origPlace instant="false">
                                <placeName ref="https://pleiades.stoa.org/places/108818" instant="false" full="yes">Bonna</placeName>
                                <region>CCAA</region>
                            </origPlace>
                            <origDate notBefore="0201" notAfter="0250" instant="false">
                                <date>201-250</date>
                            </origDate>
                        </origin>
                        <provenance type="found" when="1929">
                            <placeName instant="false" full="yes">
                                <ref type="context" target="context:fercan.geog.modern.bonn">Bonn</ref>
                            </placeName>
                            <p part="N">Münsterkirche</p>
                            <tei:location xmlns:tei="http://www.tei-c.org/ns/1.0" instant="false">
                                <geo decls="#WGS">50.732598 7.108382</geo>
                            </tei:location>
                            <tei:note xmlns:tei="http://www.tei-c.org/ns/1.0" anchored="true">im Fundament eines fränkischen Grabsaals verbaut</tei:note>
                        </provenance>
                        <provenance type="observed" subtype="autopsied">vidimus (CIL XIII Projekt)</provenance>
                    </history>
                </msDesc>
                <listPlace default="false">
                    <place instant="false"/>
                    <place type="antique_term" instant="false">
                        <placeName instant="false" full="yes">
                            <ref type="context" target="context:fercan.geog.term.rhenus">Rhenus</ref>
                        </placeName>
                    </place>
                    <place type="sacral_building" instant="false">
                        <placeName instant="false" full="yes">
                            <ref type="context" target="context:fercan.geog.sacral.templum">templum</ref>
                        </placeName>
                    </place>
                </listPlace>
                <listPerson default="false">
                    <person instant="false">
                        <persName type="gentilnomen" instant="false" full="yes">
                            <ref type="context" target="context:fercan.person.gentilnomen.aurelius">Aurelius</ref>
                        </persName>
                    </person>
                    <person instant="false">
                        <persName type="cognomen" instant="false" full="yes">
                            <ref type="context" target="context:fercan.person.cognomen.perula">Perula</ref>
                        </persName>
                    </person>
                    <person instant="false">
                        <persName type="divine" subtype="celtic_normalized" instant="false" full="yes">
                            <ref type="context" target="context:fercan.dcn.mercurius_gebrinius">Mercurius Gebrinius</ref>
                        </persName>
                    </person>
                    <person instant="false">
                        <persName type="divine" subtype="celtic_diplomatic" instant="false" full="yes">
                            <ref type="context" target="context:fercan.dcd.mercurius_gebrinius.deo_merc_u_rio__gebrin">deo Merc[u]rio &lt;Gebrinio&gt;</ref>
                        </persName>
                    </person>
                    <person instant="false">
                        <persName type="divine" subtype="celtic_element" instant="false" full="yes">
                            <ref type="context" target="context:fercan.dce.gebrinius">Gebrinius</ref>
                        </persName>
                    </person>
                    <person instant="false">
                        <persName instant="false" full="yes">
                            <roleName type="military" full="yes">
                                <ref type="context" target="context:fercan.person.military.primus_pilus">primus pilus</ref>
                            </roleName>
                        </persName>
                    </person>
                </listPerson>
                <listOrg default="false">
                    <org instant="false"/>
                    <org type="military_unit" instant="false">
                        <orgName instant="false" full="yes">
                            <ref type="context" target="context:fercan.org.military.legio_i_minervia">legio I Minervia</ref>
                        </orgName>
                    </org>
                </listOrg>
            </sourceDesc>
        </fileDesc>
        <encodingDesc>
            <geoDecl xml:id="WGS" datum="WGS84" default="false">World Geodetic System</geoDecl>
            <editorialDecl default="false">
                <p part="N">Digitale Repräsentation konform mit EpiDoc: http://epidoc.sourceforge.net</p>
                <p part="N">Majuskel und Minuskel ausgeführt nach Leidener Klammersystem, Majuskel bildet
                  Inschrift originalgetreu ab, Minuskel enthält editorische Hinzufügungen</p>
            </editorialDecl>
            <projectDesc default="false">
                <p part="N">Die keltischen Götternamen in den Inschriften der römischen Provinz Germania
                  Inferior. Eine Fallstudie zu Religion im Kontext von Kulturkontakt und
                  Kulturtransfer (FWF – Projekt P 29274-G25 )</p>
                <p part="N">Das Forschungsprojekt beabsichtigt, sämtliche keltischen Götternamen, die sich in
                  lateinischen Inschriften der römischen Provinz Germania Inferior erhaltenen haben,
                  zusammenzustellen und auszuwerten. Die gewählte Quellengrundlage erscheint
                  besonders geeignet Erscheinungsformen zu untersuchen, welche auf religiöser Ebene
                  durch das Zusammentreffen von verschiedenen kulturellen Einflüssen entstanden
                  sind. Diese sind hier einerseits definiert durch die Verwendung der keltischen
                  Sprache, andererseits durch die lateinische Sprache und durch Formen aus dem
                  Inneren des Imperium Romanum, die man mit dem Etikett „römisch“ versehen kann. Das
                  Interesse gilt dabei nicht nur religiösen, sondern auch damit verbundenen
                  gesellschaftlichen Aspekten und den entsprechenden Mentalitäten. Doch soll damit
                  auch zu einem verbesserten Gesamtbild der Provinzialreligion in Niedergermanien
                  beigetragen werden.<lb/> Die Abschlusspublikation wird ergänzt um einen
                  ausführlichen sprachwissenschaftlichen Kommentar (von Patrizia de Bernardo
                  Stempel) in der Reihe ‚Corpus - F.E.R.C.AN. (Fontes epigraphici religionum
                  Celticarum antiquarum)‘ erscheinen. </p>
            </projectDesc>
        </encodingDesc>
        <profileDesc>
            <langUsage default="false">
                <language ident="la">Latein</language>
            </langUsage>
            <textClass default="false">
                <keywords>
                    <list>
                        <item/> <!-- Belegform gesamt  --> <item> <ref target="context:fercan.divinepart." type="context"> </ref> </item></list></keywords>
            </textClass>
        </profileDesc>
        <revisionDesc status="draft">
            <change when="2019" n="1" corresp="https://gams.uni-graz.at/o:fercan.1/TEI_SOURCE.2020-02-26" status="draft">Initial Version</change>
            <change when="2020" n="2" corresp="https://gams.uni-graz.at/o:fercan.1/TEI_SOURCE.2022-03-07" status="draft">Version 2</change>
            <change when="2022" n="3" status="draft">Version 3</change>
        </revisionDesc>
    </teiHeader>
    <facsimile>
        <graphic mimeType="image/jpeg" xml:id="IMAGE.1" url="file:///0001_Front.jpg">
            <desc>Front, CIL XIII Projekt, CC BY-NC</desc>
        </graphic>
        <graphic mimeType="image/jpeg" xml:id="IMAGE.2" url="file:///0001_li.jpg">
            <desc>links, CIL XIII Projekt, CC BY-NC</desc>
        </graphic>
        <graphic mimeType="image/jpeg" xml:id="IMAGE.3" url="file:///0001_re.jpg">
            <desc>rechts, CIL XIII Projekt, CC BY-NC</desc>
        </graphic>
    </facsimile>
    <text>
        <body>
            <ab part="N">
                <ref target="context:fercan" type="context">FERCAN</ref>
                <ref type="context" target="context:fercan.other.nachtraegliches_einfuegen">nachträgliches Einfügen</ref>
            </ab>
            <div subtype="editions" type="bibliography" org="uniform" part="N" sample="complete">
                <listBibl default="false">
                    <bibl xml:id="LIT.1" default="false" status="draft">Lehner 1930, Nr.45</bibl>
                    <bibl xml:id="LIT.2" default="false" status="draft">AE 1931, 26</bibl>
                    <bibl xml:id="LIT.3" default="false" status="draft">Lehner 1932, 106f.</bibl>
                    <bibl xml:id="LIT.4" default="false" status="draft">Nesselhauf 1937, Nr.186</bibl>
                    <bibl xml:id="LIT.5" default="false" status="draft">Follmann-Schulz 1986, 777f.</bibl>
                    <bibl xml:id="LIT.6" default="false" status="draft">Bauchhenß 2014, 175 Nr.95</bibl>
                
            <bibl xml:id="LIT.7" default="false" status="draft">Scheungraber 2020, 296 Nr.8</bibl>
        </listBibl>
            </div>
            <div subtype="concordances" type="bibliography" org="uniform" part="N" sample="complete">
                <listBibl>
                    <bibl type="EDCS">
                        <idno>EDCS-11202311</idno>
                        <date>zuletzt aufgerufen am 24. Februar 2020</date>
                    </bibl>
                    <bibl type="EDH">
                        <idno>HD025308</idno>
                        <date>Version vom 13. Januar 2016</date>
                    </bibl>
                    <bibl type="trismegistos">
                        <idno>www.trismegistos.org/text/209334</idno>
                        <date>zuletzt aufgerufen am 29. Juni 2021</date>
                    </bibl>
                </listBibl>
            </div>
            <div type="edition" subtype="diplomatic" xml:id="majuscule" xml:lang="la" xml:space="preserve" org="uniform" part="N" sample="complete"><ab><orig><lb n="1"/>DEO MER<unclear>C</unclear><gap reason="lost" extent="unknown" unit="character"/>
<lb n="2"/> GEBRINIO
<lb n="3"/> RIO AVR<unclear>E</unclear>LIVS 
<lb n="4"/> PERV<unclear>L</unclear>A P <unclear>P</unclear> L 
<lb n="5"/> RIPE RHENI LE<unclear>G</unclear> 
<lb n="6"/> I M TEM<unclear>P</unclear>LVM<gap reason="lost" extent="unknown" unit="character"/></orig></ab></div>
            <div type="edition" xml:lang="la" xml:id="minuscule" subtype="normalised" xml:space="preserve" org="uniform" part="N" sample="complete"><ab><lb n="1"/>Deo Merc<supplied reason="lost">u</supplied><lb n="2" break="no"/>
<lb n="2"/><surplus>Gebrinio</surplus>
<lb n="3"/>rio <supplied reason="omitted">Gebrinio</supplied> Aurelius
<lb n="4"/>Perula <expan><abbr>p</abbr><ex cert="low"/></expan> <expan><abbr>p</abbr><ex cert="low"/></expan> <expan><abbr>l</abbr><ex cert="low"/></expan>
<lb n="5"/><expan><abbr>rip</abbr><ex>a</ex></expan>e Rheni <expan><abbr>leg</abbr><ex>ionis</ex></expan>
<lb n="6"/>I <expan><abbr>M</abbr><ex>inerviae</ex></expan> templum<gap reason="lost" extent="unknown" unit="character"/></ab></div>
            <div type="translation" xml:lang="de" org="uniform" part="N" sample="complete">
                <p part="N">Für den Gott  <rs type="divine">Mercurius Gebrinius!</rs> <lb/>
Aurelius Perula P(?) P(?) L(?) am Fluss Rhein der legio I Minervia (hat) den Tempel (errichtet? erneuert? …?) …</p>
            </div>
            <div type="translation" xml:lang="en" org="uniform" part="N" sample="complete">
                <p part="N">To the god  <rs type="divine">Mercurius Gebrinius!</rs> <lb/>
Aurelius Perula P(?) P(?) L(?) at the river Rhine of the legio I Minervia (has built?, restored?, …?) the temple …</p>
            </div>
            <div type="apparatus" org="uniform" part="N" sample="complete">
                <app loc="#MIN.1 #MAJ.1">
                    <tei:note xmlns:tei="http://www.tei-c.org/ns/1.0" anchored="true">Deo Mer[cu] – Lehner 1930, AE 1931, Follmann-Schulz</tei:note>
                </app>
                <app loc="#MIN.2 #MAJ.2">
                    <tei:note xmlns:tei="http://www.tei-c.org/ns/1.0" anchored="true">Gebrini[o] – Lehner 1930, AE 1931, Follmann-Schulz</tei:note>
                </app>
                <app loc="#MIN.3 #MAJ.3">
                    <tei:note xmlns:tei="http://www.tei-c.org/ns/1.0" anchored="true">ohne Aurelius – Bauchhenß</tei:note>
                </app>
                <app loc="#MIN.4 #MAJ.4">
                    <tei:note xmlns:tei="http://www.tei-c.org/ns/1.0" anchored="true">p(rimus) p(ilus) leg(ionis) – Lehner 1930, AE 1931; p(rae)p(ositus) L (=quinquagesimae) oder p(ublici) p(ortorii) l(libertus) – Lehner 1932; p(rae)p(ositus) l(iburnariorum) – Nesselhauf; p(raepositus?) p(ortus?) L(irensis?) – EDH, Scheungraber</tei:note>
                </app>
                <app loc="#MIN.5 #MAJ.5">
                    <tei:note xmlns:tei="http://www.tei-c.org/ns/1.0" anchored="true">rip(ae) – EDH, Bauhhenß</tei:note>
                </app>
                <app loc="#MIN.6 #MAJ.6">
                    <tei:note xmlns:tei="http://www.tei-c.org/ns/1.0" anchored="true">templu[m] – AE 1931; in einer zusätzlichen Z.7 [---]T[ – Lehner 1930; in einer zusätzlichen Z.7 [imposuit] – AE 1931; weiteres in einer zusätzlichen Zeile – Scheungraber</tei:note>
                </app>
            </div>
            <div type="commentary" subtype="general" org="uniform" part="N" sample="complete">
                <p part="N">Aurelius Perula: Gentil- und Cognomen, ohne Praenomen <lb/>

Aurelius: italisches kaiserliches Gentilnomen; die Häufigkeit des Namens steht in Zusammenhang mit der Constitutio Antoniniana, nach der viele Neubürger dieses Gentilnomen annahmen. Doch auch Personen, die zuvor schon im Besitz des Bürgerrechts waren, fügten dieses Gentile nun nicht selten ihrem Namen an (Kakoschke 2006, GN 173). <lb/>

Perula: keltisches, thrakisches oder lateinisches Cognomen (Kakoschke 2008, CN 2341). Entsprechend der Auflösung von „P P L“ als „p(ublici) p(ortorii) l(ibertus)“ nach Lehner (1932), s.u., wäre Perula der Sklavenname des Freigelassenen gewesen. Der Name Perula findet außer der hier behandelten Inschrift auch noch auf drei weiteren Inschriften in der Provinz Asia, in Samnium und in Rom (hier sogar ein Aurelius Perula). </p>
                <p part="N"> 

P P L: Es gibt keine gesicherte Auflösung. Es ist nur klar, dass es sich um einen militärischen Posten handelt. Die Auflösung „praefectus ripae“ ist nicht möglich, da dieses Amt unter den Flaviern aufhört (so Lehner und Nesselhauf). <lb/> 
Lehner (1930): „p(rimus) p(ilus) leg(ionis)“. Lehner nahm zunächst ein Versehen in der Wortfolge an; richtig wäre: „p(rimus) p(ilus) leg(ionis) I M(inervia) templum ripe Rheni“. <lb/> 
Lehner (1932): „p(rae)p(ositus) L (= quinquagesimae)“ oder „p(ublici) p(ortorii) l(libertus)“. Nach seinem ersten Vorschlag, s.o., hat Lehner vorgeschlagen, an einen Zollangestellten an der ‚ripa Rheni‘ zu denken. Der Zoll hätte 2 % (= 1/50) betragen. Die Nennung der legio I Minervia erklärt er damit, dass die ripa Rheni in einzelne Abschnitte eingeteilt gewesen wäre, die den Bezirken der Legionen entsprachen. <lb/> 
Nesselhauf: „p(rae)p(ositus) l(iburnariorum)“. </p>
                <p part="N"> 

legio I Minervia: Die Legion war ab 83 n.Chr. in Bonn stationiert (Stein 1932, 103).
 </p>
                <p part="N">

templum: Die Inschrift bezeugt das Vorhandensein eines Tempels für  <rs type="divine">Mercurius Gebrinius</rs>.</p>
            </div>
            <div type="commentary" subtype="language" org="uniform" part="N" sample="complete">
                <p part="N">v.4: „ripe“ pro „ripae“</p>
            </div>
            <div type="commentary" subtype="deity" org="uniform" part="N" sample="complete">                                                <p part="N"> <rs type="divine">Gebrinius</rs>: keltisch: ‚Der Gott mit dem Widder‘ (de Bernardo Stempel <span lang="pt-PT">Corpus F.E.R.C.A.N. II/1 138f</span>). </p>
                <p part="N">

Vorkommen in theonymischen Formularen: </p>
                <p part="N">
 <i>Mercurius Gebrinius</i>: 
- Germania Inferior: 10x belegt (CF-GeI-1 bis CF-GeI-10). Alle Zeugnisse stammen aus Bonn. 
- außerhalb der Germania Inferior: - </p>
            </div>
            <linkGrp type="alignment" domains="#majuscule #minuscule">
                <link target="#MAJ.1 #MIN.1"/>
                <link target="#MAJ.2 #MIN.2"/>
                <link target="#MAJ.3 #MIN.3"/>
                <link target="#MAJ.4 #MIN.4"/>
                <link target="#MAJ.5 #MIN.5"/>
                <link target="#MAJ.6 #MIN.6"/>
            </linkGrp>
        </body>
        <back>
            <tei:note xmlns:tei="http://www.tei-c.org/ns/1.0" type="Objbeschr_note" anchored="true"/>
            <tei:note xmlns:tei="http://www.tei-c.org/ns/1.0" type="ArchKlass_note" anchored="true"/>
            <tei:note xmlns:tei="http://www.tei-c.org/ns/1.0" type="Material_note" anchored="true"/>
            <tei:note xmlns:tei="http://www.tei-c.org/ns/1.0" type="Inschrifttraeger_note" anchored="true"/>
            <tei:note xmlns:tei="http://www.tei-c.org/ns/1.0" type="VerwahrortOrt_note" anchored="true"/>
            <tei:note xmlns:tei="http://www.tei-c.org/ns/1.0" type="InvNr_note" anchored="true"/>
            <tei:note xmlns:tei="http://www.tei-c.org/ns/1.0" type="Fundstelle_note" anchored="true"/>
            <tei:note xmlns:tei="http://www.tei-c.org/ns/1.0" type="Fundumst_note" anchored="true"/>
            <tei:note xmlns:tei="http://www.tei-c.org/ns/1.0" type="Fundjahr_note" anchored="true"/>
            <tei:note xmlns:tei="http://www.tei-c.org/ns/1.0" type="FOantik_note" anchored="true"/>
            <tei:note xmlns:tei="http://www.tei-c.org/ns/1.0" type="FOmodern_note" anchored="true"/>
            <tei:note xmlns:tei="http://www.tei-c.org/ns/1.0" type="civitas_note" anchored="true"> </tei:note>
            <tei:note xmlns:tei="http://www.tei-c.org/ns/1.0" type="Autopsie_note" anchored="true"/>
            <tei:note xmlns:tei="http://www.tei-c.org/ns/1.0" type="Appcrit_note" anchored="true"> </tei:note>
            <tei:note xmlns:tei="http://www.tei-c.org/ns/1.0" type="Abb_note" anchored="true"/>
            <tei:note xmlns:tei="http://www.tei-c.org/ns/1.0" type="englUEbers_note" anchored="true"/>
            <tei:note xmlns:tei="http://www.tei-c.org/ns/1.0" type="dtUEbers_note" anchored="true"/>
            <tei:note xmlns:tei="http://www.tei-c.org/ns/1.0" type="Editionen_note" anchored="true"/>
            <tei:note xmlns:tei="http://www.tei-c.org/ns/1.0" type="ErhzustObj_note" anchored="true"/>
            <tei:note xmlns:tei="http://www.tei-c.org/ns/1.0" type="Masse_note" anchored="true">
                <p part="N">aaa<br/>
                </p>
            </tei:note>
            <tei:note xmlns:tei="http://www.tei-c.org/ns/1.0" type="Ikonogr_note" anchored="true"/>
            <tei:note xmlns:tei="http://www.tei-c.org/ns/1.0" type="Inschrtext_note" anchored="true"/>
            <tei:note xmlns:tei="http://www.tei-c.org/ns/1.0" type="ErhzustInschr_note" anchored="true"/>
            <tei:note xmlns:tei="http://www.tei-c.org/ns/1.0" type="Schrifttechnik_note" anchored="true"/>
            <tei:note xmlns:tei="http://www.tei-c.org/ns/1.0" type="Buchsthoehe_note" anchored="true"/>
            <tei:note xmlns:tei="http://www.tei-c.org/ns/1.0" type="Notvar_note" anchored="true"/>
            <tei:note xmlns:tei="http://www.tei-c.org/ns/1.0" type="SonstKomm_note" anchored="true"/>
            <tei:note xmlns:tei="http://www.tei-c.org/ns/1.0" type="Datierung_note" anchored="true"/>
            <tei:note xmlns:tei="http://www.tei-c.org/ns/1.0" type="KommGoettern_note" anchored="true">                                                    <p part="N">Alte Version (13.04.23):</p>
                <p part="N">Gebrinius: keltisch, mit der etymologischen Bedeutung ‚der Gott mit dem Widder‘ (de Bernardo Stempel in Spickermann 2005, 140)<br/>
                </p>
            </tei:note>
        </back>
    </text>
</TEI>