<?xml-model href="https://gams.uni-graz.at/context:fercan/SCHEMA_EPIDOC_9.1" type="application/xml" schematypens="http://relaxng.org/ns/structure/1.0"?><TEI xmlns="http://www.tei-c.org/ns/1.0" xmlns:xsi="http://www.w3.org/2001/XMLSchema-instance" xml:id="inferior10">
    <teiHeader>
        <fileDesc>
            <titleStmt>
                <title type="full">
                    <title type="main">Mercurius Gebrinius</title>
                    <title type="sub">CF-GeI-10</title>
                </title>
                <respStmt>
                    <resp>Inschriftenedition</resp>
                    <persName instant="false" full="yes">
                        <forename full="yes">Werner</forename>
                        <surname full="yes">Petermandl</surname>
                    </persName>
                </respStmt>
                <respStmt>
                    <resp>Archäologische Beschreibung und geografische Daten</resp>
                    <persName instant="false" full="yes">
                        <forename full="yes">Astrid</forename>
                        <surname full="yes">Schmölzer</surname>
                    </persName>
                </respStmt>
                <funder ref="https://www.fwf.ac.at">Austrian Science Fund (FWF): P
                  29274-G25</funder>
            </titleStmt>
            <publicationStmt>
                <publisher>
                    <link target="https://antike.uni-graz.at"/>
                    <orgName ref="https://d-nb.info/gnd/1213531357" instant="false" full="yes">Institut für Antike, Fachbereich
                    Alte Geschichte und Epigraphik, Karl-Franzens-Universität Graz</orgName>
                </publisher>
                <authority>
                    <link target="https://informationsmodellierung.uni-graz.at"/>
                    <orgName ref="http://d-nb.info/gnd/1137284463" instant="false" full="yes">Zentrum für
                    Informationsmodellierung - Austrian Centre for Digital Humanities,
                    Karl-Franzens-Universität Graz</orgName>
                </authority>
                <distributor>
                    <link target="https://gams.uni-graz.at"/>
                    <orgName instant="false" full="yes">GAMS - Geisteswissenschaftliches Asset Management System</orgName>
                </distributor>
                <date when="2022" instant="false">2022</date>
                <pubPlace>Graz</pubPlace>
                <idno type="PID">o:fercan.10</idno>
                <availability default="false">
                    <licence target="https://creativecommons.org/licenses/by-nc/4.0">Creative Commons
                    BY-NC 4.0</licence>
                </availability>
            </publicationStmt>
            <seriesStmt>
                <title ref="https://gams.uni-graz.at/fercan">FERCAN: Fontes Epigraphici Religionum
                  Celticarum Antiquarum</title>
                <respStmt>
                    <resp>Projektleitung</resp>
                    <persName instant="false" full="yes">
                        <forename full="yes">Wolfgang</forename>
                        <surname full="yes">Spickermann</surname>
                    </persName>
                </respStmt>
            </seriesStmt>
            <sourceDesc default="false">
                <msDesc status="draft">
                    <msIdentifier>
                        <settlement>Bonn</settlement>
                        <repository>Rheinisches Landesmuseum</repository>
                        <idno>D 318</idno>
                    </msIdentifier>
                    <msContents>
                        <summary>Weihinschrift</summary>
                    </msContents>
                    <physDesc>
                        <objectDesc>
                            <supportDesc>
                                <support>
                                    <p part="N">Der Weihestein ist rundherum stark bestoßen und die Oberfläche sehr in Mitleidenschaft gezogen. Sockel sowie Ansatz der Bekrönung sind nachvollziehbar abgesetzt. Das Inschriftenfeld ist nicht gerahmt; auch hier wurde die Oberfläche sehr in Mitleidenschaft gezogen. Aufgrund des Erhaltungszustandes ist keine weitere Beschreibung von Form und Gestaltung möglich.</p>
                                    <material>
                                        <ref type="context" target="context:fercan.material.sandstein" ana="https://gams.uni-graz.at/o:fercan.arch#C.120220">Sandstein</ref>
                                    </material>
                                    <objectType>Weihestein</objectType>
                                    <dimensions>
                                        <height unit="cm">60,0</height>
                                        <width unit="cm">40,0</width>
                                        <depth unit="cm">19,0</depth>
                                    </dimensions>
                                </support>
                                <condition>
                                    <ref type="context" target="context:fercan.condition-o.vollstaendig" ana="https://gams.uni-graz.at/o:fercan.arch#C.130400">vollständig</ref>
                                </condition>
                            </supportDesc>
                            <layoutDesc>
                                <layout>
                                    <p part="N">Vom Inschriftentext sind nur spärliche, stark verwitterte Buchstabenreste erhalten, die nur sehr schwer zu lesen sind. Der Text dürfte von der ersten Zeile an erhalten sein. Wie weit er sich nach unten fortsetzte, bleibt unbekannt.<lb/>In Z.2 eine Ligatur von N und I mit verlängerter rechter senkrechter Haste des N (H: 3,8 cm).</p>
                                    <tei:note xmlns:tei="http://www.tei-c.org/ns/1.0" type="condition" anchored="true">kleineres Fragment</tei:note>
                                </layout>
                            </layoutDesc>
                        </objectDesc>
                        <handDesc>
                            <handNote>
                                <desc type="execution">gemeißelt</desc>
                                <height unit="cm" atLeast="3.1" atMost="3.3">3,1–3,3 cm</height>
                            </handNote>
                        </handDesc>
                        <decoDesc>
                            <decoNote>
                                <p part="N">Die beiden Schmalseiten zeigen Bäume in flach ausgeführtem Relief. Die Stämme sind dünn und geschwungen, die Blätter spitz zulaufend nach oben gerichtet. Die Oberfläche wirkt verwaschen, die Linien verschwinden demnach teilweise beinahe komplett, v.a. in den oberen Bereichen.</p>
                                <term ana="https://gams.uni-graz.at/o:fercan.arch#C.150800">
                                    <ref type="context" target="context:fercan.arch.aufsatzschmuck">Aufsatzschmuck</ref>
                                </term>
                                <term ana="https://gams.uni-graz.at/o:fercan.arch#C.253200">
                                    <ref type="context" target="context:fercan.arch.baum">Baum</ref>
                                </term>
                                <term ana="https://gams.uni-graz.at/o:fercan.arch#C.253210">
                                    <ref type="context" target="context:fercan.arch.laubbaum">Laubbaum</ref>
                                </term>
                                <term ana="https://gams.uni-graz.at/o:fercan.arch#C.150400">
                                    <ref type="context" target="context:fercan.arch.reliefschmuck">Reliefschmuck</ref>
                                </term>
                            </decoNote>
                        </decoDesc>
                    </physDesc>
                    <history>
                        <origin instant="false">
                            <origPlace instant="false">
                                <placeName ref="https://pleiades.stoa.org/places/108818" instant="false" full="yes">Bonna</placeName>
                                <region>CCAA</region>
                            </origPlace>
                            <origDate instant="false"/>
                        </origin>
                        <provenance type="found">
                            <placeName instant="false" full="yes">
                                <ref type="context" target="context:fercan.geog.modern.bonn">Bonn</ref>
                            </placeName>
                            <p part="N">Münsterkirche</p>
                            <tei:location xmlns:tei="http://www.tei-c.org/ns/1.0" instant="false">
                                <geo decls="#WGS">50.732598 7.108382</geo>
                            </tei:location>
                            <tei:note xmlns:tei="http://www.tei-c.org/ns/1.0" anchored="true">im Fundament eines fränkischen Grabsaals verbaut</tei:note>
                        </provenance>
                        <provenance type="observed" subtype="autopsied">vidimus (CIL XIII Projekt)</provenance>
                    </history>
                </msDesc>
                <listPlace default="false">
                    <place instant="false"/>
                </listPlace>
                <listPerson default="false">
                    <person instant="false">
                        <persName type="divine" subtype="celtic_normalized" instant="false" full="yes">
                            <ref type="context" target="context:fercan.dcn.mercurius_gebrinius">Mercurius Gebrinius</ref>
                        </persName>
                    </person>
                    <person instant="false">
                        <persName type="divine" subtype="celtic_diplomatic" instant="false" full="yes">
                            <ref type="context" target="context:fercan.dcd.mercurius_gebrinius._merc_urio__gebr_inio">[Merc]urio [Gebr]inio</ref>
                        </persName>
                    </person>
                    <person instant="false">
                        <persName type="divine" subtype="celtic_element" instant="false" full="yes">
                            <ref type="context" target="context:fercan.dce.gebrinius">Gebrinius</ref>
                        </persName>
                    </person>
                </listPerson>
                <listOrg default="false">
                    <org instant="false"/>
                </listOrg>
            </sourceDesc>
        </fileDesc>
        <encodingDesc>
            <geoDecl xml:id="WGS" datum="WGS84" default="false">World Geodetic System</geoDecl>
            <editorialDecl default="false">
                <p part="N">Digitale Repräsentation konform mit EpiDoc: http://epidoc.sourceforge.net</p>
                <p part="N">Majuskel und Minuskel ausgeführt nach Leidener Klammersystem, Majuskel bildet
                  Inschrift originalgetreu ab, Minuskel enthält editorische Hinzufügungen</p>
            </editorialDecl>
            <projectDesc default="false">
                <p part="N">Die keltischen Götternamen in den Inschriften der römischen Provinz Germania
                  Inferior. Eine Fallstudie zu Religion im Kontext von Kulturkontakt und
                  Kulturtransfer (FWF – Projekt P 29274-G25 )</p>
                <p part="N">Das Forschungsprojekt beabsichtigt, sämtliche keltischen Götternamen, die sich in
                  lateinischen Inschriften der römischen Provinz Germania Inferior erhaltenen haben,
                  zusammenzustellen und auszuwerten. Die gewählte Quellengrundlage erscheint
                  besonders geeignet Erscheinungsformen zu untersuchen, welche auf religiöser Ebene
                  durch das Zusammentreffen von verschiedenen kulturellen Einflüssen entstanden
                  sind. Diese sind hier einerseits definiert durch die Verwendung der keltischen
                  Sprache, andererseits durch die lateinische Sprache und durch Formen aus dem
                  Inneren des Imperium Romanum, die man mit dem Etikett „römisch“ versehen kann. Das
                  Interesse gilt dabei nicht nur religiösen, sondern auch damit verbundenen
                  gesellschaftlichen Aspekten und den entsprechenden Mentalitäten. Doch soll damit
                  auch zu einem verbesserten Gesamtbild der Provinzialreligion in Niedergermanien
                  beigetragen werden.<lb/> Die Abschlusspublikation wird ergänzt um einen
                  ausführlichen sprachwissenschaftlichen Kommentar (von Patrizia de Bernardo
                  Stempel) in der Reihe ‚Corpus - F.E.R.C.AN. (Fontes epigraphici religionum
                  Celticarum antiquarum)‘ erscheinen. </p>
            </projectDesc>
        </encodingDesc>
        <profileDesc>
            <langUsage default="false">
                <language ident="la">Latein</language>
            </langUsage>
            <textClass default="false">
                <keywords>
                    <list>
                        <item/> <!-- Belegform gesamt  --> <item> <ref target="context:fercan.divinepart." type="context"> </ref> </item></list></keywords>
            </textClass>
        </profileDesc>
        <revisionDesc status="draft">
            <change when="2019" n="1" corresp="https://gams.uni-graz.at/o:fercan.10/TEI_SOURCE.2020-02-26" status="draft">Initial Version</change>
            <change when="2020" n="2" corresp="https://gams.uni-graz.at/o:fercan.10/TEI_SOURCE.2022-03-07" status="draft">Version 2</change>
            <change when="2022" n="3" status="draft">Version 3</change>
        </revisionDesc>
    </teiHeader>
    <facsimile>
        <graphic mimeType="image/jpeg" xml:id="IMAGE.1" url="file:///0010_Front_unklar.jpg">
            <desc>Front, CIL XIII Projekt, CC BY-NC</desc>
        </graphic>
        <graphic mimeType="image/jpeg" xml:id="IMAGE.2" url="file:///0010_li.jpg">
            <desc>links, CIL XIII Projekt, CC BY-NC</desc>
        </graphic>
        <graphic mimeType="image/jpeg" xml:id="IMAGE.3" url="file:///0010_re.jpg">
            <desc>rechts, CIL XIII Projekt, CC BY-NC</desc>
        </graphic>
    </facsimile>
    <text>
        <body>
            <ab part="N">
                <ref target="context:fercan" type="context">FERCAN</ref>
            </ab>
            <div subtype="editions" type="bibliography" org="uniform" part="N" sample="complete">
                <listBibl default="false">
                    <bibl xml:id="LIT.1" default="false" status="draft">Nesselhauf 1937, Nr.195</bibl>
                    <bibl xml:id="LIT.2" default="false" status="draft">Bauchhenß 2014, 175 Nr.98</bibl>
                
            <bibl xml:id="LIT.3" default="false" status="draft">Scheungraber 2020, Nr.1</bibl>
        </listBibl>
            </div>
            <div subtype="concordances" type="bibliography" org="uniform" part="N" sample="complete">
                <listBibl>
                    <bibl type="EDCS">
                        <idno>EDCS-11202320</idno>
                        <date>zuletzt aufgerufen am 24. Februar 2020</date>
                    </bibl>
                    <bibl type="trismegistos">
                        <idno>www.trismegistos.org/text/419756</idno>
                        <date>zuletzt aufgerufen am 26. Juli 2021</date>
                    </bibl>
                </listBibl>
            </div>
            <div type="edition" subtype="diplomatic" xml:id="majuscule" xml:lang="la" xml:space="preserve" org="uniform" part="N" sample="complete"><ab part="N"><orig><lb n="1"/><gap reason="lost" extent="unknown" unit="character" instant="false"/>VRIO <lb n="2"/> 
<gap reason="lost" extent="unknown" unit="character" instant="false"/>I<hi rend="ligature">NI</hi>O <lb n="3"/> 
<gap reason="lost" extent="unknown" unit="character" instant="false"/>NI<unclear instant="false">V</unclear><gap reason="lost" extent="unknown" unit="character" instant="false"/></orig></ab></div>
            <div type="edition" xml:lang="la" xml:id="minuscule" subtype="normalised" xml:space="preserve" org="uniform" part="N" sample="complete"><ab part="N"><lb n="1"/><supplied reason="lost" instant="false">Merc</supplied>urio<lb n="2"/><supplied reason="lost" instant="false">Gebr</supplied>inio<lb n="3"/><gap reason="lost" extent="unknown" unit="character" instant="false"/>niu<supplied reason="lost" instant="false">s </supplied><gap reason="lost" extent="unknown" unit="character" instant="false"/></ab></div>
            <div type="translation" xml:lang="de" org="uniform" part="N" sample="complete">
                <p part="N">Für  <rs type="divine">Mercurius Gebrinius!</rs> <lb/> 
[…]nius …</p>
            </div>
            <div type="translation" xml:lang="en" org="uniform" part="N" sample="complete">
                <p part="N">To  <rs type="divine">Mercurius Gebrinius!</rs> <lb/> 
[…]nius …</p>
            </div>
            <div type="apparatus" org="uniform" part="N" sample="complete">
                <app loc="#MIN.2 #MAJ.2">
                    <tei:note xmlns:tei="http://www.tei-c.org/ns/1.0" anchored="true">ohne Ligatur – Nesselhauf, Bauchhenß</tei:note>
                </app>
                <app loc="#MIN.3 #MAJ.3">
                    <tei:note xmlns:tei="http://www.tei-c.org/ns/1.0" anchored="true">nius – Bauchhenß</tei:note>
                </app>
            </div>
            <div type="commentary" subtype="general" org="uniform" part="N" sample="complete">
                <p part="N">[---]niu[s]: Dabei handelt es sich wohl um das Ende des Gentilnamens des Inschriftensetzers.</p>
            </div>
            <div type="commentary" subtype="deity" org="uniform" part="N" sample="complete">                <p part="N"> <rs type="divine">Gebrinius:</rs> keltisch: ‚Der Gott mit dem Widder‘ (de Bernardo Stempel <span lang="pt-PT">Corpus F.E.R.C.A.N. II/1 138f</span>).

</p>
                                                <p part="N">Vorkommen in theonymischen Formularen: 
 </p>
                                                <p part="N">
                                                    <rs type="divine">Mercurius Gebrinius</rs>: <lb/>
- Germania Inferior: 10x belegt (CF-GeI-1 bis CF-GeI-10). Alle Zeugnisse stammen aus Bonn. <lb/>
- außerhalb der Germania Inferior: - </p>
            </div>
            <linkGrp type="alignment" domains="#majuscule #minuscule">
                <link target="#MAJ.1 #MIN.1"/>
                <link target="#MAJ.2 #MIN.2"/>
                <link target="#MAJ.3 #MIN.3"/>
            </linkGrp>
        </body>
        <back>
            <tei:note xmlns:tei="http://www.tei-c.org/ns/1.0" type="Objbeschr_note" anchored="true"/>
            <tei:note xmlns:tei="http://www.tei-c.org/ns/1.0" type="ArchKlass_note" anchored="true"/>
            <tei:note xmlns:tei="http://www.tei-c.org/ns/1.0" type="Material_note" anchored="true"/>
            <tei:note xmlns:tei="http://www.tei-c.org/ns/1.0" type="Inschrifttraeger_note" anchored="true"/>
            <tei:note xmlns:tei="http://www.tei-c.org/ns/1.0" type="VerwahrortOrt_note" anchored="true"/>
            <tei:note xmlns:tei="http://www.tei-c.org/ns/1.0" type="InvNr_note" anchored="true"/>
            <tei:note xmlns:tei="http://www.tei-c.org/ns/1.0" type="Fundstelle_note" anchored="true"/>
            <tei:note xmlns:tei="http://www.tei-c.org/ns/1.0" type="Fundumst_note" anchored="true"/>
            <tei:note xmlns:tei="http://www.tei-c.org/ns/1.0" type="Fundjahr_note" anchored="true"/>
            <tei:note xmlns:tei="http://www.tei-c.org/ns/1.0" type="FOantik_note" anchored="true"/>
            <tei:note xmlns:tei="http://www.tei-c.org/ns/1.0" type="FOmodern_note" anchored="true"/>
            <tei:note xmlns:tei="http://www.tei-c.org/ns/1.0" type="civitas_note" anchored="true"/>
            <tei:note xmlns:tei="http://www.tei-c.org/ns/1.0" type="Autopsie_note" anchored="true"/>
            <tei:note xmlns:tei="http://www.tei-c.org/ns/1.0" type="Appcrit_note" anchored="true"/>
            <tei:note xmlns:tei="http://www.tei-c.org/ns/1.0" type="Abb_note" anchored="true"/>
            <tei:note xmlns:tei="http://www.tei-c.org/ns/1.0" type="englUEbers_note" anchored="true"/>
            <tei:note xmlns:tei="http://www.tei-c.org/ns/1.0" type="dtUEbers_note" anchored="true"/>
            <tei:note xmlns:tei="http://www.tei-c.org/ns/1.0" type="Editionen_note" anchored="true"/>
            <tei:note xmlns:tei="http://www.tei-c.org/ns/1.0" type="ErhzustObj_note" anchored="true"/>
            <tei:note xmlns:tei="http://www.tei-c.org/ns/1.0" type="Masse_note" anchored="true"/>
            <tei:note xmlns:tei="http://www.tei-c.org/ns/1.0" type="Ikonogr_note" anchored="true"/>
            <tei:note xmlns:tei="http://www.tei-c.org/ns/1.0" type="Inschrtext_note" anchored="true"/>
            <tei:note xmlns:tei="http://www.tei-c.org/ns/1.0" type="ErhzustInschr_note" anchored="true"/>
            <tei:note xmlns:tei="http://www.tei-c.org/ns/1.0" type="Schrifttechnik_note" anchored="true"/>
            <tei:note xmlns:tei="http://www.tei-c.org/ns/1.0" type="Buchsthoehe_note" anchored="true"/>
            <tei:note xmlns:tei="http://www.tei-c.org/ns/1.0" type="Notvar_note" anchored="true"/>
            <tei:note xmlns:tei="http://www.tei-c.org/ns/1.0" type="SonstKomm_note" anchored="true"/>
            <tei:note xmlns:tei="http://www.tei-c.org/ns/1.0" type="Datierung_note" anchored="true"/>
            <tei:note xmlns:tei="http://www.tei-c.org/ns/1.0" type="KommGoettern_note" anchored="true"/>
        </back>
    </text>
</TEI>