<?xml-model href="https://gams.uni-graz.at/context:fercan/SCHEMA_EPIDOC_9.1" type="application/xml" schematypens="http://relaxng.org/ns/structure/1.0"?><TEI xmlns="http://www.tei-c.org/ns/1.0" xmlns:xsi="http://www.w3.org/2001/XMLSchema-instance" xml:id="inferior102">
    <teiHeader>
        <fileDesc>
            <titleStmt>
                <title type="full">
                    <title type="main">Genius Varneni</title>
                    <title type="sub">CF-GeI-102</title>
                </title>
                <respStmt>
                    <resp>Inschriftenedition</resp>
                    <persName instant="false" full="yes">
                        <forename full="yes">Werner</forename>
                        <surname full="yes">Petermandl</surname>
                    </persName>
                </respStmt>
                <respStmt>
                    <resp>Archäologische Beschreibung und geografische Daten</resp>
                    <persName instant="false" full="yes">
                        <forename full="yes">Astrid</forename>
                        <surname full="yes">Schmölzer</surname>
                    </persName>
                </respStmt>
                <funder ref="https://www.fwf.ac.at">Austrian Science Fund (FWF): P
                  29274-G25</funder>
            </titleStmt>
            <publicationStmt>
                <publisher>
                    <link target="https://antike.uni-graz.at"/>
                    <orgName ref="https://d-nb.info/gnd/1213531357" instant="false" full="yes">Institut für Antike, Fachbereich
                    Alte Geschichte und Epigraphik, Karl-Franzens-Universität Graz</orgName>
                </publisher>
                <authority>
                    <link target="https://informationsmodellierung.uni-graz.at"/>
                    <orgName ref="http://d-nb.info/gnd/1137284463" instant="false" full="yes">Zentrum für
                    Informationsmodellierung - Austrian Centre for Digital Humanities,
                    Karl-Franzens-Universität Graz</orgName>
                </authority>
                <distributor>
                    <link target="https://gams.uni-graz.at"/>
                    <orgName instant="false" full="yes">GAMS - Geisteswissenschaftliches Asset Management System</orgName>
                </distributor>
                <date when="2022" instant="false">2022</date>
                <pubPlace>Graz</pubPlace>
                <idno type="PID">o:fercan.102</idno>
                <availability default="false">
                    <licence target="https://creativecommons.org/licenses/by-nc/4.0">Creative Commons
                    BY-NC 4.0</licence>
                </availability>
            </publicationStmt>
            <seriesStmt>
                <title ref="https://gams.uni-graz.at/fercan">FERCAN: Fontes Epigraphici Religionum
                  Celticarum Antiquarum</title>
                <respStmt>
                    <resp>Projektleitung</resp>
                    <persName instant="false" full="yes">
                        <forename full="yes">Wolfgang</forename>
                        <surname full="yes">Spickermann</surname>
                    </persName>
                </respStmt>
            </seriesStmt>
            <sourceDesc default="false">
                <msDesc status="draft">
                    <msIdentifier>
                        <settlement>ehemals Aachen</settlement>
                        <repository>Reiff-Museum (seit dem 2. Weltkrieg verschollen, laut EDH); Abguss im Rheinischen Landesmuseum Bonn</repository>
                        <idno>21242</idno>
                    </msIdentifier>
                    <msContents>
                        <summary>Weihinschrift</summary>
                    </msContents>
                    <physDesc>
                        <objectDesc>
                            <supportDesc>
                                <support>
                                    <p part="N">Es handelt sich um eine kleine Bronzetafel in Form einer tabula ansata, die wohl auf einer Weihegabe angebracht war. Das Täfelchen weist rundherum kleinere Beschädigungen auf.</p>
                                    <material>
                                        <ref type="context" target="context:fercan.material.bronze" ana="https://gams.uni-graz.at/o:fercan.arch#C.120110">Bronze</ref>
                                    </material>
                                    <objectType>Bronzetäfelchen</objectType>
                                    <dimensions>
                                        <height unit="cm">4,0</height>
                                        <width unit="cm">7,6</width>
                                        <depth unit="cm">-</depth>
                                    </dimensions>
                                </support>
                                <condition>
                                    <ref type="context" target="context:fercan.condition-o.vollstaendig" ana="https://gams.uni-graz.at/o:fercan.arch#C.130400">vollständig</ref>
                                </condition>
                            </supportDesc>
                            <layoutDesc>
                                <layout>
                                    <p part="N">Der Text des heute verlorenen Stückes scheint vollständig zu sein.</p>
                                    <tei:note xmlns:tei="http://www.tei-c.org/ns/1.0" type="condition" anchored="true">unklar</tei:note>
                                </layout>
                            </layoutDesc>
                        </objectDesc>
                        <handDesc>
                            <handNote/>
                        </handDesc>
                        <decoDesc>
                            <decoNote>
                                <p part="N">kein Dekor vorhanden</p>
                                <term ana="https://gams.uni-graz.at/o:fercan.arch#C.150510">
                                    <ref type="context" target="context:fercan.arch.tabula_ansata">tabula ansata</ref>
                                </term>
                            </decoNote>
                        </decoDesc>
                    </physDesc>
                    <history>
                        <origin instant="false">
                            <origPlace instant="false">
                                <placeName instant="false" full="yes">Varnenum?</placeName>
                                <region>CCAA</region>
                            </origPlace>
                            <origDate instant="false"/>
                        </origin>
                        <provenance type="found">
                            <placeName instant="false" full="yes">
                                <ref type="context" target="context:fercan.geog.modern.aachen">Aachen</ref>
                            </placeName>
                            <p part="N">Kornelimünster, Tempelbezirk</p>
                            <tei:location xmlns:tei="http://www.tei-c.org/ns/1.0" instant="false">
                                <geo decls="#WGS">50.777744 6.106888</geo>
                            </tei:location>
                            <tei:note xmlns:tei="http://www.tei-c.org/ns/1.0" anchored="true">mit zwei weiteren Bronzetäfelchen (CF-GeI-103 und AE 1958, 14) </tei:note>
                        </provenance>
                        <provenance type="observed" subtype="autopsied">
                            <p part="N">non vidimus<lb>
                                    <br/>
                                </lb>Lesung gründet auf: Gose</p>
                        </provenance>
                    </history>
                </msDesc>
                <listPlace default="false">
                    <place instant="false"/>
                </listPlace>
                <listPerson default="false">
                    <person instant="false">
                        <persName type="divine" subtype="celtic_normalized" instant="false" full="yes">
                            <ref type="context" target="context:fercan.dcn.genius_varneni">Genius Varneni</ref>
                        </persName>
                    </person>
                    <person instant="false">
                        <persName type="divine" subtype="celtic_diplomatic" instant="false" full="yes">
                            <ref type="context" target="context:fercan.dcd.genius_varneni.genio_varneni">Genio Varneni</ref>
                        </persName>
                    </person>
                    <person instant="false">
                        <persName type="divine" subtype="celtic_element" instant="false" full="yes">
                            <ref type="context" target="context:fercan.dce.varneni">Varneni</ref>
                        </persName>
                    </person>
                </listPerson>
                <listOrg default="false">
                    <org instant="false"/>
                </listOrg>
            </sourceDesc>
        </fileDesc>
        <encodingDesc>
            <geoDecl xml:id="WGS" datum="WGS84" default="false">World Geodetic System</geoDecl>
            <editorialDecl default="false">
                <p part="N">Digitale Repräsentation konform mit EpiDoc: http://epidoc.sourceforge.net</p>
                <p part="N">Majuskel und Minuskel ausgeführt nach Leidener Klammersystem, Majuskel bildet
                  Inschrift originalgetreu ab, Minuskel enthält editorische Hinzufügungen</p>
            </editorialDecl>
            <projectDesc default="false">
                <p part="N">Die keltischen Götternamen in den Inschriften der römischen Provinz Germania
                  Inferior. Eine Fallstudie zu Religion im Kontext von Kulturkontakt und
                  Kulturtransfer (FWF – Projekt P 29274-G25 )</p>
                <p part="N">Das Forschungsprojekt beabsichtigt, sämtliche keltischen Götternamen, die sich in
                  lateinischen Inschriften der römischen Provinz Germania Inferior erhaltenen haben,
                  zusammenzustellen und auszuwerten. Die gewählte Quellengrundlage erscheint
                  besonders geeignet Erscheinungsformen zu untersuchen, welche auf religiöser Ebene
                  durch das Zusammentreffen von verschiedenen kulturellen Einflüssen entstanden
                  sind. Diese sind hier einerseits definiert durch die Verwendung der keltischen
                  Sprache, andererseits durch die lateinische Sprache und durch Formen aus dem
                  Inneren des Imperium Romanum, die man mit dem Etikett „römisch“ versehen kann. Das
                  Interesse gilt dabei nicht nur religiösen, sondern auch damit verbundenen
                  gesellschaftlichen Aspekten und den entsprechenden Mentalitäten. Doch soll damit
                  auch zu einem verbesserten Gesamtbild der Provinzialreligion in Niedergermanien
                  beigetragen werden.<lb/> Die Abschlusspublikation wird ergänzt um einen
                  ausführlichen sprachwissenschaftlichen Kommentar (von Patrizia de Bernardo
                  Stempel) in der Reihe ‚Corpus - F.E.R.C.AN. (Fontes epigraphici religionum
                  Celticarum antiquarum)‘ erscheinen. </p>
            </projectDesc>
        </encodingDesc>
        <profileDesc>
            <langUsage default="false">
                <language ident="la">Latein</language>
            </langUsage>
            <textClass default="false">
                <keywords>
                    <list>
                        <item/> <!-- Belegform gesamt  --> <item> <ref target="context:fercan.divinepart." type="context"> </ref> </item></list></keywords>
            </textClass>
        </profileDesc>
        <revisionDesc status="draft">
            <change when="2019" n="1" corresp="https://gams.uni-graz.at/o:fercan.102/TEI_SOURCE.2020-02-26" status="draft">Initial Version</change>
            <change when="2020" n="2" corresp="https://gams.uni-graz.at/o:fercan.102/TEI_SOURCE.2022-03-07" status="draft">Version 2</change>
            <change when="2022" n="3" status="draft">Version 3</change>
        </revisionDesc>
    </teiHeader>
    <facsimile>
        <graphic mimeType="image/png" xml:id="IMAGE.1" url="file:///0102_Abschrift.PNG">
            <desc>Front (Zeichnung), Gose 1955-56, 171, Rechte vorbehalten</desc>
        </graphic>
    </facsimile>
    <text>
        <body>
            <ab part="N">
                <ref target="context:fercan" type="context">FERCAN</ref>
            </ab>
            <div subtype="editions" type="bibliography" org="uniform" part="N" sample="complete">
                <listBibl default="false">
                    <bibl xml:id="LIT.1" default="false" status="draft">Riese 1914, Nr.3541</bibl>
                    <bibl xml:id="LIT.2" default="false" status="draft">Finke 1927, Nr.260</bibl>
                    <bibl xml:id="LIT.3" default="false" status="draft">Gutenbrunner 1936, 72</bibl>
                    <bibl xml:id="LIT.4" default="false" status="draft">Gose 1955–1956, 171</bibl>
                    <bibl xml:id="LIT.5" default="false" status="draft">AE 1958, 13</bibl>
                    <bibl xml:id="LIT.6" default="false" status="draft">Cabuy 1991, 222, Nr.2</bibl>
                
            <bibl xml:id="7">Scheungraber 2020, 583 Nr.1</bibl>
        </listBibl>
            </div>
            <div subtype="concordances" type="bibliography" org="uniform" part="N" sample="complete">
                <listBibl>
                    <bibl type="EDCS">
                        <idno>EDCS-11201977</idno>
                        <date>zuletzt aufgerufen am 24. Februar 2020</date>
                    </bibl>
                    <bibl type="EDH">
                        <idno>HD019630</idno>
                        <date>Version vom 3. Mai 2019</date>
                    </bibl>
                    <bibl type="trismegistos">
                        <idno>www.trismegistos.org/text/209124</idno>
                        <date>zuletzt aufgerufen am 29. Juni 2021</date>
                    </bibl>
                </listBibl>
            </div>
            <div type="edition" subtype="diplomatic" xml:id="majuscule" xml:lang="la" xml:space="preserve" org="uniform" part="N" sample="complete"><ab part="N"><orig><lb n="1"/>G · VARNE <lb n="2"/> 
NI · C · P · S</orig></ab></div>
            <div type="edition" xml:lang="la" xml:id="minuscule" subtype="normalised" xml:space="preserve" org="uniform" part="N" sample="complete"><ab part="N"><lb n="1"/><expan instant="false"><abbr>G</abbr><ex instant="false">enio</ex></expan> Varne<lb n="2" break="no"/>ni <expan instant="false"><abbr>C</abbr><ex instant="false">aius</ex></expan> <abbr>P</abbr> <abbr>S</abbr></ab></div>
            <div type="translation" xml:lang="de" org="uniform" part="N" sample="complete">
                <p part="N">Für den  <rs type="divine">Genius Varneni!</rs> <lb/> 
Gaius P(…) S(…).</p>
            </div>
            <div type="translation" xml:lang="en" org="uniform" part="N" sample="complete">
                <p part="N">To the  <rs type="divine">Genius Varneni!</rs> <lb/> 
Gaius P(…) S(…).</p>
            </div>
            <div type="apparatus" org="uniform" part="N" sample="complete">
                <app loc="#MIN.2 #MAJ.2">
                    <tei:note xmlns:tei="http://www.tei-c.org/ns/1.0" anchored="true">n(on)i – Gutenbrunner; C B S – Gutenbrunner</tei:note>
                </app>
            </div>
            <div type="commentary" subtype="general" org="uniform" part="N" sample="complete">
                <p part="N">Die drei einzelnen Buchstaben in Z.2 sind wohl die Anfangsbuchstaben des Namens des Dedikanten, was aber letztlich eine Vermutung bleiben muss.</p>
            </div>
            <div type="commentary" subtype="deity" org="uniform" part="N" sample="complete">                                                <p part="N">
                    <rs type="divine">Varneni</rs>: keltischer Ortsname: ‚des Ortes Varnenum (heute Kornelimünster bei Aachen)’ (de Bernardo Stempel Corpus F.E.R.C.A.N. II/1 104). </p>
                                                <p part="N">

Vorkommen in theonymischen Formularen: </p>
                                                <p part="N">
 <rs type="divine">Genius Varneni</rs>: <lb/>
- Germania Inferior: Das theonymische Formular ist nur in dieser Inschrift bezeugt. <lb/> 
- außerhalb der Germania Inferior: - </p>
                                                <p part="N">

siehe auch den Götternamen  <rs type="divine">Varneno</rs> </p>
            </div>
            <linkGrp type="alignment" domains="#majuscule #minuscule">
                <link target="#MAJ.1 #MIN.1"/>
                <link target="#MAJ.2 #MIN.2"/>
            </linkGrp>
        </body>
        <back>
            <tei:note xmlns:tei="http://www.tei-c.org/ns/1.0" type="Objbeschr_note" anchored="true"/>
            <tei:note xmlns:tei="http://www.tei-c.org/ns/1.0" type="ArchKlass_note" anchored="true"/>
            <tei:note xmlns:tei="http://www.tei-c.org/ns/1.0" type="Material_note" anchored="true"/>
            <tei:note xmlns:tei="http://www.tei-c.org/ns/1.0" type="Inschrifttraeger_note" anchored="true"/>
            <tei:note xmlns:tei="http://www.tei-c.org/ns/1.0" type="VerwahrortOrt_note" anchored="true"/>
            <tei:note xmlns:tei="http://www.tei-c.org/ns/1.0" type="InvNr_note" anchored="true"/>
            <tei:note xmlns:tei="http://www.tei-c.org/ns/1.0" type="Fundstelle_note" anchored="true"/>
            <tei:note xmlns:tei="http://www.tei-c.org/ns/1.0" type="Fundumst_note" anchored="true"/>
            <tei:note xmlns:tei="http://www.tei-c.org/ns/1.0" type="Fundjahr_note" anchored="true"/>
            <tei:note xmlns:tei="http://www.tei-c.org/ns/1.0" type="FOantik_note" anchored="true"/>
            <tei:note xmlns:tei="http://www.tei-c.org/ns/1.0" type="FOmodern_note" anchored="true"/>
            <tei:note xmlns:tei="http://www.tei-c.org/ns/1.0" type="civitas_note" anchored="true"/>
            <tei:note xmlns:tei="http://www.tei-c.org/ns/1.0" type="Autopsie_note" anchored="true"/>
            <tei:note xmlns:tei="http://www.tei-c.org/ns/1.0" type="Appcrit_note" anchored="true"/>
            <tei:note xmlns:tei="http://www.tei-c.org/ns/1.0" type="Abb_note" anchored="true"/>
            <tei:note xmlns:tei="http://www.tei-c.org/ns/1.0" type="englUEbers_note" anchored="true"/>
            <tei:note xmlns:tei="http://www.tei-c.org/ns/1.0" type="dtUEbers_note" anchored="true"/>
            <tei:note xmlns:tei="http://www.tei-c.org/ns/1.0" type="Editionen_note" anchored="true"/>
            <tei:note xmlns:tei="http://www.tei-c.org/ns/1.0" type="ErhzustObj_note" anchored="true"/>
            <tei:note xmlns:tei="http://www.tei-c.org/ns/1.0" type="Masse_note" anchored="true"/>
            <tei:note xmlns:tei="http://www.tei-c.org/ns/1.0" type="Ikonogr_note" anchored="true"/>
            <tei:note xmlns:tei="http://www.tei-c.org/ns/1.0" type="Inschrtext_note" anchored="true"/>
            <tei:note xmlns:tei="http://www.tei-c.org/ns/1.0" type="ErhzustInschr_note" anchored="true"/>
            <tei:note xmlns:tei="http://www.tei-c.org/ns/1.0" type="Schrifttechnik_note" anchored="true"/>
            <tei:note xmlns:tei="http://www.tei-c.org/ns/1.0" type="Buchsthoehe_note" anchored="true"/>
            <tei:note xmlns:tei="http://www.tei-c.org/ns/1.0" type="Notvar_note" anchored="true">
                <p part="N"><!--[if gte mso 9]><xml>
 <w:WordDocument>
  <w:View>Normal</w:View>
  <w:Zoom>0</w:Zoom>
  <w:TrackMoves/>
  <w:TrackFormatting/>
  <w:HyphenationZone>21</w:HyphenationZone>
  <w:PunctuationKerning/>
  <w:ValidateAgainstSchemas/>
  <w:SaveIfXMLInvalid>false</w:SaveIfXMLInvalid>
  <w:IgnoreMixedContent>false</w:IgnoreMixedContent>
  <w:AlwaysShowPlaceholderText>false</w:AlwaysShowPlaceholderText>
  <w:DoNotPromoteQF/>
  <w:LidThemeOther>DE-AT</w:LidThemeOther>
  <w:Compatibility>
   <w:BreakWrappedTables/>
   <w:SnapToGridInCell/>
   <w:WrapTextWithPunct/>
   <w:UseAsianBreakRules/>
   <w:DontGrowAutofit/>
   <w:SplitPgBreakAndParaMark/>
   <w:EnableOpenTypeKerning/>
   <w:DontFlipMirrorIndents/>
   <w:OverrideTableStyleHps/>
   <w:UseFELayout/>
  </w:Compatibility>
  <w:DoNotOptimizeForBrowser/>
  <m:mathPr>
   <m:mathFont m:val="Cambria Math"/>
   <m:brkBin m:val="before"/>
   <m:brkBinSub m:val="&#45;-"/>
   <m:smallFrac m:val="off"/>
   <m:dispDef/>
   <m:lMargin m:val="0"/>
   <m:rMargin m:val="0"/>
   <m:defJc m:val="centerGroup"/>
   <m:wrapIndent m:val="1440"/>
   <m:intLim m:val="subSup"/>
   <m:naryLim m:val="undOvr"/>
  </m:mathPr></w:WordDocument>
</xml><![endif]--><!--[if gte mso 9]><xml>
 <w:LatentStyles DefLockedState="false" DefUnhideWhenUsed="false"
  DefSemiHidden="false" DefQFormat="false" DefPriority="99"
  LatentStyleCount="376">
  <w:LsdException Locked="false" Priority="0" QFormat="true" Name="Normal"/>
  <w:LsdException Locked="false" Priority="9" QFormat="true" Name="heading 1"/>
  <w:LsdException Locked="false" Priority="9" SemiHidden="true"
   UnhideWhenUsed="true" QFormat="true" Name="heading 2"/>
  <w:LsdException Locked="false" Priority="9" SemiHidden="true"
   UnhideWhenUsed="true" QFormat="true" Name="heading 3"/>
  <w:LsdException Locked="false" Priority="9" SemiHidden="true"
   UnhideWhenUsed="true" QFormat="true" Name="heading 4"/>
  <w:LsdException Locked="false" Priority="9" SemiHidden="true"
   UnhideWhenUsed="true" QFormat="true" Name="heading 5"/>
  <w:LsdException Locked="false" Priority="9" SemiHidden="true"
   UnhideWhenUsed="true" QFormat="true" Name="heading 6"/>
  <w:LsdException Locked="false" Priority="9" SemiHidden="true"
   UnhideWhenUsed="true" QFormat="true" Name="heading 7"/>
  <w:LsdException Locked="false" Priority="9" SemiHidden="true"
   UnhideWhenUsed="true" QFormat="true" Name="heading 8"/>
  <w:LsdException Locked="false" Priority="9" SemiHidden="true"
   UnhideWhenUsed="true" QFormat="true" Name="heading 9"/>
  <w:LsdException Locked="false" SemiHidden="true" UnhideWhenUsed="true"
   Name="index 1"/>
  <w:LsdException Locked="false" SemiHidden="true" UnhideWhenUsed="true"
   Name="index 2"/>
  <w:LsdException Locked="false" SemiHidden="true" UnhideWhenUsed="true"
   Name="index 3"/>
  <w:LsdException Locked="false" SemiHidden="true" UnhideWhenUsed="true"
   Name="index 4"/>
  <w:LsdException Locked="false" SemiHidden="true" UnhideWhenUsed="true"
   Name="index 5"/>
  <w:LsdException Locked="false" SemiHidden="true" UnhideWhenUsed="true"
   Name="index 6"/>
  <w:LsdException Locked="false" SemiHidden="true" UnhideWhenUsed="true"
   Name="index 7"/>
  <w:LsdException Locked="false" SemiHidden="true" UnhideWhenUsed="true"
   Name="index 8"/>
  <w:LsdException Locked="false" SemiHidden="true" UnhideWhenUsed="true"
   Name="index 9"/>
  <w:LsdException Locked="false" Priority="39" SemiHidden="true"
   UnhideWhenUsed="true" Name="toc 1"/>
  <w:LsdException Locked="false" Priority="39" SemiHidden="true"
   UnhideWhenUsed="true" Name="toc 2"/>
  <w:LsdException Locked="false" Priority="39" SemiHidden="true"
   UnhideWhenUsed="true" Name="toc 3"/>
  <w:LsdException Locked="false" Priority="39" SemiHidden="true"
   UnhideWhenUsed="true" Name="toc 4"/>
  <w:LsdException Locked="false" Priority="39" SemiHidden="true"
   UnhideWhenUsed="true" Name="toc 5"/>
  <w:LsdException Locked="false" Priority="39" SemiHidden="true"
   UnhideWhenUsed="true" Name="toc 6"/>
  <w:LsdException Locked="false" Priority="39" SemiHidden="true"
   UnhideWhenUsed="true" Name="toc 7"/>
  <w:LsdException Locked="false" Priority="39" SemiHidden="true"
   UnhideWhenUsed="true" Name="toc 8"/>
  <w:LsdException Locked="false" Priority="39" SemiHidden="true"
   UnhideWhenUsed="true" Name="toc 9"/>
  <w:LsdException Locked="false" SemiHidden="true" UnhideWhenUsed="true"
   Name="Normal Indent"/>
  <w:LsdException Locked="false" SemiHidden="true" UnhideWhenUsed="true"
   Name="footnote text"/>
  <w:LsdException Locked="false" SemiHidden="true" UnhideWhenUsed="true"
   Name="annotation text"/>
  <w:LsdException Locked="false" SemiHidden="true" UnhideWhenUsed="true"
   Name="header"/>
  <w:LsdException Locked="false" SemiHidden="true" UnhideWhenUsed="true"
   Name="footer"/>
  <w:LsdException Locked="false" SemiHidden="true" UnhideWhenUsed="true"
   Name="index heading"/>
  <w:LsdException Locked="false" Priority="35" SemiHidden="true"
   UnhideWhenUsed="true" QFormat="true" Name="caption"/>
  <w:LsdException Locked="false" SemiHidden="true" UnhideWhenUsed="true"
   Name="table of figures"/>
  <w:LsdException Locked="false" SemiHidden="true" UnhideWhenUsed="true"
   Name="envelope address"/>
  <w:LsdException Locked="false" SemiHidden="true" UnhideWhenUsed="true"
   Name="envelope return"/>
  <w:LsdException Locked="false" SemiHidden="true" UnhideWhenUsed="true"
   Name="footnote reference"/>
  <w:LsdException Locked="false" SemiHidden="true" UnhideWhenUsed="true"
   Name="annotation reference"/>
  <w:LsdException Locked="false" SemiHidden="true" UnhideWhenUsed="true"
   Name="line number"/>
  <w:LsdException Locked="false" SemiHidden="true" UnhideWhenUsed="true"
   Name="page number"/>
  <w:LsdException Locked="false" SemiHidden="true" UnhideWhenUsed="true"
   Name="endnote reference"/>
  <w:LsdException Locked="false" SemiHidden="true" UnhideWhenUsed="true"
   Name="endnote text"/>
  <w:LsdException Locked="false" SemiHidden="true" UnhideWhenUsed="true"
   Name="table of authorities"/>
  <w:LsdException Locked="false" SemiHidden="true" UnhideWhenUsed="true"
   Name="macro"/>
  <w:LsdException Locked="false" SemiHidden="true" UnhideWhenUsed="true"
   Name="toa heading"/>
  <w:LsdException Locked="false" SemiHidden="true" UnhideWhenUsed="true"
   Name="List"/>
  <w:LsdException Locked="false" SemiHidden="true" UnhideWhenUsed="true"
   Name="List Bullet"/>
  <w:LsdException Locked="false" SemiHidden="true" UnhideWhenUsed="true"
   Name="List Number"/>
  <w:LsdException Locked="false" SemiHidden="true" UnhideWhenUsed="true"
   Name="List 2"/>
  <w:LsdException Locked="false" SemiHidden="true" UnhideWhenUsed="true"
   Name="List 3"/>
  <w:LsdException Locked="false" SemiHidden="true" UnhideWhenUsed="true"
   Name="List 4"/>
  <w:LsdException Locked="false" SemiHidden="true" UnhideWhenUsed="true"
   Name="List 5"/>
  <w:LsdException Locked="false" SemiHidden="true" UnhideWhenUsed="true"
   Name="List Bullet 2"/>
  <w:LsdException Locked="false" SemiHidden="true" UnhideWhenUsed="true"
   Name="List Bullet 3"/>
  <w:LsdException Locked="false" SemiHidden="true" UnhideWhenUsed="true"
   Name="List Bullet 4"/>
  <w:LsdException Locked="false" SemiHidden="true" UnhideWhenUsed="true"
   Name="List Bullet 5"/>
  <w:LsdException Locked="false" SemiHidden="true" UnhideWhenUsed="true"
   Name="List Number 2"/>
  <w:LsdException Locked="false" SemiHidden="true" UnhideWhenUsed="true"
   Name="List Number 3"/>
  <w:LsdException Locked="false" SemiHidden="true" UnhideWhenUsed="true"
   Name="List Number 4"/>
  <w:LsdException Locked="false" SemiHidden="true" UnhideWhenUsed="true"
   Name="List Number 5"/>
  <w:LsdException Locked="false" Priority="10" QFormat="true" Name="Title"/>
  <w:LsdException Locked="false" SemiHidden="true" UnhideWhenUsed="true"
   Name="Closing"/>
  <w:LsdException Locked="false" SemiHidden="true" UnhideWhenUsed="true"
   Name="Signature"/>
  <w:LsdException Locked="false" Priority="1" SemiHidden="true"
   UnhideWhenUsed="true" Name="Default Paragraph Font"/>
  <w:LsdException Locked="false" SemiHidden="true" UnhideWhenUsed="true"
   Name="Body Text"/>
  <w:LsdException Locked="false" SemiHidden="true" UnhideWhenUsed="true"
   Name="Body Text Indent"/>
  <w:LsdException Locked="false" SemiHidden="true" UnhideWhenUsed="true"
   Name="List Continue"/>
  <w:LsdException Locked="false" SemiHidden="true" UnhideWhenUsed="true"
   Name="List Continue 2"/>
  <w:LsdException Locked="false" SemiHidden="true" UnhideWhenUsed="true"
   Name="List Continue 3"/>
  <w:LsdException Locked="false" SemiHidden="true" UnhideWhenUsed="true"
   Name="List Continue 4"/>
  <w:LsdException Locked="false" SemiHidden="true" UnhideWhenUsed="true"
   Name="List Continue 5"/>
  <w:LsdException Locked="false" SemiHidden="true" UnhideWhenUsed="true"
   Name="Message Header"/>
  <w:LsdException Locked="false" Priority="11" QFormat="true" Name="Subtitle"/>
  <w:LsdException Locked="false" SemiHidden="true" UnhideWhenUsed="true"
   Name="Salutation"/>
  <w:LsdException Locked="false" SemiHidden="true" UnhideWhenUsed="true"
   Name="Date"/>
  <w:LsdException Locked="false" SemiHidden="true" UnhideWhenUsed="true"
   Name="Body Text First Indent"/>
  <w:LsdException Locked="false" SemiHidden="true" UnhideWhenUsed="true"
   Name="Body Text First Indent 2"/>
  <w:LsdException Locked="false" SemiHidden="true" UnhideWhenUsed="true"
   Name="Note Heading"/>
  <w:LsdException Locked="false" SemiHidden="true" UnhideWhenUsed="true"
   Name="Body Text 2"/>
  <w:LsdException Locked="false" SemiHidden="true" UnhideWhenUsed="true"
   Name="Body Text 3"/>
  <w:LsdException Locked="false" SemiHidden="true" UnhideWhenUsed="true"
   Name="Body Text Indent 2"/>
  <w:LsdException Locked="false" SemiHidden="true" UnhideWhenUsed="true"
   Name="Body Text Indent 3"/>
  <w:LsdException Locked="false" SemiHidden="true" UnhideWhenUsed="true"
   Name="Block Text"/>
  <w:LsdException Locked="false" SemiHidden="true" UnhideWhenUsed="true"
   Name="Hyperlink"/>
  <w:LsdException Locked="false" SemiHidden="true" UnhideWhenUsed="true"
   Name="FollowedHyperlink"/>
  <w:LsdException Locked="false" Priority="22" QFormat="true" Name="Strong"/>
  <w:LsdException Locked="false" Priority="20" QFormat="true" Name="Emphasis"/>
  <w:LsdException Locked="false" SemiHidden="true" UnhideWhenUsed="true"
   Name="Document Map"/>
  <w:LsdException Locked="false" SemiHidden="true" UnhideWhenUsed="true"
   Name="Plain Text"/>
  <w:LsdException Locked="false" SemiHidden="true" UnhideWhenUsed="true"
   Name="E-mail Signature"/>
  <w:LsdException Locked="false" SemiHidden="true" UnhideWhenUsed="true"
   Name="HTML Top of Form"/>
  <w:LsdException Locked="false" SemiHidden="true" UnhideWhenUsed="true"
   Name="HTML Bottom of Form"/>
  <w:LsdException Locked="false" SemiHidden="true" UnhideWhenUsed="true"
   Name="Normal (Web)"/>
  <w:LsdException Locked="false" SemiHidden="true" UnhideWhenUsed="true"
   Name="HTML Acronym"/>
  <w:LsdException Locked="false" SemiHidden="true" UnhideWhenUsed="true"
   Name="HTML Address"/>
  <w:LsdException Locked="false" SemiHidden="true" UnhideWhenUsed="true"
   Name="HTML Cite"/>
  <w:LsdException Locked="false" SemiHidden="true" UnhideWhenUsed="true"
   Name="HTML Code"/>
  <w:LsdException Locked="false" SemiHidden="true" UnhideWhenUsed="true"
   Name="HTML Definition"/>
  <w:LsdException Locked="false" SemiHidden="true" UnhideWhenUsed="true"
   Name="HTML Keyboard"/>
  <w:LsdException Locked="false" SemiHidden="true" UnhideWhenUsed="true"
   Name="HTML Preformatted"/>
  <w:LsdException Locked="false" SemiHidden="true" UnhideWhenUsed="true"
   Name="HTML Sample"/>
  <w:LsdException Locked="false" SemiHidden="true" UnhideWhenUsed="true"
   Name="HTML Typewriter"/>
  <w:LsdException Locked="false" SemiHidden="true" UnhideWhenUsed="true"
   Name="HTML Variable"/>
  <w:LsdException Locked="false" SemiHidden="true" UnhideWhenUsed="true"
   Name="Normal Table"/>
  <w:LsdException Locked="false" SemiHidden="true" UnhideWhenUsed="true"
   Name="annotation subject"/>
  <w:LsdException Locked="false" SemiHidden="true" UnhideWhenUsed="true"
   Name="No List"/>
  <w:LsdException Locked="false" SemiHidden="true" UnhideWhenUsed="true"
   Name="Outline List 1"/>
  <w:LsdException Locked="false" SemiHidden="true" UnhideWhenUsed="true"
   Name="Outline List 2"/>
  <w:LsdException Locked="false" SemiHidden="true" UnhideWhenUsed="true"
   Name="Outline List 3"/>
  <w:LsdException Locked="false" SemiHidden="true" UnhideWhenUsed="true"
   Name="Table Simple 1"/>
  <w:LsdException Locked="false" SemiHidden="true" UnhideWhenUsed="true"
   Name="Table Simple 2"/>
  <w:LsdException Locked="false" SemiHidden="true" UnhideWhenUsed="true"
   Name="Table Simple 3"/>
  <w:LsdException Locked="false" SemiHidden="true" UnhideWhenUsed="true"
   Name="Table Classic 1"/>
  <w:LsdException Locked="false" SemiHidden="true" UnhideWhenUsed="true"
   Name="Table Classic 2"/>
  <w:LsdException Locked="false" SemiHidden="true" UnhideWhenUsed="true"
   Name="Table Classic 3"/>
  <w:LsdException Locked="false" SemiHidden="true" UnhideWhenUsed="true"
   Name="Table Classic 4"/>
  <w:LsdException Locked="false" SemiHidden="true" UnhideWhenUsed="true"
   Name="Table Colorful 1"/>
  <w:LsdException Locked="false" SemiHidden="true" UnhideWhenUsed="true"
   Name="Table Colorful 2"/>
  <w:LsdException Locked="false" SemiHidden="true" UnhideWhenUsed="true"
   Name="Table Colorful 3"/>
  <w:LsdException Locked="false" SemiHidden="true" UnhideWhenUsed="true"
   Name="Table Columns 1"/>
  <w:LsdException Locked="false" SemiHidden="true" UnhideWhenUsed="true"
   Name="Table Columns 2"/>
  <w:LsdException Locked="false" SemiHidden="true" UnhideWhenUsed="true"
   Name="Table Columns 3"/>
  <w:LsdException Locked="false" SemiHidden="true" UnhideWhenUsed="true"
   Name="Table Columns 4"/>
  <w:LsdException Locked="false" SemiHidden="true" UnhideWhenUsed="true"
   Name="Table Columns 5"/>
  <w:LsdException Locked="false" SemiHidden="true" UnhideWhenUsed="true"
   Name="Table Grid 1"/>
  <w:LsdException Locked="false" SemiHidden="true" UnhideWhenUsed="true"
   Name="Table Grid 2"/>
  <w:LsdException Locked="false" SemiHidden="true" UnhideWhenUsed="true"
   Name="Table Grid 3"/>
  <w:LsdException Locked="false" SemiHidden="true" UnhideWhenUsed="true"
   Name="Table Grid 4"/>
  <w:LsdException Locked="false" SemiHidden="true" UnhideWhenUsed="true"
   Name="Table Grid 5"/>
  <w:LsdException Locked="false" SemiHidden="true" UnhideWhenUsed="true"
   Name="Table Grid 6"/>
  <w:LsdException Locked="false" SemiHidden="true" UnhideWhenUsed="true"
   Name="Table Grid 7"/>
  <w:LsdException Locked="false" SemiHidden="true" UnhideWhenUsed="true"
   Name="Table Grid 8"/>
  <w:LsdException Locked="false" SemiHidden="true" UnhideWhenUsed="true"
   Name="Table List 1"/>
  <w:LsdException Locked="false" SemiHidden="true" UnhideWhenUsed="true"
   Name="Table List 2"/>
  <w:LsdException Locked="false" SemiHidden="true" UnhideWhenUsed="true"
   Name="Table List 3"/>
  <w:LsdException Locked="false" SemiHidden="true" UnhideWhenUsed="true"
   Name="Table List 4"/>
  <w:LsdException Locked="false" SemiHidden="true" UnhideWhenUsed="true"
   Name="Table List 5"/>
  <w:LsdException Locked="false" SemiHidden="true" UnhideWhenUsed="true"
   Name="Table List 6"/>
  <w:LsdException Locked="false" SemiHidden="true" UnhideWhenUsed="true"
   Name="Table List 7"/>
  <w:LsdException Locked="false" SemiHidden="true" UnhideWhenUsed="true"
   Name="Table List 8"/>
  <w:LsdException Locked="false" SemiHidden="true" UnhideWhenUsed="true"
   Name="Table 3D effects 1"/>
  <w:LsdException Locked="false" SemiHidden="true" UnhideWhenUsed="true"
   Name="Table 3D effects 2"/>
  <w:LsdException Locked="false" SemiHidden="true" UnhideWhenUsed="true"
   Name="Table 3D effects 3"/>
  <w:LsdException Locked="false" SemiHidden="true" UnhideWhenUsed="true"
   Name="Table Contemporary"/>
  <w:LsdException Locked="false" SemiHidden="true" UnhideWhenUsed="true"
   Name="Table Elegant"/>
  <w:LsdException Locked="false" SemiHidden="true" UnhideWhenUsed="true"
   Name="Table Professional"/>
  <w:LsdException Locked="false" SemiHidden="true" UnhideWhenUsed="true"
   Name="Table Subtle 1"/>
  <w:LsdException Locked="false" SemiHidden="true" UnhideWhenUsed="true"
   Name="Table Subtle 2"/>
  <w:LsdException Locked="false" SemiHidden="true" UnhideWhenUsed="true"
   Name="Table Web 1"/>
  <w:LsdException Locked="false" SemiHidden="true" UnhideWhenUsed="true"
   Name="Table Web 2"/>
  <w:LsdException Locked="false" SemiHidden="true" UnhideWhenUsed="true"
   Name="Table Web 3"/>
  <w:LsdException Locked="false" SemiHidden="true" UnhideWhenUsed="true"
   Name="Balloon Text"/>
  <w:LsdException Locked="false" Priority="39" Name="Table Grid"/>
  <w:LsdException Locked="false" SemiHidden="true" UnhideWhenUsed="true"
   Name="Table Theme"/>
  <w:LsdException Locked="false" SemiHidden="true" Name="Placeholder Text"/>
  <w:LsdException Locked="false" Priority="1" QFormat="true" Name="No Spacing"/>
  <w:LsdException Locked="false" Priority="60" Name="Light Shading"/>
  <w:LsdException Locked="false" Priority="61" Name="Light List"/>
  <w:LsdException Locked="false" Priority="62" Name="Light Grid"/>
  <w:LsdException Locked="false" Priority="63" Name="Medium Shading 1"/>
  <w:LsdException Locked="false" Priority="64" Name="Medium Shading 2"/>
  <w:LsdException Locked="false" Priority="65" Name="Medium List 1"/>
  <w:LsdException Locked="false" Priority="66" Name="Medium List 2"/>
  <w:LsdException Locked="false" Priority="67" Name="Medium Grid 1"/>
  <w:LsdException Locked="false" Priority="68" Name="Medium Grid 2"/>
  <w:LsdException Locked="false" Priority="69" Name="Medium Grid 3"/>
  <w:LsdException Locked="false" Priority="70" Name="Dark List"/>
  <w:LsdException Locked="false" Priority="71" Name="Colorful Shading"/>
  <w:LsdException Locked="false" Priority="72" Name="Colorful List"/>
  <w:LsdException Locked="false" Priority="73" Name="Colorful Grid"/>
  <w:LsdException Locked="false" Priority="60" Name="Light Shading Accent 1"/>
  <w:LsdException Locked="false" Priority="61" Name="Light List Accent 1"/>
  <w:LsdException Locked="false" Priority="62" Name="Light Grid Accent 1"/>
  <w:LsdException Locked="false" Priority="63" Name="Medium Shading 1 Accent 1"/>
  <w:LsdException Locked="false" Priority="64" Name="Medium Shading 2 Accent 1"/>
  <w:LsdException Locked="false" Priority="65" Name="Medium List 1 Accent 1"/>
  <w:LsdException Locked="false" SemiHidden="true" Name="Revision"/>
  <w:LsdException Locked="false" Priority="34" QFormat="true"
   Name="List Paragraph"/>
  <w:LsdException Locked="false" Priority="29" QFormat="true" Name="Quote"/>
  <w:LsdException Locked="false" Priority="30" QFormat="true"
   Name="Intense Quote"/>
  <w:LsdException Locked="false" Priority="66" Name="Medium List 2 Accent 1"/>
  <w:LsdException Locked="false" Priority="67" Name="Medium Grid 1 Accent 1"/>
  <w:LsdException Locked="false" Priority="68" Name="Medium Grid 2 Accent 1"/>
  <w:LsdException Locked="false" Priority="69" Name="Medium Grid 3 Accent 1"/>
  <w:LsdException Locked="false" Priority="70" Name="Dark List Accent 1"/>
  <w:LsdException Locked="false" Priority="71" Name="Colorful Shading Accent 1"/>
  <w:LsdException Locked="false" Priority="72" Name="Colorful List Accent 1"/>
  <w:LsdException Locked="false" Priority="73" Name="Colorful Grid Accent 1"/>
  <w:LsdException Locked="false" Priority="60" Name="Light Shading Accent 2"/>
  <w:LsdException Locked="false" Priority="61" Name="Light List Accent 2"/>
  <w:LsdException Locked="false" Priority="62" Name="Light Grid Accent 2"/>
  <w:LsdException Locked="false" Priority="63" Name="Medium Shading 1 Accent 2"/>
  <w:LsdException Locked="false" Priority="64" Name="Medium Shading 2 Accent 2"/>
  <w:LsdException Locked="false" Priority="65" Name="Medium List 1 Accent 2"/>
  <w:LsdException Locked="false" Priority="66" Name="Medium List 2 Accent 2"/>
  <w:LsdException Locked="false" Priority="67" Name="Medium Grid 1 Accent 2"/>
  <w:LsdException Locked="false" Priority="68" Name="Medium Grid 2 Accent 2"/>
  <w:LsdException Locked="false" Priority="69" Name="Medium Grid 3 Accent 2"/>
  <w:LsdException Locked="false" Priority="70" Name="Dark List Accent 2"/>
  <w:LsdException Locked="false" Priority="71" Name="Colorful Shading Accent 2"/>
  <w:LsdException Locked="false" Priority="72" Name="Colorful List Accent 2"/>
  <w:LsdException Locked="false" Priority="73" Name="Colorful Grid Accent 2"/>
  <w:LsdException Locked="false" Priority="60" Name="Light Shading Accent 3"/>
  <w:LsdException Locked="false" Priority="61" Name="Light List Accent 3"/>
  <w:LsdException Locked="false" Priority="62" Name="Light Grid Accent 3"/>
  <w:LsdException Locked="false" Priority="63" Name="Medium Shading 1 Accent 3"/>
  <w:LsdException Locked="false" Priority="64" Name="Medium Shading 2 Accent 3"/>
  <w:LsdException Locked="false" Priority="65" Name="Medium List 1 Accent 3"/>
  <w:LsdException Locked="false" Priority="66" Name="Medium List 2 Accent 3"/>
  <w:LsdException Locked="false" Priority="67" Name="Medium Grid 1 Accent 3"/>
  <w:LsdException Locked="false" Priority="68" Name="Medium Grid 2 Accent 3"/>
  <w:LsdException Locked="false" Priority="69" Name="Medium Grid 3 Accent 3"/>
  <w:LsdException Locked="false" Priority="70" Name="Dark List Accent 3"/>
  <w:LsdException Locked="false" Priority="71" Name="Colorful Shading Accent 3"/>
  <w:LsdException Locked="false" Priority="72" Name="Colorful List Accent 3"/>
  <w:LsdException Locked="false" Priority="73" Name="Colorful Grid Accent 3"/>
  <w:LsdException Locked="false" Priority="60" Name="Light Shading Accent 4"/>
  <w:LsdException Locked="false" Priority="61" Name="Light List Accent 4"/>
  <w:LsdException Locked="false" Priority="62" Name="Light Grid Accent 4"/>
  <w:LsdException Locked="false" Priority="63" Name="Medium Shading 1 Accent 4"/>
  <w:LsdException Locked="false" Priority="64" Name="Medium Shading 2 Accent 4"/>
  <w:LsdException Locked="false" Priority="65" Name="Medium List 1 Accent 4"/>
  <w:LsdException Locked="false" Priority="66" Name="Medium List 2 Accent 4"/>
  <w:LsdException Locked="false" Priority="67" Name="Medium Grid 1 Accent 4"/>
  <w:LsdException Locked="false" Priority="68" Name="Medium Grid 2 Accent 4"/>
  <w:LsdException Locked="false" Priority="69" Name="Medium Grid 3 Accent 4"/>
  <w:LsdException Locked="false" Priority="70" Name="Dark List Accent 4"/>
  <w:LsdException Locked="false" Priority="71" Name="Colorful Shading Accent 4"/>
  <w:LsdException Locked="false" Priority="72" Name="Colorful List Accent 4"/>
  <w:LsdException Locked="false" Priority="73" Name="Colorful Grid Accent 4"/>
  <w:LsdException Locked="false" Priority="60" Name="Light Shading Accent 5"/>
  <w:LsdException Locked="false" Priority="61" Name="Light List Accent 5"/>
  <w:LsdException Locked="false" Priority="62" Name="Light Grid Accent 5"/>
  <w:LsdException Locked="false" Priority="63" Name="Medium Shading 1 Accent 5"/>
  <w:LsdException Locked="false" Priority="64" Name="Medium Shading 2 Accent 5"/>
  <w:LsdException Locked="false" Priority="65" Name="Medium List 1 Accent 5"/>
  <w:LsdException Locked="false" Priority="66" Name="Medium List 2 Accent 5"/>
  <w:LsdException Locked="false" Priority="67" Name="Medium Grid 1 Accent 5"/>
  <w:LsdException Locked="false" Priority="68" Name="Medium Grid 2 Accent 5"/>
  <w:LsdException Locked="false" Priority="69" Name="Medium Grid 3 Accent 5"/>
  <w:LsdException Locked="false" Priority="70" Name="Dark List Accent 5"/>
  <w:LsdException Locked="false" Priority="71" Name="Colorful Shading Accent 5"/>
  <w:LsdException Locked="false" Priority="72" Name="Colorful List Accent 5"/>
  <w:LsdException Locked="false" Priority="73" Name="Colorful Grid Accent 5"/>
  <w:LsdException Locked="false" Priority="60" Name="Light Shading Accent 6"/>
  <w:LsdException Locked="false" Priority="61" Name="Light List Accent 6"/>
  <w:LsdException Locked="false" Priority="62" Name="Light Grid Accent 6"/>
  <w:LsdException Locked="false" Priority="63" Name="Medium Shading 1 Accent 6"/>
  <w:LsdException Locked="false" Priority="64" Name="Medium Shading 2 Accent 6"/>
  <w:LsdException Locked="false" Priority="65" Name="Medium List 1 Accent 6"/>
  <w:LsdException Locked="false" Priority="66" Name="Medium List 2 Accent 6"/>
  <w:LsdException Locked="false" Priority="67" Name="Medium Grid 1 Accent 6"/>
  <w:LsdException Locked="false" Priority="68" Name="Medium Grid 2 Accent 6"/>
  <w:LsdException Locked="false" Priority="69" Name="Medium Grid 3 Accent 6"/>
  <w:LsdException Locked="false" Priority="70" Name="Dark List Accent 6"/>
  <w:LsdException Locked="false" Priority="71" Name="Colorful Shading Accent 6"/>
  <w:LsdException Locked="false" Priority="72" Name="Colorful List Accent 6"/>
  <w:LsdException Locked="false" Priority="73" Name="Colorful Grid Accent 6"/>
  <w:LsdException Locked="false" Priority="19" QFormat="true"
   Name="Subtle Emphasis"/>
  <w:LsdException Locked="false" Priority="21" QFormat="true"
   Name="Intense Emphasis"/>
  <w:LsdException Locked="false" Priority="31" QFormat="true"
   Name="Subtle Reference"/>
  <w:LsdException Locked="false" Priority="32" QFormat="true"
   Name="Intense Reference"/>
  <w:LsdException Locked="false" Priority="33" QFormat="true" Name="Book Title"/>
  <w:LsdException Locked="false" Priority="37" SemiHidden="true"
   UnhideWhenUsed="true" Name="Bibliography"/>
  <w:LsdException Locked="false" Priority="39" SemiHidden="true"
   UnhideWhenUsed="true" QFormat="true" Name="TOC Heading"/>
  <w:LsdException Locked="false" Priority="41" Name="Plain Table 1"/>
  <w:LsdException Locked="false" Priority="42" Name="Plain Table 2"/>
  <w:LsdException Locked="false" Priority="43" Name="Plain Table 3"/>
  <w:LsdException Locked="false" Priority="44" Name="Plain Table 4"/>
  <w:LsdException Locked="false" Priority="45" Name="Plain Table 5"/>
  <w:LsdException Locked="false" Priority="40" Name="Grid Table Light"/>
  <w:LsdException Locked="false" Priority="46" Name="Grid Table 1 Light"/>
  <w:LsdException Locked="false" Priority="47" Name="Grid Table 2"/>
  <w:LsdException Locked="false" Priority="48" Name="Grid Table 3"/>
  <w:LsdException Locked="false" Priority="49" Name="Grid Table 4"/>
  <w:LsdException Locked="false" Priority="50" Name="Grid Table 5 Dark"/>
  <w:LsdException Locked="false" Priority="51" Name="Grid Table 6 Colorful"/>
  <w:LsdException Locked="false" Priority="52" Name="Grid Table 7 Colorful"/>
  <w:LsdException Locked="false" Priority="46"
   Name="Grid Table 1 Light Accent 1"/>
  <w:LsdException Locked="false" Priority="47" Name="Grid Table 2 Accent 1"/>
  <w:LsdException Locked="false" Priority="48" Name="Grid Table 3 Accent 1"/>
  <w:LsdException Locked="false" Priority="49" Name="Grid Table 4 Accent 1"/>
  <w:LsdException Locked="false" Priority="50" Name="Grid Table 5 Dark Accent 1"/>
  <w:LsdException Locked="false" Priority="51"
   Name="Grid Table 6 Colorful Accent 1"/>
  <w:LsdException Locked="false" Priority="52"
   Name="Grid Table 7 Colorful Accent 1"/>
  <w:LsdException Locked="false" Priority="46"
   Name="Grid Table 1 Light Accent 2"/>
  <w:LsdException Locked="false" Priority="47" Name="Grid Table 2 Accent 2"/>
  <w:LsdException Locked="false" Priority="48" Name="Grid Table 3 Accent 2"/>
  <w:LsdException Locked="false" Priority="49" Name="Grid Table 4 Accent 2"/>
  <w:LsdException Locked="false" Priority="50" Name="Grid Table 5 Dark Accent 2"/>
  <w:LsdException Locked="false" Priority="51"
   Name="Grid Table 6 Colorful Accent 2"/>
  <w:LsdException Locked="false" Priority="52"
   Name="Grid Table 7 Colorful Accent 2"/>
  <w:LsdException Locked="false" Priority="46"
   Name="Grid Table 1 Light Accent 3"/>
  <w:LsdException Locked="false" Priority="47" Name="Grid Table 2 Accent 3"/>
  <w:LsdException Locked="false" Priority="48" Name="Grid Table 3 Accent 3"/>
  <w:LsdException Locked="false" Priority="49" Name="Grid Table 4 Accent 3"/>
  <w:LsdException Locked="false" Priority="50" Name="Grid Table 5 Dark Accent 3"/>
  <w:LsdException Locked="false" Priority="51"
   Name="Grid Table 6 Colorful Accent 3"/>
  <w:LsdException Locked="false" Priority="52"
   Name="Grid Table 7 Colorful Accent 3"/>
  <w:LsdException Locked="false" Priority="46"
   Name="Grid Table 1 Light Accent 4"/>
  <w:LsdException Locked="false" Priority="47" Name="Grid Table 2 Accent 4"/>
  <w:LsdException Locked="false" Priority="48" Name="Grid Table 3 Accent 4"/>
  <w:LsdException Locked="false" Priority="49" Name="Grid Table 4 Accent 4"/>
  <w:LsdException Locked="false" Priority="50" Name="Grid Table 5 Dark Accent 4"/>
  <w:LsdException Locked="false" Priority="51"
   Name="Grid Table 6 Colorful Accent 4"/>
  <w:LsdException Locked="false" Priority="52"
   Name="Grid Table 7 Colorful Accent 4"/>
  <w:LsdException Locked="false" Priority="46"
   Name="Grid Table 1 Light Accent 5"/>
  <w:LsdException Locked="false" Priority="47" Name="Grid Table 2 Accent 5"/>
  <w:LsdException Locked="false" Priority="48" Name="Grid Table 3 Accent 5"/>
  <w:LsdException Locked="false" Priority="49" Name="Grid Table 4 Accent 5"/>
  <w:LsdException Locked="false" Priority="50" Name="Grid Table 5 Dark Accent 5"/>
  <w:LsdException Locked="false" Priority="51"
   Name="Grid Table 6 Colorful Accent 5"/>
  <w:LsdException Locked="false" Priority="52"
   Name="Grid Table 7 Colorful Accent 5"/>
  <w:LsdException Locked="false" Priority="46"
   Name="Grid Table 1 Light Accent 6"/>
  <w:LsdException Locked="false" Priority="47" Name="Grid Table 2 Accent 6"/>
  <w:LsdException Locked="false" Priority="48" Name="Grid Table 3 Accent 6"/>
  <w:LsdException Locked="false" Priority="49" Name="Grid Table 4 Accent 6"/>
  <w:LsdException Locked="false" Priority="50" Name="Grid Table 5 Dark Accent 6"/>
  <w:LsdException Locked="false" Priority="51"
   Name="Grid Table 6 Colorful Accent 6"/>
  <w:LsdException Locked="false" Priority="52"
   Name="Grid Table 7 Colorful Accent 6"/>
  <w:LsdException Locked="false" Priority="46" Name="List Table 1 Light"/>
  <w:LsdException Locked="false" Priority="47" Name="List Table 2"/>
  <w:LsdException Locked="false" Priority="48" Name="List Table 3"/>
  <w:LsdException Locked="false" Priority="49" Name="List Table 4"/>
  <w:LsdException Locked="false" Priority="50" Name="List Table 5 Dark"/>
  <w:LsdException Locked="false" Priority="51" Name="List Table 6 Colorful"/>
  <w:LsdException Locked="false" Priority="52" Name="List Table 7 Colorful"/>
  <w:LsdException Locked="false" Priority="46"
   Name="List Table 1 Light Accent 1"/>
  <w:LsdException Locked="false" Priority="47" Name="List Table 2 Accent 1"/>
  <w:LsdException Locked="false" Priority="48" Name="List Table 3 Accent 1"/>
  <w:LsdException Locked="false" Priority="49" Name="List Table 4 Accent 1"/>
  <w:LsdException Locked="false" Priority="50" Name="List Table 5 Dark Accent 1"/>
  <w:LsdException Locked="false" Priority="51"
   Name="List Table 6 Colorful Accent 1"/>
  <w:LsdException Locked="false" Priority="52"
   Name="List Table 7 Colorful Accent 1"/>
  <w:LsdException Locked="false" Priority="46"
   Name="List Table 1 Light Accent 2"/>
  <w:LsdException Locked="false" Priority="47" Name="List Table 2 Accent 2"/>
  <w:LsdException Locked="false" Priority="48" Name="List Table 3 Accent 2"/>
  <w:LsdException Locked="false" Priority="49" Name="List Table 4 Accent 2"/>
  <w:LsdException Locked="false" Priority="50" Name="List Table 5 Dark Accent 2"/>
  <w:LsdException Locked="false" Priority="51"
   Name="List Table 6 Colorful Accent 2"/>
  <w:LsdException Locked="false" Priority="52"
   Name="List Table 7 Colorful Accent 2"/>
  <w:LsdException Locked="false" Priority="46"
   Name="List Table 1 Light Accent 3"/>
  <w:LsdException Locked="false" Priority="47" Name="List Table 2 Accent 3"/>
  <w:LsdException Locked="false" Priority="48" Name="List Table 3 Accent 3"/>
  <w:LsdException Locked="false" Priority="49" Name="List Table 4 Accent 3"/>
  <w:LsdException Locked="false" Priority="50" Name="List Table 5 Dark Accent 3"/>
  <w:LsdException Locked="false" Priority="51"
   Name="List Table 6 Colorful Accent 3"/>
  <w:LsdException Locked="false" Priority="52"
   Name="List Table 7 Colorful Accent 3"/>
  <w:LsdException Locked="false" Priority="46"
   Name="List Table 1 Light Accent 4"/>
  <w:LsdException Locked="false" Priority="47" Name="List Table 2 Accent 4"/>
  <w:LsdException Locked="false" Priority="48" Name="List Table 3 Accent 4"/>
  <w:LsdException Locked="false" Priority="49" Name="List Table 4 Accent 4"/>
  <w:LsdException Locked="false" Priority="50" Name="List Table 5 Dark Accent 4"/>
  <w:LsdException Locked="false" Priority="51"
   Name="List Table 6 Colorful Accent 4"/>
  <w:LsdException Locked="false" Priority="52"
   Name="List Table 7 Colorful Accent 4"/>
  <w:LsdException Locked="false" Priority="46"
   Name="List Table 1 Light Accent 5"/>
  <w:LsdException Locked="false" Priority="47" Name="List Table 2 Accent 5"/>
  <w:LsdException Locked="false" Priority="48" Name="List Table 3 Accent 5"/>
  <w:LsdException Locked="false" Priority="49" Name="List Table 4 Accent 5"/>
  <w:LsdException Locked="false" Priority="50" Name="List Table 5 Dark Accent 5"/>
  <w:LsdException Locked="false" Priority="51"
   Name="List Table 6 Colorful Accent 5"/>
  <w:LsdException Locked="false" Priority="52"
   Name="List Table 7 Colorful Accent 5"/>
  <w:LsdException Locked="false" Priority="46"
   Name="List Table 1 Light Accent 6"/>
  <w:LsdException Locked="false" Priority="47" Name="List Table 2 Accent 6"/>
  <w:LsdException Locked="false" Priority="48" Name="List Table 3 Accent 6"/>
  <w:LsdException Locked="false" Priority="49" Name="List Table 4 Accent 6"/>
  <w:LsdException Locked="false" Priority="50" Name="List Table 5 Dark Accent 6"/>
  <w:LsdException Locked="false" Priority="51"
   Name="List Table 6 Colorful Accent 6"/>
  <w:LsdException Locked="false" Priority="52"
   Name="List Table 7 Colorful Accent 6"/>
  <w:LsdException Locked="false" SemiHidden="true" UnhideWhenUsed="true"
   Name="Mention"/>
  <w:LsdException Locked="false" SemiHidden="true" UnhideWhenUsed="true"
   Name="Smart Hyperlink"/>
  <w:LsdException Locked="false" SemiHidden="true" UnhideWhenUsed="true"
   Name="Hashtag"/>
  <w:LsdException Locked="false" SemiHidden="true" UnhideWhenUsed="true"
   Name="Unresolved Mention"/>
  <w:LsdException Locked="false" SemiHidden="true" UnhideWhenUsed="true"
   Name="Smart Link"/>
 </w:LatentStyles>
</xml><![endif]--><!--[if gte mso 10]>
<style>
 /* Style Definitions */
 table.MsoNormalTable
	{mso-style-name:"Normale Tabelle";
	mso-tstyle-rowband-size:0;
	mso-tstyle-colband-size:0;
	mso-style-noshow:yes;
	mso-style-priority:99;
	mso-style-parent:"";
	mso-padding-alt:0cm 5.4pt 0cm 5.4pt;
	mso-para-margin:0cm;
	mso-pagination:widow-orphan;
	font-size:10.0pt;
	mso-bidi-font-size:12.0pt;
	font-family:"Liberation Serif",serif;
	mso-ansi-language:EN-GB;
	mso-fareast-language:ZH-CN;
	mso-bidi-language:HI;}
</style>
<![endif]-->
                    <span style="font-size:12.0pt;font-family:&#34;Times New Roman&#34;,serif; mso-fareast-font-family:&#34;Times New Roman&#34;;mso-ansi-language:DE-AT;mso-fareast-language: ZH-CN;mso-bidi-language:AR-SA">‚</span>
                    <span style="font-size:12.0pt; font-family:&#34;Arial&#34;,sans-serif;mso-fareast-font-family:&#34;Times New Roman&#34;; mso-ansi-language:DE-AT;mso-fareast-language:ZH-CN;mso-bidi-language:AR-SA">des
Ortes <rs type="divine">Varnenum</rs> (heute Kornelimünster bei Aachen)’</span>
                </p>
            </tei:note>
            <tei:note xmlns:tei="http://www.tei-c.org/ns/1.0" type="SonstKomm_note" anchored="true"/>
            <tei:note xmlns:tei="http://www.tei-c.org/ns/1.0" type="Datierung_note" anchored="true"/>
            <tei:note xmlns:tei="http://www.tei-c.org/ns/1.0" type="KommGoettern_note" anchored="true">
                <p part="N">Alte Version (17.04.23):</p>
                <p part="N">Varnenum: Ortsname (heute: Kornelimünster); Grundlexem dürfte keltisch 
sein, vermutlich Zusammenhang zum Etymon für ‘schützen, Schutzwall’ (de 
Bernardo Stempel in Spickermann 2005, 141f.) </p>
            </tei:note>
        </back>
    </text>
</TEI>