<?xml-model href="https://gams.uni-graz.at/context:fercan/SCHEMA_EPIDOC_9.1" type="application/xml" schematypens="http://relaxng.org/ns/structure/1.0"?><TEI xmlns="http://www.tei-c.org/ns/1.0" xmlns:xsi="http://www.w3.org/2001/XMLSchema-instance" xml:id="inferior34">
    <teiHeader>
        <fileDesc>
            <titleStmt>
                <title type="full">
                    <title type="main">Mars Camulus</title>
                    <title type="sub">CF-GeI-34</title>
                </title>
                <respStmt>
                    <resp>Inschriftenedition</resp>
                    <persName instant="false" full="yes">
                        <forename full="yes">Werner</forename>
                        <surname full="yes">Petermandl</surname>
                    </persName>
                </respStmt>
                <respStmt>
                    <resp>Archäologische Beschreibung und geografische Daten</resp>
                    <persName instant="false" full="yes">
                        <forename full="yes">Astrid</forename>
                        <surname full="yes">Schmölzer</surname>
                    </persName>
                </respStmt>
                <funder ref="https://www.fwf.ac.at">Austrian Science Fund (FWF): P
                  29274-G25</funder>
            </titleStmt>
            <publicationStmt>
                <publisher>
                    <link target="https://antike.uni-graz.at"/>
                    <orgName ref="https://d-nb.info/gnd/1213531357" instant="false" full="yes">Institut für Antike, Fachbereich
                    Alte Geschichte und Epigraphik, Karl-Franzens-Universität Graz</orgName>
                </publisher>
                <authority>
                    <link target="https://informationsmodellierung.uni-graz.at"/>
                    <orgName ref="http://d-nb.info/gnd/1137284463" instant="false" full="yes">Zentrum für
                    Informationsmodellierung - Austrian Centre for Digital Humanities,
                    Karl-Franzens-Universität Graz</orgName>
                </authority>
                <distributor>
                    <link target="https://gams.uni-graz.at"/>
                    <orgName instant="false" full="yes">GAMS - Geisteswissenschaftliches Asset Management System</orgName>
                </distributor>
                <date when="2022" instant="false">2022</date>
                <pubPlace>Graz</pubPlace>
                <idno type="PID">o:fercan.34</idno>
                <availability default="false">
                    <licence target="https://creativecommons.org/licenses/by-nc/4.0">Creative Commons
                    BY-NC 4.0</licence>
                </availability>
            </publicationStmt>
            <seriesStmt>
                <title ref="https://gams.uni-graz.at/fercan">FERCAN: Fontes Epigraphici Religionum
                  Celticarum Antiquarum</title>
                <respStmt>
                    <resp>Projektleitung</resp>
                    <persName instant="false" full="yes">
                        <forename full="yes">Wolfgang</forename>
                        <surname full="yes">Spickermann</surname>
                    </persName>
                </respStmt>
            </seriesStmt>
            <sourceDesc default="false">
                <msDesc status="draft">
                    <msIdentifier>
                        <settlement>Rindern</settlement>
                        <repository>Kirche</repository>
                    </msIdentifier>
                    <msContents>
                        <summary>Weihinschrift</summary>
                    </msContents>
                    <physDesc>
                        <objectDesc>
                            <supportDesc>
                                <support>
                                    <p part="N">Der Weihestein ist von seiner Blockform her eher als Statuenbasis ansprechbar (laut EDH sein ursprünglicher Verwendungszweck) – dafür würde auch das ganzseitige Dekor sprechen, denn neben der Front mit der nicht gerahmten Inschrift sind sowohl Seiten als auch Rückseite mit Reliefs versehen.<lb/>Aufsatz oder Sockel sind nicht vorhanden, auffällig erscheint die Blockform. Auf der oberen Seite dürften Vertiefungen zu finden sein, die zum Befestigen der Statue gedient haben. Der Stein ist an allen Kanten mehr oder weniger beschlagen, das Relief links ist stark beschädigt.</p>
                                    <material>
                                        <ref type="context" target="context:fercan.material.kalkstein" ana="https://gams.uni-graz.at/o:fercan.arch#C.120210">Kalkstein</ref>
                                    </material>
                                    <objectType>Statuenbasis</objectType>
                                    <dimensions>
                                        <height unit="cm">101,0</height>
                                        <width unit="cm">82,0</width>
                                        <depth unit="cm">70,0</depth>
                                    </dimensions>
                                </support>
                                <condition>
                                    <ref type="context" target="context:fercan.condition-o.groeszeres_fragment" ana="https://gams.uni-graz.at/o:fercan.arch#C.130310">größeres Fragment</ref>
                                </condition>
                            </supportDesc>
                            <layoutDesc>
                                <layout>
                                    <p part="N">Der Inschriftentext ist so gut wie vollständig erhalten. In Z.3 findet sich eine Rasur, in der „Neronis“ ergänzbar ist. In der Neuzeit wurde „Tiberii“ eingemeißelt. Die letzte Zeile ist deutlich größer als die vorherigen.<lb/>Ligaturen: s. Majuskeltext. Besondere Zeichen: Z.1: kleines A in C eingeschrieben, kleines O; Z.5: kleines I in C eingeschrieben; Z.7: kleines O in C eingeschrieben; kleines I zwischen den beiden T in „constitu“. – In Z.5 ist ein Trennzeichen in das G, auf der Rückseite ein Trennzeichen in das C eingeschrieben.</p>
                                    <tei:note xmlns:tei="http://www.tei-c.org/ns/1.0" type="condition" anchored="true">weitgehend vollständig</tei:note>
                                </layout>
                            </layoutDesc>
                        </objectDesc>
                        <handDesc>
                            <handNote>
                                <desc type="execution">gemeißelt</desc>
                            </handNote>
                        </handDesc>
                        <decoDesc>
                            <decoNote>
                                <p part="N">Die Rückseite zeigt einen zentralen Ehrenkranz aus länglichen Blättern, vermutlich Lorbeer. An der Unterseite des Kranzes hängen links und rechts Bänder herab, die eine Schleife bilden. Der Kranz umschließt die Buchstaben OCS. Über dem C ist eine hochrechteckige Vertiefung mit abgerundeten Kanten zu sehen, die auch einen Teil des Kranzes beschädigt. Die linke Kante ist von teilweise größeren Ausbrüchen betroffen. <lb/>
Auf der linken Seite ist ein Baum dargestellt, der wohl ähnlich dem Baum auf der rechten Seite ausgestaltet war. Das Relief links ist allerdings nur im Baumkronenbereich bzw. zu kleinen Teilen mittig (Blätter erkennbar) erhalten, der Rest wurde abgearbeitet oder abgeschlagen. <lb/>
Auf der rechten Seite ist der Baum vollständig erhalten. Der Stamm ist gerade, links und rechts ragen kleine Astausbuchtungen hervor. Die ausgeprägten Zweige sind mit länglichen Blättern und runden Früchten zwischen den Blättern versehen.</p>
                                <term ana="https://gams.uni-graz.at/o:fercan.arch#C.253600">
                                    <ref type="context" target="context:fercan.arch.band">Band</ref>
                                </term>
                                <term ana="https://gams.uni-graz.at/o:fercan.arch#C.253200">
                                    <ref type="context" target="context:fercan.arch.baum">Baum</ref>
                                </term>
                                <term ana="https://gams.uni-graz.at/o:fercan.arch#C.253510">
                                    <ref type="context" target="context:fercan.arch.ehrenkranz">Ehrenkranz</ref>
                                </term>
                                <term ana="https://gams.uni-graz.at/o:fercan.arch#C.253500">
                                    <ref type="context" target="context:fercan.arch.kranz">Kranz</ref>
                                </term>
                                <term ana="https://gams.uni-graz.at/o:fercan.arch#C.253210">
                                    <ref type="context" target="context:fercan.arch.laubbaum">Laubbaum</ref>
                                </term>
                                <term ana="https://gams.uni-graz.at/o:fercan.arch#C.253211">
                                    <ref type="context" target="context:fercan.arch.lorbeer">Lorbeer</ref>
                                </term>
                                <term ana="https://gams.uni-graz.at/o:fercan.arch#C.150400">
                                    <ref type="context" target="context:fercan.arch.reliefschmuck">Reliefschmuck</ref>
                                </term>
                            </decoNote>
                        </decoDesc>
                    </physDesc>
                    <history>
                        <origin instant="false">
                            <origPlace instant="false">
                                <placeName ref="https://pleiades.stoa.org/places/98976" instant="false" full="yes">Arenacum</placeName>
                                <region>CUT</region>
                            </origPlace>
                            <origDate notBefore="0054" notAfter="0068" instant="false">
                                <date>54–68</date>
                            </origDate>
                        </origin>
                        <provenance type="found">
                            <placeName instant="false" full="yes">
                                <ref type="context" target="context:fercan.geog.modern.rindern">Rindern</ref>
                            </placeName>
                            <p part="N">Kirche</p>
                            <tei:location xmlns:tei="http://www.tei-c.org/ns/1.0" instant="false">
                                <geo decls="#WGS">51.813584 6.128013</geo>
                            </tei:location>
                            <tei:note xmlns:tei="http://www.tei-c.org/ns/1.0" anchored="true">vermauert</tei:note>
                        </provenance>
                        <provenance type="observed" subtype="autopsied">vidimus (CIL XIII Projekt)</provenance>
                    </history>
                </msDesc>
                <listPlace default="false">
                    <place instant="false"/>
                    <place type="sacral_building" instant="false">
                        <placeName instant="false" full="yes">
                            <ref type="context" target="context:fercan.geog.sacral.templum">templum</ref>
                        </placeName>
                    </place>
                </listPlace>
                <listPerson default="false">
                    <person instant="false">
                        <persName type="sovereign" instant="false" full="yes">
                            <ref type="context" target="context:fercan.person.sovereign.nero">Nero</ref>
                        </persName>
                    </person>
                    <person instant="false">
                        <persName type="divine" subtype="celtic_normalized" instant="false" full="yes">
                            <ref type="context" target="context:fercan.dcn.mars_camulus">Mars Camulus</ref>
                        </persName>
                    </person>
                    <person instant="false">
                        <persName type="divine" subtype="celtic_diplomatic" instant="false" full="yes">
                            <ref type="context" target="context:fercan.dcd.mars_camulus.marti_camulo">Marti Camulo</ref>
                        </persName>
                    </person>
                    <person instant="false">
                        <persName type="divine" subtype="celtic_element" instant="false" full="yes">
                            <ref type="context" target="context:fercan.dce.camulus">Camulus</ref>
                        </persName>
                    </person>
                    <person instant="false">
                        <persName instant="false" full="yes">
                            <roleName type="other" full="yes">
                                <ref type="context" target="context:fercan.person.other.cives_remi">cives Remi</ref>
                            </roleName>
                        </persName>
                    </person>
                </listPerson>
                <listOrg default="false">
                    <org instant="false"/>
                    <org type="population_group" instant="false">
                        <orgName instant="false" full="yes">
                            <ref type="context" target="context:fercan.org.population.cives_remi">cives Remi</ref>
                        </orgName>
                    </org>
                </listOrg>
            </sourceDesc>
        </fileDesc>
        <encodingDesc>
            <geoDecl xml:id="WGS" datum="WGS84" default="false">World Geodetic System</geoDecl>
            <editorialDecl default="false">
                <p part="N">Digitale Repräsentation konform mit EpiDoc: http://epidoc.sourceforge.net</p>
                <p part="N">Majuskel und Minuskel ausgeführt nach Leidener Klammersystem, Majuskel bildet
                  Inschrift originalgetreu ab, Minuskel enthält editorische Hinzufügungen</p>
            </editorialDecl>
            <projectDesc default="false">
                <p part="N">Die keltischen Götternamen in den Inschriften der römischen Provinz Germania
                  Inferior. Eine Fallstudie zu Religion im Kontext von Kulturkontakt und
                  Kulturtransfer (FWF – Projekt P 29274-G25 )</p>
                <p part="N">Das Forschungsprojekt beabsichtigt, sämtliche keltischen Götternamen, die sich in
                  lateinischen Inschriften der römischen Provinz Germania Inferior erhaltenen haben,
                  zusammenzustellen und auszuwerten. Die gewählte Quellengrundlage erscheint
                  besonders geeignet Erscheinungsformen zu untersuchen, welche auf religiöser Ebene
                  durch das Zusammentreffen von verschiedenen kulturellen Einflüssen entstanden
                  sind. Diese sind hier einerseits definiert durch die Verwendung der keltischen
                  Sprache, andererseits durch die lateinische Sprache und durch Formen aus dem
                  Inneren des Imperium Romanum, die man mit dem Etikett „römisch“ versehen kann. Das
                  Interesse gilt dabei nicht nur religiösen, sondern auch damit verbundenen
                  gesellschaftlichen Aspekten und den entsprechenden Mentalitäten. Doch soll damit
                  auch zu einem verbesserten Gesamtbild der Provinzialreligion in Niedergermanien
                  beigetragen werden.<lb/> Die Abschlusspublikation wird ergänzt um einen
                  ausführlichen sprachwissenschaftlichen Kommentar (von Patrizia de Bernardo
                  Stempel) in der Reihe ‚Corpus - F.E.R.C.AN. (Fontes epigraphici religionum
                  Celticarum antiquarum)‘ erscheinen. </p>
            </projectDesc>
        </encodingDesc>
        <profileDesc>
            <langUsage default="false">
                <language ident="la">Latein</language>
            </langUsage>
            <textClass default="false">
                <keywords>
                    <list>
                        <item>
                            <ref type="context" target="context:fercan.dedication.ob_cives_servatos">ob cives servatos</ref>
                        </item>
                        <item>
                            <ref type="context" target="context:fercan.dedication.pro_salute_imperatoris">pro salute Imperatoris</ref>
                        </item>
                        <item>
                            <ref type="context" target="context:fercan.dedication.sacrum">sacrum</ref>
                        </item>
                        <item/> <!-- Belegform gesamt  --> <item> <ref target="context:fercan.divinepart." type="context"> </ref> </item></list></keywords>
            </textClass>
        </profileDesc>
        <revisionDesc status="draft">
            <change when="2019" n="1" corresp="https://gams.uni-graz.at/o:fercan.34/TEI_SOURCE.2020-02-26" status="draft">Initial Version</change>
            <change when="2020" n="2" corresp="https://gams.uni-graz.at/o:fercan.34/TEI_SOURCE.2022-03-07" status="draft">Version 2</change>
            <change when="2022" n="3" status="draft">Version 3</change>
        </revisionDesc>
    </teiHeader>
    <facsimile>
        <graphic mimeType="image/jpeg" xml:id="IMAGE.1" url="file:///0034_Front.jpg">
            <desc>Front, CIL XIII Projekt, CC BY-NC</desc>
        </graphic>
        <graphic mimeType="image/jpeg" xml:id="IMAGE.2" url="file:///0034_li.jpg">
            <desc>links, CIL XIII Projekt, CC BY-NC</desc>
        </graphic>
        <graphic mimeType="image/jpeg" xml:id="IMAGE.3" url="file:///0034_re.jpg">
            <desc>rechts, CIL XIII Projekt, CC BY-NC</desc>
        </graphic>
        <graphic mimeType="image/jpeg" xml:id="IMAGE.4" url="file:///0034_hinten.jpg">
            <desc>, Rechte vorbehalten</desc>
        </graphic>
    </facsimile>
    <text>
        <body>
            <ab part="N">
                <ref target="context:fercan" type="context">FERCAN</ref>
            </ab>
            <div subtype="editions" type="bibliography" org="uniform" part="N" sample="complete">
                <listBibl default="false">
                    <bibl xml:id="LIT.1" default="false" status="draft">ILS 235</bibl>
                    <bibl xml:id="LIT.2" default="false" status="draft">CIL XIII 8701</bibl>
                    <bibl xml:id="LIT.3" default="false" status="draft">Espérandieu IX 6595</bibl>
                    <bibl xml:id="LIT.4" default="false" status="draft">Siebourg 1930, 95f.</bibl>
                    <bibl xml:id="LIT.5" default="false" status="draft">AE 1980, 656</bibl>
            <bibl xml:id="6" default="false" status="draft">Scheungraber 2020, 211 Nr.1</bibl>
        </listBibl>
            </div>
            <div subtype="concordances" type="bibliography" org="uniform" part="N" sample="complete">
                <listBibl>
                    <bibl type="EDCS">
                        <idno>EDCS-11100795</idno>
                        <date>zuletzt aufgerufen am 24. Februar 2020</date>
                    </bibl>
                    <bibl type="EDH">
                        <idno>HD004267</idno>
                        <date>Version vom 14. April 2015</date>
                    </bibl>
                    <bibl type="trismegistos">
                        <idno>www.trismegistos.org/text/208778</idno>
                        <date>aufgerufen am 29.06.2021</date>
                    </bibl>
                </listBibl>
            </div>
            <div type="edition" subtype="diplomatic" xml:id="majuscule" xml:lang="la" xml:space="preserve" org="uniform" part="N" sample="complete"><ab part="N"><orig><lb n="1"/>MARTI · <hi rend="ligature">CA</hi>MVLO <lb n="2"/> 
SACRVM · PRO · <lb n="3"/> 
SALVTE · <del rend="erasure" instant="false" status="unremarkable">NERONIS</del> <lb n="4"/> 
CLAVDI · CAESARIS <lb n="5"/> 
<gap reason="lost" quantity="1" unit="character" instant="false"/>VG · GERMANI<hi rend="ligature">CI</hi> · IMP <lb n="6"/> 
<unclear instant="false">C</unclear>IVES · REMI · QVI · <lb n="7"/> 
<gap reason="lost" quantity="1" unit="character" instant="false"/>EMPLVM · <hi rend="ligature">CO</hi>NSTITV <lb n="8"/> 
ERV<hi rend="ligature">NT</hi> <lb n="9"/><lb n="10"/> 
Rückseite: O · C · S</orig></ab></div>
            <div type="edition" xml:lang="la" xml:id="minuscule" subtype="normalised" xml:space="preserve" org="uniform" part="N" sample="complete"><ab part="N"><lb n="1"/>Marti Camulo<lb n="2"/>sacrum pro<lb n="3"/>salute <del rend="erasure" instant="false" status="unremarkable">Neronis</del><lb n="4"/>Claudi Caesaris<lb n="5"/><supplied reason="lost" instant="false">A</supplied><expan instant="false"><abbr>ug</abbr><ex instant="false">usti</ex></expan> Germanici <expan instant="false"><abbr>imp</abbr><ex instant="false">eratoris</ex></expan><lb n="6"/>cives Remi qui<lb n="7"/><supplied reason="lost" instant="false">t</supplied>emplum constitu<lb n="8" break="no"/>erunt<lb n="9"/><lb n="10"/>Rückseite: <expan instant="false"><abbr>o</abbr><ex instant="false">b</ex></expan> <expan instant="false"><abbr>c</abbr><ex instant="false">ives</ex></expan> <expan instant="false"><abbr>s</abbr><ex instant="false">ervatos</ex></expan></ab></div>
            <div type="translation" xml:lang="de" org="uniform" part="N" sample="complete">
                <p part="N">Dem  <rs type="divine">Mars Camulus</rs> geheiligt! <lb/> 
Für das Heil des Nero Claudius Caesar Augustus Germanicus Imperator; die Angehörigen der civitas der Remer, die den Tempel (zu errichten) beschlossen haben. </p>
                <p part="N">

Rückseite: <lb/> <lb/>
Wegen der Rettung der Bürger.</p>
            </div>
            <div type="translation" xml:lang="en" org="uniform" part="N" sample="complete">
                <p part="N">Sacred to  <rs type="divine">Mars Camulus!</rs> <lb/> 
For the welfare of Nero Claudius Caesar Augustus Germanicus imperator; the Remian citizens, who decided (to build) the temple. </p>
                <p part="N">

Back side: <lb/>
For having saved the lives of citizens. </p>
            </div>
            <div type="apparatus" org="uniform" part="N" sample="complete">
                <app loc="#MIN.1 #MAJ.1">
                    <tei:note xmlns:tei="http://www.tei-c.org/ns/1.0" anchored="true">ohne Ligatur – ILS, Espérandieu, Siebourg, AE</tei:note>
                </app>
                <app loc="3">
                    <tei:note xmlns:tei="http://www.tei-c.org/ns/1.0" anchored="true">später nach Rasur Tiberii eingefügt – ILS, CIL, Siebourg, Scheungraber; Tiberii in der Neuzeit eingemeißelt – EDH</tei:note>
                </app>
                <app loc="#MIN.5 #MAJ.5">
                    <tei:note xmlns:tei="http://www.tei-c.org/ns/1.0" anchored="true">Aug. – ILS, Espérandieu, Siebourg; ohne Ligatur – ILS, Espérandieu, Siebourg, AE</tei:note>
                </app>
                <app loc="#MIN.6 #MAJ.6">
                    <tei:note xmlns:tei="http://www.tei-c.org/ns/1.0" anchored="true">[c]ives – AE, EDH, Scheungraber</tei:note>
                </app>
                <app loc="#MIN.7 #MAJ.7">
                    <tei:note xmlns:tei="http://www.tei-c.org/ns/1.0" anchored="true">templum – ILS, Siebourg; ohne Ligatur – ILS, Espérandieu, Siebourg, AE</tei:note>
                </app>
                <app loc="#MIN.8 #MAJ.8">
                    <tei:note xmlns:tei="http://www.tei-c.org/ns/1.0" anchored="true">ohne Ligatur – ILS, Espérandieu, Siebourg, AE</tei:note>
                </app>
            </div>
            <div type="commentary" subtype="general" org="uniform" part="N" sample="complete">
                <p part="N">Nero Claudius Caesar Augustus Germanicus Imperator: Kaiser Nero; die Ausmeißelung seines individuellen Namensbestandteils muss anlässlich der über Nero verhängten damnatio memoriae erfolgt sein. </p>
                <p part="N">

cives Remi: Als Angehörige der civitas Remorum setzt hier also eine Gruppe von Ortsfremden die Inschrift. Derks (1998, 90) hat wohl zurecht Händler in ihnen vermutet. </p>
                <p part="N">

templum: Wo sich dieses templum befunden haben könnte, ist unbekannt. </p>
                <p part="N">

Da Rindern als Aufstellungsort schwer zu erklären ist, dürfte die Vermutung von Rüger (1981 ZPE, 333) zutreffen, dass der Altar aus Xanten verschleppt wurde, wo sich ein vergleichbarer und offenbar aus der gleichen Werkstatt stammender, in diesem Fall von Lingonen errichteter Altar zum Heile Neros befunden hat (= CF-GeI-0035). </p>
            </div>
            <div type="commentary" subtype="language" org="uniform" part="N" sample="complete">
                <p part="N">v.4: „Claudi“ pro „Claudii“</p>
            </div>
            <div type="commentary" subtype="deity" org="uniform" part="N" sample="complete">                                                <p part="N"> <rs type="divine">Camulus</rs>: mögliche Allegroform des Funktionsbeinamens <rs type="divine">Camulorix</rs>: keltisch: ,[König bzw. Gott] der Gefangenen’ (de Bernardo Stempel Corpus F.E.R.C.A.N. II/1 118f). </p>
                                                <p part="N">

Vorkommen in theonymischen Formularen: </p>
                                                <p part="N">
 <rs type="divine">Mars Camulus</rs>:  <lb/>
- Germania Inferior: nur in dieser Inschrift bezeugt <lb/> 
- außerhalb der Germania Inferior: Neben der Germania Superior CF-GeS-1010 auch in den Provinzen Belgica, Britannia, Dacia, Dalmatia(?) und in Rom(?) bezeugt. </p>
            </div>
            <linkGrp type="alignment" domains="#majuscule #minuscule">
                <link target="#MAJ.1 #MIN.1"/>
                <link target="#MAJ.2 #MIN.2"/>
                <link target="#MAJ.3 #MIN.3"/>
                <link target="#MAJ.4 #MIN.4"/>
                <link target="#MAJ.5 #MIN.5"/>
                <link target="#MAJ.6 #MIN.6"/>
                <link target="#MAJ.7 #MIN.7"/>
                <link target="#MAJ.8 #MIN.8"/>
                <link target="#MAJ.9 #MIN.9"/>
                <link target="#MAJ.10 #MIN.10"/>
            </linkGrp>
        </body>
        <back>
            <tei:note xmlns:tei="http://www.tei-c.org/ns/1.0" type="Objbeschr_note" anchored="true"/>
            <tei:note xmlns:tei="http://www.tei-c.org/ns/1.0" type="ArchKlass_note" anchored="true"/>
            <tei:note xmlns:tei="http://www.tei-c.org/ns/1.0" type="Material_note" anchored="true"/>
            <tei:note xmlns:tei="http://www.tei-c.org/ns/1.0" type="Inschrifttraeger_note" anchored="true"/>
            <tei:note xmlns:tei="http://www.tei-c.org/ns/1.0" type="VerwahrortOrt_note" anchored="true"/>
            <tei:note xmlns:tei="http://www.tei-c.org/ns/1.0" type="InvNr_note" anchored="true"/>
            <tei:note xmlns:tei="http://www.tei-c.org/ns/1.0" type="Fundstelle_note" anchored="true"/>
            <tei:note xmlns:tei="http://www.tei-c.org/ns/1.0" type="Fundumst_note" anchored="true"/>
            <tei:note xmlns:tei="http://www.tei-c.org/ns/1.0" type="Fundjahr_note" anchored="true"/>
            <tei:note xmlns:tei="http://www.tei-c.org/ns/1.0" type="FOantik_note" anchored="true"/>
            <tei:note xmlns:tei="http://www.tei-c.org/ns/1.0" type="FOmodern_note" anchored="true"/>
            <tei:note xmlns:tei="http://www.tei-c.org/ns/1.0" type="civitas_note" anchored="true"/>
            <tei:note xmlns:tei="http://www.tei-c.org/ns/1.0" type="Autopsie_note" anchored="true"/>
            <tei:note xmlns:tei="http://www.tei-c.org/ns/1.0" type="Appcrit_note" anchored="true"/>
            <tei:note xmlns:tei="http://www.tei-c.org/ns/1.0" type="Abb_note" anchored="true"/>
            <tei:note xmlns:tei="http://www.tei-c.org/ns/1.0" type="englUEbers_note" anchored="true"/>
            <tei:note xmlns:tei="http://www.tei-c.org/ns/1.0" type="dtUEbers_note" anchored="true"/>
            <tei:note xmlns:tei="http://www.tei-c.org/ns/1.0" type="Editionen_note" anchored="true"/>
            <tei:note xmlns:tei="http://www.tei-c.org/ns/1.0" type="ErhzustObj_note" anchored="true"/>
            <tei:note xmlns:tei="http://www.tei-c.org/ns/1.0" type="Masse_note" anchored="true"/>
            <tei:note xmlns:tei="http://www.tei-c.org/ns/1.0" type="Ikonogr_note" anchored="true"/>
            <tei:note xmlns:tei="http://www.tei-c.org/ns/1.0" type="Inschrtext_note" anchored="true"/>
            <tei:note xmlns:tei="http://www.tei-c.org/ns/1.0" type="ErhzustInschr_note" anchored="true"/>
            <tei:note xmlns:tei="http://www.tei-c.org/ns/1.0" type="Schrifttechnik_note" anchored="true"/>
            <tei:note xmlns:tei="http://www.tei-c.org/ns/1.0" type="Buchsthoehe_note" anchored="true"/>
            <tei:note xmlns:tei="http://www.tei-c.org/ns/1.0" type="Notvar_note" anchored="true"/>
            <tei:note xmlns:tei="http://www.tei-c.org/ns/1.0" type="SonstKomm_note" anchored="true"/>
            <tei:note xmlns:tei="http://www.tei-c.org/ns/1.0" type="Datierung_note" anchored="true"/>
            <tei:note xmlns:tei="http://www.tei-c.org/ns/1.0" type="KommGoettern_note" anchored="true">                                                    <p part="N">Alte Version (14.04.23):</p>
                                                    <p part="N">Camulus: keltisch; Allegroform des Funktionsbeinamens  Camulorix zur Beschreibung
des  Mars als ,Sklavenreich bzw. als König über die Kriegsgefangenen’ (de Bernardo Stempel 2008, 75–76; de Bernardo Stempel 2014, 23) </p>
            </tei:note>
        </back>
    </text>
</TEI>