<?xml-model href="https://gams.uni-graz.at/context:fercan/SCHEMA_EPIDOC_9.1" type="application/xml" schematypens="http://relaxng.org/ns/structure/1.0"?><TEI xmlns="http://www.tei-c.org/ns/1.0" xmlns:xsi="http://www.w3.org/2001/XMLSchema-instance" xml:id="inferior391">
  <teiHeader>
    <fileDesc>
      <titleStmt>
        <title type="full">
                    <title type="main">Rhenus</title>
                    <title type="sub">CF-GeI-391</title>
                </title>
        <respStmt>
          <resp>Inschriftenedition</resp>
          <persName instant="false" full="yes">
                        <forename full="yes">Werner</forename>
                        <surname full="yes">Petermandl</surname>
                    </persName>
        </respStmt>
        <respStmt>
          <resp>Archäologische Beschreibung und geografische Daten</resp>
          <persName instant="false" full="yes">
                        <forename full="yes">Astrid</forename>
                        <surname full="yes">Schmölzer</surname>
                    </persName>
        </respStmt>
        <funder ref="https://www.fwf.ac.at">Austrian Science Fund (FWF): P 29274-G25</funder>
      </titleStmt>
      <publicationStmt>
        <publisher>
                    <link target="https://antike.uni-graz.at"/>
                    <orgName ref="https://d-nb.info/gnd/1213531357" instant="false" full="yes">Institut für Antike, Fachbereich Alte Geschichte
            und Epigraphik, Karl-Franzens-Universität Graz</orgName>
                </publisher>
        <authority>
                    <link target="https://informationsmodellierung.uni-graz.at"/>
                    <orgName ref="http://d-nb.info/gnd/1137284463" instant="false" full="yes">Zentrum für Informationsmodellierung - Austrian
            Centre for Digital Humanities, Karl-Franzens-Universität Graz</orgName>
                </authority>
        <distributor>
                    <link target="https://gams.uni-graz.at"/>
                    <orgName instant="false" full="yes">GAMS -
            Geisteswissenschaftliches Asset Management System</orgName>
                </distributor>
        <date when="2022" instant="false">2022</date>
        <pubPlace>Graz</pubPlace>
        <idno type="PID">o:fercan.391</idno>
        <availability default="false">
          <licence target="https://creativecommons.org/licenses/by-nc/4.0">Creative Commons BY-NC
            4.0</licence>
        </availability>
      </publicationStmt>
      <seriesStmt>
        <title ref="https://gams.uni-graz.at/fercan">FERCAN: Fontes Epigraphici Religionum
          Celticarum Antiquarum</title>
        <respStmt>
          <resp>Projektleitung</resp>
          <persName instant="false" full="yes">
                        <forename full="yes">Wolfgang</forename>
                        <surname full="yes">Spickermann</surname>
                    </persName>
        </respStmt>
      </seriesStmt>
      <sourceDesc default="false">
        <msDesc status="draft">
          <msIdentifier>
            <settlement>Utrecht</settlement>
            <repository>Universitätsbibliothek</repository>
          </msIdentifier>
          <msContents>
            <summary>Weihinschrift</summary>
          </msContents>
          <physDesc>
            <objectDesc>
              <supportDesc>
                <support>
                                    <p part="N">Es handelt sich um einen Weihealtar. Weitere Informationen sind in der
                    Literatur nicht zu finden (Janssen 1846, 18).</p>
                                    <material>
                                        <ref type="context" target="context:fercan.material.kalkstein" ana="https://gams.uni-graz.at/o:fercan.arch#C.120210">Kalkstein</ref>
                                    </material>
                                    <objectType>Weihealtar</objectType>
                                </support>
              </supportDesc>
              <layoutDesc>
                <layout>
                                    <p part="N">Von Zangemeister (CIL) wurde nur noch ein Teil des Inschriftentextes
                    gesehen, der andere Teil ist handschriftlich überliefert. Der Text hat Lücken –
                    insbesondere durch Rasur – dürfte aber von Anfang bis Ende erhalten
                    sein.<lb/>Ligaturen: s. Majuskeltext. Besondere Zeichen: Am Ende von Z.5 findet
                    sich ein kleines O über das N geschrieben.</p>
                                    <tei:note xmlns:tei="http://www.tei-c.org/ns/1.0" type="condition" anchored="true">größere
                    Fehlstelle/n</tei:note>
                                </layout>
              </layoutDesc>
            </objectDesc>
            <handDesc>
              <handNote/>
            </handDesc>
            <decoDesc>
              <decoNote>
                                <p part="N">An einer Schmalseite war ein Füllhorn in Relief dargestellt, allerdings
                  existiert keine weitere Beschreibung davon in der Literatur (Janssen 1846,
                  18).</p>
                                <term ana="https://gams.uni-graz.at/o:fercan.arch#C.251500">
                                    <ref type="context" target="context:fercan.arch.fuellhorn">Füllhorn</ref>
                                </term>
                                <term ana="https://gams.uni-graz.at/o:fercan.arch#C.150400">
                                    <ref type="context" target="context:fercan.arch.reliefschmuck">Reliefschmuck</ref>
                                </term>
                            </decoNote>
            </decoDesc>
          </physDesc>
          <history>
            <origin instant="false">
                            <origPlace instant="false">
                                <placeName ref="https://pleiades.stoa.org/places/98956" instant="false" full="yes">Fectio</placeName>
                                <region>Civitas Canninefatium</region>
                            </origPlace>
                            <origDate notBefore="0218" notAfter="0222" instant="false">
                                <date>218–222</date>
                            </origDate>
                        </origin>
            <provenance type="found" when="1654">
                            <placeName instant="false" full="yes">
                                <ref type="context" target="context:fercan.geog.modern.wiltenburg">Wiltenburg</ref>
                            </placeName>
                            <p part="N">bei
                der damals schon verschwundenen St. Paulus-poort der Stadt</p>
                            <tei:location xmlns:tei="http://www.tei-c.org/ns/1.0" instant="false">
                <geo decls="#WGS">52.064452 5.178179</geo>
              </tei:location>
                        </provenance>
            <provenance type="observed" subtype="autopsied">
                            <p part="N">non vidimus<lb>
                                    <br/>
                                </lb>Lesung gründet auf:
              CIL</p>
                        </provenance>
          </history>
        </msDesc>
        <listPlace default="false">
          <place instant="false"/>
        </listPlace>
        <listPerson default="false">
          <person instant="false">
            <persName type="sovereign" instant="false" full="yes">
                            <ref type="context" target="context:fercan.person.sovereign.elagabal">Elagabal</ref>
                        </persName>
          </person>
          <person instant="false">
            <persName type="divine" subtype="celtic_normalized" instant="false" full="yes">
                            <ref type="context" target="context:fercan.dcn.rhenus">Rhenus</ref>
                        </persName>
          </person>
          <person instant="false">
            <persName type="divine" subtype="celtic_diplomatic" instant="false" full="yes">
                            <ref type="context" target="context:fercan.dcd.rhenus.rheno">Rheno</ref>
                        </persName>
          </person>
          <person instant="false">
            <persName type="divine" subtype="celtic_element" instant="false" full="yes">
                            <ref type="context" target="context:fercan.dce.rhenus">Rhenus</ref>
                        </persName>
          </person>
          <person instant="false">
            <persName type="divine" instant="false" full="yes">
                            <ref type="context" target="context:fercan.person.divine-o.genius_huius_loci">Genius huius
              loci</ref>
                        </persName>
          </person>
          <person instant="false">
            <persName type="divine" instant="false" full="yes">
                            <ref type="context" target="context:fercan.person.divine-o.iuno_regina">Iuno Regina</ref>
                        </persName>
          </person>
          <person instant="false">
            <persName type="divine" instant="false" full="yes">
                            <ref type="context" target="context:fercan.person.divine-o.iupiter_optimus_maximus">Iupiter Optimus
                Maximus</ref>
                        </persName>
          </person>
          <person instant="false">
            <persName type="divine" instant="false" full="yes">
                            <ref type="context" target="context:fercan.person.divine-o.minerva_sancta">Minerva
              Sancta</ref>
                        </persName>
          </person>
          <person instant="false">
            <persName type="divine" instant="false" full="yes">
                            <ref type="context" target="context:fercan.person.divine-o.neptunus">Neptunus</ref>
                        </persName>
          </person>
          <person instant="false">
            <persName type="divine" instant="false" full="yes">
                            <ref type="context" target="context:fercan.person.divine-o.oceanus">Oceanus</ref>
                        </persName>
          </person>
          <person instant="false">
            <persName instant="false" full="yes">
                            <roleName type="military" full="yes">
                                <ref type="context" target="context:fercan.person.military.legatus_augusti_legionis">legatus Augusti
                  legionis</ref>
                            </roleName>
                        </persName>
          </person>
        </listPerson>
        <listOrg default="false">
          <org instant="false"/>
          <org type="military_unit" instant="false">
            <orgName instant="false" full="yes">
                            <ref type="context" target="context:fercan.org.military.legio_i_minervia_antoniniana_pia_fi">legio I
                Minervia Antoniniana Pia Fidelis</ref>
                        </orgName>
          </org>
        </listOrg>
      </sourceDesc>
    </fileDesc>
    <encodingDesc>
      <geoDecl xml:id="WGS" datum="WGS84" default="false">World Geodetic System</geoDecl>
      <editorialDecl default="false">
        <p part="N">Digitale Repräsentation konform mit EpiDoc: http://epidoc.sourceforge.net</p>
        <p part="N">Majuskel und Minuskel ausgeführt nach Leidener Klammersystem, Majuskel bildet Inschrift
          originalgetreu ab, Minuskel enthält editorische Hinzufügungen</p>
      </editorialDecl>
      <projectDesc default="false">
        <p part="N">Die keltischen Götternamen in den Inschriften der römischen Provinz Germania Inferior.
          Eine Fallstudie zu Religion im Kontext von Kulturkontakt und Kulturtransfer (FWF – Projekt
          P 29274-G25 )</p>
        <p part="N">Das Forschungsprojekt beabsichtigt, sämtliche keltischen Götternamen, die sich in
          lateinischen Inschriften der römischen Provinz Germania Inferior erhaltenen haben,
          zusammenzustellen und auszuwerten. Die gewählte Quellengrundlage erscheint besonders
          geeignet Erscheinungsformen zu untersuchen, welche auf religiöser Ebene durch das
          Zusammentreffen von verschiedenen kulturellen Einflüssen entstanden sind. Diese sind hier
          einerseits definiert durch die Verwendung der keltischen Sprache, andererseits durch die
          lateinische Sprache und durch Formen aus dem Inneren des Imperium Romanum, die man mit dem
          Etikett „römisch“ versehen kann. Das Interesse gilt dabei nicht nur religiösen, sondern
          auch damit verbundenen gesellschaftlichen Aspekten und den entsprechenden Mentalitäten.
          Doch soll damit auch zu einem verbesserten Gesamtbild der Provinzialreligion in
          Niedergermanien beigetragen werden.<lb/> Die Abschlusspublikation wird ergänzt um einen
          ausführlichen sprachwissenschaftlichen Kommentar (von Patrizia de Bernardo Stempel) in der
          Reihe ‚Corpus - F.E.R.C.AN. (Fontes epigraphici religionum Celticarum antiquarum)‘
          erscheinen. </p>
      </projectDesc>
    </encodingDesc>
    <profileDesc>
      <langUsage default="false">
        <language ident="la">Latein</language>
      </langUsage>
      <textClass default="false">
        <keywords>
          <list>
            <item>
                            <ref type="context" target="context:fercan.dedication.in_honorem_domus_divinae">in
                honorem domus divinae</ref>
                        </item>
            <item>
                            <ref type="context" target="context:fercan.dedication.pro_salute_domini">pro
                salute domini</ref>
                        </item>
            <item>
                            <ref type="context" target="context:fercan.dedication.aram_dicavit">aram
                dicavit</ref>
                        </item>
            <item/> <!-- Belegform gesamt  --> <item> <ref target="context:fercan.divinepart." type="context"> </ref> </item></list></keywords>
      </textClass>
    </profileDesc>
    <revisionDesc status="draft">
      <change when="2019" n="1" corresp="https://gams.uni-graz.at/o:fercan.391/TEI_SOURCE.2020-02-26" status="draft">Initial
        Version</change>
      <change when="2020" n="2" corresp="https://gams.uni-graz.at/o:fercan.391/TEI_SOURCE.2022-03-07" status="draft">Version 2</change>
      <change when="2022" n="3" status="draft">Version 3</change>
    </revisionDesc>
  </teiHeader>
  <text>
    <body>
      <ab part="N">
                <ref target="context:fercan" type="context">FERCAN</ref>
            </ab>
      <div subtype="editions" type="bibliography" org="uniform" part="N" sample="complete">
        <listBibl default="false">
          <bibl xml:id="LIT.1" default="false" status="draft">CIL XIII 8811</bibl>
        </listBibl>
      </div>
      <div subtype="concordances" type="bibliography" org="uniform" part="N" sample="complete">
        <listBibl>
                    <bibl type="EDCS">
                        <idno>EDCS-11100901</idno>
                        <date>zuletzt aufgerufen am 24. Februar 2020</date>
                    </bibl>
                    <bibl type="trismegistos">
                        <idno>www.trismegistos.org/text/415805</idno>
                        <date>zuletzt aufgerufen am 26.
              Juli 2021</date>
                    </bibl>
                </listBibl>
      </div>
      <div type="edition" subtype="diplomatic" xml:id="majuscule" xml:lang="la" xml:space="preserve" org="uniform" part="N" sample="complete"><ab part="N"><orig><lb n="1"/><gap reason="lost" extent="unknown" unit="character" instant="false"/><supplied reason="undefined" evidence="previouseditor" instant="false">O</supplied><gap reason="lost" extent="unknown" unit="character" instant="false"/>  <lb n="2"/>
<supplied reason="undefined" evidence="previouseditor" instant="false">V<gap reason="lost" quantity="1" unit="character" instant="false"/>NA</supplied><gap reason="lost" extent="unknown" unit="character" instant="false"/> IVNONI  <lb n="3"/>
<supplied reason="undefined" evidence="previouseditor" instant="false">REGINAE · ET · MI</supplied>NERV<hi rend="ligature">AE</hi>  <lb n="4"/>
<supplied reason="undefined" evidence="previouseditor" instant="false">SANCTAE G</supplied>ENIO · HV  <lb n="5"/>
<supplied reason="undefined" evidence="previouseditor" instant="false">IVSQVE LOC</supplied>I · <hi rend="ligature">NE</hi>PTVNO  <lb n="6"/> 
<supplied reason="undefined" evidence="previouseditor" instant="false">OCEAN</supplied>O E<supplied reason="undefined" evidence="previouseditor" instant="false">T RHEN</supplied>O · DIS  <lb n="7"/> 
<supplied reason="undefined" evidence="previouseditor" instant="false">OMNIBV</supplied>S · DEA<supplied reason="undefined" evidence="previouseditor" instant="false">BVS</supplied>QVE  <lb n="8"/>
<supplied reason="undefined" evidence="previouseditor" instant="false">PRO SALVTE D<gap reason="lost" quantity="1" unit="character" instant="false"/>M<gap reason="lost" quantity="1" unit="character" instant="false"/>N M</supplied>AR  <lb n="9"/>
CI <del rend="erasure" instant="false" status="unremarkable"><gap reason="lost" extent="unknown" unit="character" instant="false"/></del>  <lb n="10"/>
<del rend="erasure" instant="false" status="unremarkable"><gap reason="lost" extent="unknown" unit="character" instant="false"/></del> ANTONINI  <lb n="11"/>
<del rend="erasure" instant="false" status="unremarkable"><gap reason="lost" quantity="1" unit="line" instant="false"/></del>  <lb n="12"/>
<del rend="erasure" instant="false" status="unremarkable"><gap reason="lost" quantity="1" unit="line" instant="false"/></del>  <lb n="13"/>
<del rend="erasure" instant="false" status="unremarkable"><supplied evidence="previouseditor" reason="undefined" instant="false">LEG</supplied><gap extent="unknown" reason="lost" unit="character" instant="false"/>LEG</del>  <lb n="14"/>
<supplied reason="undefined" evidence="previouseditor" instant="false">I M <del rend="erasure" instant="false" status="unremarkable"><gap reason="lost" extent="unknown" unit="character" instant="false"/></del> P</supplied> F  <lb n="15"/> 
<gap reason="lost" extent="unknown" unit="character" instant="false"/>VIT</orig></ab></div>
      <div type="edition" xml:lang="la" xml:id="minuscule" subtype="normalised" xml:space="preserve" org="uniform" part="N" sample="complete"><ab part="N"><lb n="1"/><supplied reason="lost" instant="false">In h</supplied>o<supplied reason="lost" instant="false"><expan instant="false"><abbr>n</abbr><ex instant="false">orem</ex></expan> domus di</supplied><lb n="2" break="no"/>v<supplied reason="lost" instant="false">i</supplied>na<supplied reason="lost" instant="false">e <expan instant="false"><abbr>I</abbr><ex instant="false">ovi</ex></expan> <expan instant="false"><abbr>O</abbr><ex instant="false">ptimo</ex></expan> <expan instant="false"><abbr>M</abbr><ex instant="false">aximo</ex></expan></supplied> Iunoni<lb n="3"/>Reginae et Minervae<lb n="4"/>sanctae Genio hu<lb n="5" break="no"/>iusque loci Neptuno<lb n="6"/>Oceano et Rheno dis<lb n="7"/>omnibus deabusque<lb n="8"/>pro salute d<supplied reason="lost" instant="false">o</supplied>m<supplied reason="lost" instant="false">i</supplied><expan instant="false"><abbr>n</abbr><ex instant="false">i</ex></expan> Mar<lb n="9" break="no"/>ci <del rend="erasure" instant="false" status="unremarkable"><supplied reason="lost" instant="false">Aurelii Antonini</supplied></del><lb n="10"/><del rend="erasure" instant="false" status="unremarkable"><supplied reason="lost" instant="false"><expan instant="false"><abbr>P</abbr><ex instant="false">ii</ex></expan> <expan instant="false"><abbr>F</abbr><ex instant="false">elicis</ex></expan> <expan instant="false"><abbr>Aug</abbr><ex instant="false">usti</ex></expan> divi</supplied></del> Antonini<lb n="11"/><del rend="erasure" instant="false" status="unremarkable"><supplied reason="lost" instant="false">Magni <expan instant="false"><abbr>f</abbr><ex instant="false">ilii</ex></expan> divi Severi <expan instant="false"><abbr>nep</abbr><ex instant="false">otis</ex></expan></supplied></del><lb n="12"/><del rend="erasure" instant="false" status="unremarkable"><gap reason="lost" quantity="1" unit="line" instant="false"/></del><lb n="13"/><del rend="erasure" instant="false" status="unremarkable"><expan instant="false"><abbr>leg</abbr><ex instant="false">atus</ex></expan> <supplied reason="lost" instant="false"><expan instant="false"><abbr>Aug</abbr><ex instant="false">usti</ex></expan> <expan instant="false"><abbr>n</abbr><ex instant="false">ostri</ex></expan></supplied> <expan instant="false"><abbr>leg</abbr><ex instant="false">ionis</ex></expan></del><lb n="14"/>I <expan instant="false"><abbr>M</abbr><ex instant="false">inerviae</ex></expan> <del rend="erasure" instant="false" status="unremarkable"><supplied reason="lost" instant="false">Antoninianae</supplied></del> <expan instant="false"><abbr>P</abbr><ex instant="false">iae</ex></expan> <expan instant="false"><abbr>F</abbr><ex instant="false">idelis</ex></expan><lb n="15"/><supplied reason="lost" instant="false">aram dica</supplied>vit</ab></div>
      <div type="translation" xml:lang="de" org="uniform" part="N" sample="complete">
        <p part="N">Zur Ehre des Kaiserhauses <lb/> für <rs type="divine">Iupiter Optimus Maximus</rs>, <rs type="divine">Iuno Regina</rs> und <rs type="divine">Minerva Sancta</rs>, den <rs type="divine">Genius dieses Ortes</rs>, <rs type="divine">Neptunus</rs>, <rs type="divine">Oceanus</rs> und <rs type="divine">Rhenus</rs> und alle Götter und
          Göttinnen! <lb/> Für das Heil des Herrn Marcus Aurelius Antoninus Pius Felix Augustus, des
          Sohnes des vergöttlichten Antoninus Magnus, des Enkels des vergöttlichten Severus, hat …
          der legatus unseres Augustus der legio I Minervia Antoniniana Pia Fidelis den Altar
          geweiht.</p>
      </div>
      <div type="translation" xml:lang="en" org="uniform" part="N" sample="complete">
        <p part="N">In honour for the Divine Household <lb/> to <rs type="divine">Iupiter Optimus
            Maximus</rs>, <rs type="divine">Iuno Regina</rs> und <rs type="divine">Minerva
            Sancta</rs>, the <rs type="divine">Genius of this place</rs>, <rs type="divine">Neptunus</rs>, <rs type="divine">Oceanus</rs> and <rs type="divine">Rhenus</rs> and all
          gods and goddesses! <lb/> As a gift for the welfare of the lord Marcus Aurelius Antoninus
          Pius Felix Augustus, the son of the divinized Antoninus Magnus, the grandson of the
          divinized Severus, … the legatus of our Augustus of the legio I Minervia Antoniniana Pia
          Fidelis dedicated the altar. </p>
      </div>
      <div type="apparatus" org="uniform" part="N" sample="complete">
        <app loc="#MIN.1 #MAJ.1">
          <tei:note xmlns:tei="http://www.tei-c.org/ns/1.0" anchored="true">unterstrichene Buchstaben in dieser und den folgenden Zeilen wurden schon vom CIL
            nicht mehr gesehen</tei:note>
        </app>
        <app loc="#MIN.9 #MAJ.9">
          <tei:note xmlns:tei="http://www.tei-c.org/ns/1.0" anchored="true">[[[Aurelli Antonini]]] – CIL</tei:note>
        </app>
      </div>
      <div type="commentary" subtype="general" org="uniform" part="N" sample="complete">
        <p part="N">Marcus Aurelius Antoninus Pius Felix Augustus, des Sohnes des vergöttlichten Antoninus
          Magnus: Elagabal </p>
        <p part="N"> legio I Minervia Antoniniana Pia Fidelis: Die Legion war ab 83 n.Chr. in Bonn
          stationiert. Nach 89 n.Chr. erhielt sie (wie auch die anderen 3 niedergermanischen
          Legionen) den Titel Pia Fidelis Domitiana. Domitiana wurde 96 n.Chr. wieder gestrichen
          (Stein 1932, 100–106). Der Ehrennamen Antoniniana wurde unter Caracalla und Elagabal
          verwendet (Stein 1932, 116).</p>
      </div>
      <div type="commentary" subtype="deity" org="uniform" part="N" sample="complete">        <p part="N">
          <rs type="divine">Rhenus:</rs> keltisch: ‚Gott des [Flusses] Rhein’ (de Bernardo Stempel Corpus F.E.R.C.A.N. II/1 148f).  </p>
        <p part="N"> Vorkommen in theonymischen Formularen: </p>
        <p part="N">
          <rs type="divine">Rhenus</rs>: <lb/> - Germania Inferior: Der Göttername ist 3 x mit
          diesem theonymischen Formular bezeugt. <lb/> - außerhalb der Germania Inferior: - </p>
        <p part="N">
          <rs type="divine">flumen Rhenus</rs>: <lb/> - Germania Inferior: Der Göttername wird 1 x
          als <rs type="divine">flumen Rhenus</rs> (CF-GeI-389) angesprochen. <lb/> - außerhalb der
          Germania Inferior: In Raetien ist <rs type="divine">flumen Rhenus</rs> (CIL XIII 5255)
          inschriftlich belegt. </p>
        <p part="N">
          <rs type="divine">Rhenus Pater</rs>: <lb/> - Germania Inferior: - <lb/> - außerhalb der
          Germania Inferior: In der Germania Superior ist <rs type="divine">Rhenus Pater</rs> (AE
          1969/70, 434) inschriftlich belegt.</p>
      </div>
      <linkGrp type="alignment" domains="#majuscule #minuscule">
        <link target="#MAJ.1 #MIN.1"/>
        <link target="#MAJ.2 #MIN.2"/>
        <link target="#MAJ.3 #MIN.3"/>
        <link target="#MAJ.4 #MIN.4"/>
        <link target="#MAJ.5 #MIN.5"/>
        <link target="#MAJ.6 #MIN.6"/>
        <link target="#MAJ.7 #MIN.7"/>
        <link target="#MAJ.8 #MIN.8"/>
        <link target="#MAJ.9 #MIN.9"/>
        <link target="#MAJ.10 #MIN.10"/>
        <link target="#MAJ.11 #MIN.11"/>
        <link target="#MAJ.12 #MIN.12"/>
        <link target="#MAJ.13 #MIN.13"/>
        <link target="#MAJ.14 #MIN.14"/>
        <link target="#MAJ.15 #MIN.15"/>
      </linkGrp>
    </body>
        <back>
            <tei:note xmlns:tei="http://www.tei-c.org/ns/1.0" type="Objbeschr_note" anchored="true"/>
            <tei:note xmlns:tei="http://www.tei-c.org/ns/1.0" type="ArchKlass_note" anchored="true"/>
            <tei:note xmlns:tei="http://www.tei-c.org/ns/1.0" type="Material_note" anchored="true"/>
            <tei:note xmlns:tei="http://www.tei-c.org/ns/1.0" type="Inschrifttraeger_note" anchored="true"/>
            <tei:note xmlns:tei="http://www.tei-c.org/ns/1.0" type="VerwahrortOrt_note" anchored="true"/>
            <tei:note xmlns:tei="http://www.tei-c.org/ns/1.0" type="InvNr_note" anchored="true"/>
            <tei:note xmlns:tei="http://www.tei-c.org/ns/1.0" type="Fundstelle_note" anchored="true"/>
            <tei:note xmlns:tei="http://www.tei-c.org/ns/1.0" type="Fundumst_note" anchored="true"/>
            <tei:note xmlns:tei="http://www.tei-c.org/ns/1.0" type="Fundjahr_note" anchored="true"/>
            <tei:note xmlns:tei="http://www.tei-c.org/ns/1.0" type="FOantik_note" anchored="true"/>
            <tei:note xmlns:tei="http://www.tei-c.org/ns/1.0" type="FOmodern_note" anchored="true"/>
            <tei:note xmlns:tei="http://www.tei-c.org/ns/1.0" type="civitas_note" anchored="true"/>
            <tei:note xmlns:tei="http://www.tei-c.org/ns/1.0" type="Autopsie_note" anchored="true"/>
            <tei:note xmlns:tei="http://www.tei-c.org/ns/1.0" type="Appcrit_note" anchored="true"/>
            <tei:note xmlns:tei="http://www.tei-c.org/ns/1.0" type="Abb_note" anchored="true"/>
            <tei:note xmlns:tei="http://www.tei-c.org/ns/1.0" type="englUEbers_note" anchored="true"/>
            <tei:note xmlns:tei="http://www.tei-c.org/ns/1.0" type="dtUEbers_note" anchored="true"/>
            <tei:note xmlns:tei="http://www.tei-c.org/ns/1.0" type="Editionen_note" anchored="true"/>
            <tei:note xmlns:tei="http://www.tei-c.org/ns/1.0" type="ErhzustObj_note" anchored="true"/>
            <tei:note xmlns:tei="http://www.tei-c.org/ns/1.0" type="Masse_note" anchored="true"/>
            <tei:note xmlns:tei="http://www.tei-c.org/ns/1.0" type="Ikonogr_note" anchored="true"/>
            <tei:note xmlns:tei="http://www.tei-c.org/ns/1.0" type="Inschrtext_note" anchored="true"/>
            <tei:note xmlns:tei="http://www.tei-c.org/ns/1.0" type="ErhzustInschr_note" anchored="true"/>
            <tei:note xmlns:tei="http://www.tei-c.org/ns/1.0" type="Schrifttechnik_note" anchored="true"/>
            <tei:note xmlns:tei="http://www.tei-c.org/ns/1.0" type="Buchsthoehe_note" anchored="true"/>
            <tei:note xmlns:tei="http://www.tei-c.org/ns/1.0" type="Notvar_note" anchored="true"/>
            <tei:note xmlns:tei="http://www.tei-c.org/ns/1.0" type="SonstKomm_note" anchored="true"/>
            <tei:note xmlns:tei="http://www.tei-c.org/ns/1.0" type="Datierung_note" anchored="true"/>
            <tei:note xmlns:tei="http://www.tei-c.org/ns/1.0" type="KommGoettern_note" anchored="true">
                <p part="N">Für die Alte Version (20.04.23) siehe CF-GeI-388</p>
            </tei:note>
        </back>
  </text>
</TEI>