<?xml-model href="https://gams.uni-graz.at/context:fercan/SCHEMA_EPIDOC_9.1" type="application/xml" schematypens="http://relaxng.org/ns/structure/1.0"?><TEI xmlns="http://www.tei-c.org/ns/1.0" xmlns:xsi="http://www.w3.org/2001/XMLSchema-instance" xml:id="inferior107">
    <teiHeader>
        <fileDesc>
            <titleStmt>
                <title type="full">
                    <title type="main">Ambiomarcae</title>
                    <title type="sub">CF-GeI-107</title>
                </title>
                <respStmt>
                    <resp>Inschriftenedition</resp>
                    <persName instant="false" full="yes">
                        <forename full="yes">Werner</forename>
                        <surname full="yes">Petermandl</surname>
                    </persName>
                </respStmt>
                <respStmt>
                    <resp>Archäologische Beschreibung und geografische Daten</resp>
                    <persName instant="false" full="yes">
                        <forename full="yes">Astrid</forename>
                        <surname full="yes">Schmölzer</surname>
                    </persName>
                </respStmt>
                <funder ref="https://www.fwf.ac.at">Austrian Science Fund (FWF): P
                  29274-G25</funder>
            </titleStmt>
            <publicationStmt>
                <publisher>
                    <link target="https://antike.uni-graz.at"/>
                    <orgName ref="https://d-nb.info/gnd/1213531357" instant="false" full="yes">Institut für Antike, Fachbereich
                    Alte Geschichte und Epigraphik, Karl-Franzens-Universität Graz</orgName>
                </publisher>
                <authority>
                    <link target="https://informationsmodellierung.uni-graz.at"/>
                    <orgName ref="http://d-nb.info/gnd/1137284463" instant="false" full="yes">Zentrum für
                    Informationsmodellierung - Austrian Centre for Digital Humanities,
                    Karl-Franzens-Universität Graz</orgName>
                </authority>
                <distributor>
                    <link target="https://gams.uni-graz.at"/>
                    <orgName instant="false" full="yes">GAMS - Geisteswissenschaftliches Asset Management System</orgName>
                </distributor>
                <date when="2022" instant="false">2022</date>
                <pubPlace>Graz</pubPlace>
                <idno type="PID">o:fercan.107</idno>
                <availability default="false">
                    <licence target="https://creativecommons.org/licenses/by-nc/4.0">Creative Commons
                    BY-NC 4.0</licence>
                </availability>
            </publicationStmt>
            <seriesStmt>
                <title ref="https://gams.uni-graz.at/fercan">FERCAN: Fontes Epigraphici Religionum
                  Celticarum Antiquarum</title>
                <respStmt>
                    <resp>Projektleitung</resp>
                    <persName instant="false" full="yes">
                        <forename full="yes">Wolfgang</forename>
                        <surname full="yes">Spickermann</surname>
                    </persName>
                </respStmt>
            </seriesStmt>
            <sourceDesc default="false">
                <msDesc status="draft">
                    <msIdentifier>
                        <repository>verschollen; Abguss im Rheinischen Landesmuseum Bonn</repository>
                    </msIdentifier>
                    <msContents>
                        <summary>Weihinschrift</summary>
                    </msContents>
                    <physDesc>
                        <objectDesc>
                            <supportDesc>
                                <support>
                                    <p part="N">Über einem massiven, einfach profilierten Sockel erhebt sich ein rechteckiger Altarkörper mit nicht gerahmtem Inschriftenfeld. Anschließend ist ein vorspringendes profiliertes Gesims angebracht, auf dem sich die Reste einer Bekrönung finden, die aus einem mittigen kleinen Giebel mit Rosette besteht und den verwaschen wirkenden Pulvini. Das Gesims geht an der Rückseite nicht weiter.<lb/>Die Kanten des Altars sind bestoßen, an der rechten Kante sind längs nach unten einige Teile herausgebrochen. Der Stein ist im oberen Drittel im Inschriftenfeld durch ein Loch beschädigt.</p>
                                    <material>
                                        <ref type="context" target="context:fercan.material.kalkstein" ana="https://gams.uni-graz.at/o:fercan.arch#C.120210">Kalkstein</ref>
                                    </material>
                                    <objectType>Weihealtar</objectType>
                                    <dimensions>
                                        <height unit="cm">71,0</height>
                                        <width unit="cm">45,0</width>
                                        <depth unit="cm">18,0</depth>
                                    </dimensions>
                                </support>
                                <condition>
                                    <ref type="context" target="context:fercan.condition-o.vollstaendig" ana="https://gams.uni-graz.at/o:fercan.arch#C.130400">vollständig</ref>
                                </condition>
                            </supportDesc>
                            <layoutDesc>
                                <layout>
                                    <p part="N">Der Inschriftentext ist in seiner ganzen Ausdehnung erhalten, doch ist er stark abgerieben und besonders auf der linken Seite weitgehend unleserlich.<lb/>Die vorgeschlagene Lesung „Ambiamarcis“ ist möglich aber nicht zweifelsfrei. Bei der Autopsie wurden in Z.2 Spuren eines X gelesen, doch wird hier wohl sinnvollerweise ein L zu lesen sein.<lb/>Ligaturen: s. Majuskeltext. Besondere Zeichen: In Z.9 findet sich eine Ligatur von N und I mit erhöhter rechter senkrechter Haste (H: 4,5 cm).</p>
                                    <tei:note xmlns:tei="http://www.tei-c.org/ns/1.0" type="condition" anchored="true">größere Fehlstelle/n</tei:note>
                                </layout>
                            </layoutDesc>
                        </objectDesc>
                        <handDesc>
                            <handNote>
                                <desc type="execution">gemeißelt</desc>
                                <height unit="cm" atLeast="2.8" atMost="3.4">2,8–3,4 cm</height>
                            </handNote>
                        </handDesc>
                        <decoDesc>
                            <decoNote>
                                <p part="N">Die Pulvini sind mit Blattdekor versehen. Links zwischen Pulvinus und Giebel befindet sich eine Frucht (Birne). <lb/>
Die linke Seitansicht zeigt ein Füllhorn in Relief dargestellt. Das Feld ist umrandet bzw. der Hintergrund des Füllhorns wurde entsprechend leicht eingetieft, sodass ein Reliefbild und ein glatter Rahmen entstanden. Das Füllhorn ist mit Obst gefüllt, zwei Birnen und ein Apfel sind zu erkennen. Auf halber Höhe hat das Füllhorn außen zwei blattartige Ranken, die ähnlich wie ein Band oder eine Schleife geformt sind. Die Darstellung ist unten etwas verwaschen. <lb/>
Die rechte Schmalseite zeigt ebenfalls ein Füllhorn in Relief, in der Machart ganz gleich wie die Darstellung der linken Seite (glatter Rahmen, Eintiefung des Hintergrundes). Das Füllhorn hat ebenfalls auf halber Höhe zwei Ranken an seinem Körper und ist ebenfalls mit Früchten gefüllt, wobei ein Apfel, eine längliche undefinierbare Frucht und ein Pinienkern in der Mitte aus dem Horn hervorragen.</p>
                                <term ana="https://gams.uni-graz.at/o:fercan.arch#C.210100">
                                    <ref type="context" target="context:fercan.arch.apfel">Apfel</ref>
                                </term>
                                <term ana="https://gams.uni-graz.at/o:fercan.arch#C.150800">
                                    <ref type="context" target="context:fercan.arch.aufsatzschmuck">Aufsatzschmuck</ref>
                                </term>
                                <term ana="https://gams.uni-graz.at/o:fercan.arch#C.253600">
                                    <ref type="context" target="context:fercan.arch.band">Band</ref>
                                </term>
                                <term ana="https://gams.uni-graz.at/o:fercan.arch#C.210200">
                                    <ref type="context" target="context:fercan.arch.birne">Birne</ref>
                                </term>
                                <term ana="https://gams.uni-graz.at/o:fercan.arch#C.160200">
                                    <ref type="context" target="context:fercan.arch.blattdekor">Blattdekor</ref>
                                </term>
                                <term ana="https://gams.uni-graz.at/o:fercan.arch#C.210000">
                                    <ref type="context" target="context:fercan.arch.frucht">Frucht</ref>
                                </term>
                                <term ana="https://gams.uni-graz.at/o:fercan.arch#C.251510">
                                    <ref type="context" target="context:fercan.arch.fuellhorn_mit_blattkelch">Füllhorn mit Blattkelch</ref>
                                </term>
                                <term ana="https://gams.uni-graz.at/o:fercan.arch#C.210700">
                                    <ref type="context" target="context:fercan.arch.pinienzapfen">Pinienzapfen</ref>
                                </term>
                                <term ana="https://gams.uni-graz.at/o:fercan.arch#C.150500">
                                    <ref type="context" target="context:fercan.arch.rahmen">Rahmen</ref>
                                </term>
                                <term ana="https://gams.uni-graz.at/o:fercan.arch#C.150400">
                                    <ref type="context" target="context:fercan.arch.reliefschmuck">Reliefschmuck</ref>
                                </term>
                                <term ana="https://gams.uni-graz.at/o:fercan.arch#C.253060">
                                    <ref type="context" target="context:fercan.arch.rosette">Rosette</ref>
                                </term>
                            </decoNote>
                        </decoDesc>
                    </physDesc>
                    <history>
                        <origin instant="false">
                            <origPlace instant="false">
                                <region>CUT</region>
                            </origPlace>
                            <origDate when="0218" notBefore="0218" notAfter="0218" instant="false">
                                <date>218</date>
                                <tei:note xmlns:tei="http://www.tei-c.org/ns/1.0" type="original" anchored="true">
                                    <ref type="context" target="context:fercan.date.imperatore_antonino_consule">Imperatore Antonino consule</ref>
                                </tei:note>
                            </origDate>
                        </origin>
                        <provenance type="found" when="1967">
                            <placeName instant="false" full="yes">
                                <ref type="context" target="context:fercan.geog.modern.wardt">Wardt</ref>
                            </placeName>
                            <tei:location xmlns:tei="http://www.tei-c.org/ns/1.0" instant="false">
                                <geo decls="#WGS">51.690671 6.437123</geo>
                            </tei:location>
                            <tei:note xmlns:tei="http://www.tei-c.org/ns/1.0" anchored="true">bei Baggerarbeiten</tei:note>
                        </provenance>
                        <provenance type="observed" subtype="autopsied">vidimus (CIL XIII Projekt)</provenance>
                    </history>
                </msDesc>
                <listPlace default="false">
                    <place instant="false"/>
                </listPlace>
                <listPerson default="false">
                    <person instant="false">
                        <persName type="gentilnomen" instant="false" full="yes">
                            <ref type="context" target="context:fercan.person.gentilnomen.lucanius">Lucanius</ref>
                        </persName>
                    </person>
                    <person instant="false">
                        <persName type="cognomen" instant="false" full="yes">
                            <ref type="context" target="context:fercan.person.cognomen.secundinus">Secundinus</ref>
                        </persName>
                    </person>
                    <person instant="false">
                        <persName type="divine" subtype="celtic_normalized" instant="false" full="yes">
                            <ref type="context" target="context:fercan.dcn.ambiomarcae">Ambiomarcae</ref>
                        </persName>
                    </person>
                    <person instant="false">
                        <persName type="divine" subtype="celtic_diplomatic" instant="false" full="yes">
                            <ref type="context" target="context:fercan.dcd.ambiomarcae._amb_iamar_o__c_i_s_">[Amb]iamar{o}&lt;c&gt;i[s]</ref>
                        </persName>
                    </person>
                    <person instant="false">
                        <persName type="divine" subtype="celtic_element" instant="false" full="yes">
                            <ref type="context" target="context:fercan.dce.ambiomarcae">Ambiomarcae</ref>
                        </persName>
                    </person>
                    <person instant="false">
                        <persName type="divine" instant="false" full="yes">
                            <ref type="context" target="context:fercan.person.divine-o.genius_loci">Genius loci</ref>
                        </persName>
                    </person>
                </listPerson>
                <listOrg default="false">
                    <org instant="false"/>
                    <org type="military_unit" instant="false">
                        <orgName instant="false" full="yes">
                            <ref type="context" target="context:fercan.org.military.legio_xxx_ulpia_victrix">legio XXX Ulpia Victrix</ref>
                        </orgName>
                    </org>
                </listOrg>
            </sourceDesc>
        </fileDesc>
        <encodingDesc>
            <geoDecl xml:id="WGS" datum="WGS84" default="false">World Geodetic System</geoDecl>
            <editorialDecl default="false">
                <p part="N">Digitale Repräsentation konform mit EpiDoc: http://epidoc.sourceforge.net</p>
                <p part="N">Majuskel und Minuskel ausgeführt nach Leidener Klammersystem, Majuskel bildet
                  Inschrift originalgetreu ab, Minuskel enthält editorische Hinzufügungen</p>
            </editorialDecl>
            <projectDesc default="false">
                <p part="N">Die keltischen Götternamen in den Inschriften der römischen Provinz Germania
                  Inferior. Eine Fallstudie zu Religion im Kontext von Kulturkontakt und
                  Kulturtransfer (FWF – Projekt P 29274-G25 )</p>
                <p part="N">Das Forschungsprojekt beabsichtigt, sämtliche keltischen Götternamen, die sich in
                  lateinischen Inschriften der römischen Provinz Germania Inferior erhaltenen haben,
                  zusammenzustellen und auszuwerten. Die gewählte Quellengrundlage erscheint
                  besonders geeignet Erscheinungsformen zu untersuchen, welche auf religiöser Ebene
                  durch das Zusammentreffen von verschiedenen kulturellen Einflüssen entstanden
                  sind. Diese sind hier einerseits definiert durch die Verwendung der keltischen
                  Sprache, andererseits durch die lateinische Sprache und durch Formen aus dem
                  Inneren des Imperium Romanum, die man mit dem Etikett „römisch“ versehen kann. Das
                  Interesse gilt dabei nicht nur religiösen, sondern auch damit verbundenen
                  gesellschaftlichen Aspekten und den entsprechenden Mentalitäten. Doch soll damit
                  auch zu einem verbesserten Gesamtbild der Provinzialreligion in Niedergermanien
                  beigetragen werden.<lb/> Die Abschlusspublikation wird ergänzt um einen
                  ausführlichen sprachwissenschaftlichen Kommentar (von Patrizia de Bernardo
                  Stempel) in der Reihe ‚Corpus - F.E.R.C.AN. (Fontes epigraphici religionum
                  Celticarum antiquarum)‘ erscheinen. </p>
            </projectDesc>
        </encodingDesc>
        <profileDesc>
            <langUsage default="false">
                <language ident="la">Latein</language>
            </langUsage>
            <textClass default="false">
                <keywords>
                    <list>
                        <item>
                            <ref type="context" target="context:fercan.dedication.votum_solverunt_libentes_merito">votum solverunt libentes merito</ref>
                        </item>
                        <item/> <!-- Belegform gesamt  --> <item> <ref target="context:fercan.divinepart." type="context"> </ref> </item></list></keywords>
            </textClass>
        </profileDesc>
        <revisionDesc status="draft">
            <change when="2019" n="1" corresp="https://gams.uni-graz.at/o:fercan.107/TEI_SOURCE.2020-02-26" status="draft">Initial Version</change>
            <change when="2020" n="2" corresp="https://gams.uni-graz.at/o:fercan.107/TEI_SOURCE.2022-03-07" status="draft">Version 2</change>
            <change when="2022" n="3" status="draft">Version 3</change>
        </revisionDesc>
    </teiHeader>
    <facsimile>
        <graphic mimeType="image/jpeg" xml:id="IMAGE.1" url="file:///0107_Front.jpg">
            <desc>Front, CIL XIII Projekt, CC BY-NC</desc>
        </graphic>
        <graphic mimeType="image/jpeg" xml:id="IMAGE.2" url="file:///0107_li.jpg">
            <desc>links, CIL XIII Projekt, CC BY-NC</desc>
        </graphic>
        <graphic mimeType="image/jpeg" xml:id="IMAGE.3" url="file:///0107_re.jpg">
            <desc>rechts, CIL XIII Projekt, CC BY-NC</desc>
        </graphic>
    </facsimile>
    <text>
        <body>
            <ab part="N">
                <ref target="context:fercan" type="context">FERCAN</ref>
            </ab>
            <div subtype="editions" type="bibliography" org="uniform" part="N" sample="complete">
                <listBibl default="false">
                    <bibl xml:id="LIT.1" default="false" status="draft">Alföldy 1968, 28 Nr.1</bibl>
                    <bibl xml:id="LIT.2" default="false" status="draft">AE 1968, 403</bibl>
                    <bibl xml:id="LIT.3" default="false" status="draft">Deman 1975, G25c</bibl>
                    <bibl xml:id="LIT.4" default="false" status="draft">Schillinger-Häfele 1977, Nr.213</bibl>
                    <bibl xml:id="LIT.5" default="false" status="draft">Reuter 2012, Nr.56</bibl>
                
            <bibl xml:id="6">Scheungraber 2020, 97 Nr.2</bibl>
        
            <bibl xml:id="7">Ferlut 2022, Nr.692</bibl>
        </listBibl>
            </div>
            <div subtype="concordances" type="bibliography" org="uniform" part="N" sample="complete">
                <listBibl>
                    <bibl type="EDCS">
                        <idno/>
                        <date>zuletzt aufgerufen am 24. Februar 2020</date>
                    </bibl>
                    <bibl type="EDH">
                        <idno/>
                        <date>Version vom 18. Juni 2009</date>
                    </bibl>
                    <bibl type="trismegistos">
                        <idno/>
                        <date>zuletzt aufgerufen am 29. Juni 2021</date>
                    </bibl>
                </listBibl>
            </div>
            <div type="edition" subtype="diplomatic" xml:id="majuscule" xml:lang="la" xml:space="preserve" org="uniform" part="N" sample="complete"><ab part="N"><orig><lb n="1"/> <gap reason="illegible" extent="unknown" unit="character" instant="false"/>IAMAR<unclear instant="false">O</unclear>I<gap reason="lost" quantity="1" unit="character" instant="false"/> <lb n="2"/> 
<gap reason="lost" extent="unknown" unit="character" instant="false"/>NI<gap reason="illegible" unit="character" quantity="1" instant="false"/><gap reason="lost" extent="unknown" unit="character" instant="false"/><unclear instant="false">XO</unclear><gap reason="illegible" unit="character" quantity="1" instant="false"/><gap reason="lost" quantity="1" unit="character" instant="false"/> <lb n="3"/>
<gap reason="lost" quantity="1" unit="character" instant="false"/> <unclear instant="false">I</unclear>VCANIV<unclear instant="false">S</unclear> <lb n="4"/> 
<gap reason="lost" extent="unknown" unit="character" instant="false"/>VNDINVS <lb n="5"/> 
<gap reason="lost" extent="unknown" unit="character" instant="false"/><unclear instant="false">L</unclear><gap reason="illegible" extent="unknown" unit="character" instant="false"/> · ET · Q <lb n="6"/> 
<gap reason="illegible" extent="unknown" unit="character" instant="false"/> M <gap reason="illegible" extent="unknown" unit="character" instant="false"/>MNV <lb n="7"/> 
<gap reason="lost" extent="unknown" unit="character" instant="false"/> M <gap reason="lost" extent="unknown" unit="character" instant="false"/>G XXX V V <lb n="8"/> 
V S L M <lb n="9"/> 
<unclear instant="false">M</unclear>P ANTO<hi rend="ligature">NI</hi>NO <unclear instant="false">C</unclear><gap reason="lost" extent="unknown" unit="character" instant="false"/></orig></ab></div>
            <div type="edition" xml:lang="la" xml:id="minuscule" subtype="normalised" xml:space="preserve" org="uniform" part="N" sample="complete"><ab part="N"><lb n="1"/><supplied reason="lost" instant="false">Amb</supplied>iamar<sic>o</sic><supplied reason="omitted" instant="false">c</supplied>i<supplied reason="lost" instant="false">s</supplied><lb n="2"/><supplied reason="lost" instant="false">Ge</supplied>ni<supplied reason="lost" instant="false"><expan instant="false"><abbr>oq</abbr><ex instant="false">ue</ex></expan></supplied><sic>x</sic><supplied reason="omitted" instant="false">l</supplied>o<supplied reason="lost" instant="false">ci</supplied><lb n="3"/><gap reason="lost" quantity="1" unit="character" instant="false"/> <sic>I</sic><supplied reason="omitted" instant="false">L</supplied>ucanius<lb n="4"/><supplied reason="lost" instant="false">Sec</supplied>undinus<lb n="5"/><gap reason="lost" extent="unknown" unit="character" instant="false"/>L<gap reason="illegible" extent="unknown" unit="character" instant="false"/> et <expan instant="false"><abbr>Q</abbr><ex instant="false">uintus</ex></expan><lb n="6"/><gap reason="illegible" extent="unknown" unit="character" instant="false"/> M <gap reason="illegible" extent="unknown" unit="character" instant="false"/><expan instant="false"><abbr>mnu</abbr><ex instant="false">s</ex></expan><lb n="7"/><gap reason="lost" extent="unknown" unit="character" instant="false"/> M <supplied reason="lost" instant="false">le</supplied><expan instant="false"><abbr>g</abbr><ex instant="false">ionis</ex></expan> XXX <expan instant="false"><abbr>V</abbr><ex instant="false">lpiae</ex></expan> <expan instant="false"><abbr>V</abbr><ex instant="false">ictricis</ex></expan><lb n="8"/><expan instant="false"><abbr>v</abbr><ex instant="false">otum</ex></expan> <expan instant="false"><abbr>s</abbr><ex instant="false">olverunt</ex></expan> <expan instant="false"><abbr>l</abbr><ex instant="false">ibentes</ex></expan> <expan instant="false"><abbr>m</abbr><ex instant="false">erito</ex></expan><lb n="9"/><expan instant="false"><abbr>imp</abbr><ex instant="false">eratore</ex></expan> Antonino c<supplied reason="lost" instant="false"><expan instant="false"><abbr>o</abbr><ex instant="false">n</ex></expan><expan instant="false"><abbr>s</abbr><ex instant="false">ule</ex></expan></supplied></ab></div>
            <div type="translation" xml:lang="de" org="uniform" part="N" sample="complete">
                <p part="N">Für die  <rs type="divine">Ambiamarcae</rs> und den  <rs type="divine">Genius loci!</rs> <lb/> 
… Lucianus Secundinus … und Quintus …mnus … der legio XXX Ulpia Victrix haben das Gelübde gerne und verdientermaßen erfüllt. Unter dem Konsulat des Imperator Antoninus.</p>
            </div>
            <div type="translation" xml:lang="en" org="uniform" part="N" sample="complete">
                <p part="N">To the  <rs type="divine">Ambiamarcae</rs> and the  <rs type="divine">Genius loci!</rs> <lb/>
… Lucianus Secundinus … and Quintus …mnus … of the legio XXX Ulpia Victrix have fulfilled a vow willingly and deservedly. During the consulship of the imperator Antoninus.</p>
            </div>
            <div type="apparatus" org="uniform" part="N" sample="complete">
                <app loc="#MIN.2 #MAJ.2">
                    <tei:note xmlns:tei="http://www.tei-c.org/ns/1.0" anchored="true">Genio[q(ue)] / loc[i] mit falschem Zeilenwechsel – Alföldy, AE 1968, Deman, EDH, Scheungraber; [G]enio[q(ue)] / [l]oc[i] mit falschem Zeilenwechsel – Schillinger-Häfele; Genio[q(ue)] – Reuterr; Genio[q(ue)] / l(oc[i)] – Ferlut (wahrscheinlich mit irriger Klammersetzung)</tei:note>
                </app>
                <app loc="#MIN.4 #MAJ.4">
                    <tei:note xmlns:tei="http://www.tei-c.org/ns/1.0" anchored="true">[S]ecundinus – Alföldy, AE 1968, Deman, EDH, Reuter, Scheungraber, Ferlut </tei:note>
                </app>
                <app loc="#MIN.5 #MAJ.5">
                    <tei:note xmlns:tei="http://www.tei-c.org/ns/1.0" anchored="true">s[ig]nif(er) et – Alföldy, AE 1968, Deman, EDH, Reuter, Scheungraber, Ferlut; [sig]nif(er) et – Schillinger-Häfele</tei:note>
                </app>
                <app loc="#MIN.6 #MAJ.6">
                    <tei:note xmlns:tei="http://www.tei-c.org/ns/1.0" anchored="true">Iuli[us] (?) Firmînus – Alföldy; Iuli[us] (?) Firminus – AE 1968, Deman, EDH, Scheungraber; Iuli[us] Firminus – Reuter, Ferlut; … Firm(i)nus – Schillinger-Häfele</tei:note>
                </app>
                <app loc="#MIN.7 #MAJ.7">
                    <tei:note xmlns:tei="http://www.tei-c.org/ns/1.0" anchored="true">[ve]t(eranus) (?) leg(ionis) – Alföldy, AE 1968, Deman, EDH, Reuter, Scheungraber; …t leg(ionis) – Schillinger-Häfele; [ve]t(eranus) leg(ionis) XXX U(lpiae) V(ictricis) v(otum) s(olverunt) l(ibentes) m(erito) – Ferlut (Z.8 fehlt dort)</tei:note>
                </app>
                <app loc="#MIN.9 #MAJ.9">
                    <tei:note xmlns:tei="http://www.tei-c.org/ns/1.0" anchored="true">ohne Ligatur – AE 1968, Deman, Schillinger-Häfele, EDH; Co(n)s(ule) – Reuter</tei:note>
                </app>
            
            <app loc="1">
                <note anchored="true">Ambiamarci[s] – Scheungraber, Ferlut</note>
            </app>
        
            <app loc="3">
                <note anchored="true">[3] Lucanius – Scheungraber; [.] Lucanius – Ferlut</note>
            </app>
        </div>
            <div type="commentary" subtype="general" org="uniform" part="N" sample="complete">
                <p part="N">Lucanius: italisches Gentilnomen oder einheimisches Pseudogentilnomen (Kakoschke 2006, 679) <lb/>
Secundinus: Lateinisches Cognomen, äußerst gängig (Kakoschke 2008, CN 2754) </p>
                <p part="N">

legio XXX Ulpia Victrix: Die Legion folgte ab 121/122 n.Chr. in Xanten auf die legio VI Victrix (Stein 1932, 106). </p>
                <p part="N">

Imperatore Antonino: Elagabal, nach dem Sturz des Macrinus am 8. Juni 218; auch andere Inschriften nennen ihn in der zweiten Hälfte dieses Jahres ohne Amtskollegen (Alföldy 1968, 28). </p>
            </div>
            <div type="commentary" subtype="deity" org="uniform" part="N" sample="complete">                                                <p part="N"> <rs type="divine">Ambiamarcae:</rs> Variante von  <rs type="divine">Ambiomarcae:</rs> erster Namensteil keltisch, zweiter germanisch: ‚Beidseitig der Mark Wohnende [Muttergöttinnen]’ (de Bernardo Stempel Corpus F.E.R.C.A.N. II/1 266f). </p>
                                                <p part="N">

Vorkommen in theonymischen Formularen: </p>
                                                <p part="N">
 <rs type="divine">Ambiomarcae</rs>: <lb/>
- Germania Inferior: 3x bezeugt (CF-GeI-106, CF-GeI-107, CF-GeI-121) <lb/> 
- außerhalb der Germania Inferior: - </p>
                                                <p part="N">
 <rs type="divine">Matronae Ambiomarcae</rs>: <lb/>
- Germania Inferior: Es findet sich nur ein relevanter Beleg des entsprechenden zweigliedrigen theonymischen Formulars (CF-GeI-105). <lb/>
- außerhalb der Germania Inferior: - </p>
            </div>
            <linkGrp type="alignment" domains="#majuscule #minuscule">
                <link target="#MAJ.1 #MIN.1"/>
                <link target="#MAJ.2 #MIN.2"/>
                <link target="#MAJ.3 #MIN.3"/>
                <link target="#MAJ.4 #MIN.4"/>
                <link target="#MAJ.5 #MIN.5"/>
                <link target="#MAJ.6 #MIN.6"/>
                <link target="#MAJ.7 #MIN.7"/>
                <link target="#MAJ.8 #MIN.8"/>
                <link target="#MAJ.9 #MIN.9"/>
            </linkGrp>
        </body>
        <back>
            <tei:note xmlns:tei="http://www.tei-c.org/ns/1.0" type="Objbeschr_note" anchored="true"/>
            <tei:note xmlns:tei="http://www.tei-c.org/ns/1.0" type="ArchKlass_note" anchored="true"/>
            <tei:note xmlns:tei="http://www.tei-c.org/ns/1.0" type="Material_note" anchored="true"/>
            <tei:note xmlns:tei="http://www.tei-c.org/ns/1.0" type="Inschrifttraeger_note" anchored="true"/>
            <tei:note xmlns:tei="http://www.tei-c.org/ns/1.0" type="VerwahrortOrt_note" anchored="true"/>
            <tei:note xmlns:tei="http://www.tei-c.org/ns/1.0" type="InvNr_note" anchored="true"/>
            <tei:note xmlns:tei="http://www.tei-c.org/ns/1.0" type="Fundstelle_note" anchored="true"/>
            <tei:note xmlns:tei="http://www.tei-c.org/ns/1.0" type="Fundumst_note" anchored="true"/>
            <tei:note xmlns:tei="http://www.tei-c.org/ns/1.0" type="Fundjahr_note" anchored="true"/>
            <tei:note xmlns:tei="http://www.tei-c.org/ns/1.0" type="FOantik_note" anchored="true"/>
            <tei:note xmlns:tei="http://www.tei-c.org/ns/1.0" type="FOmodern_note" anchored="true"/>
            <tei:note xmlns:tei="http://www.tei-c.org/ns/1.0" type="civitas_note" anchored="true"/>
            <tei:note xmlns:tei="http://www.tei-c.org/ns/1.0" type="Autopsie_note" anchored="true"/>
            <tei:note xmlns:tei="http://www.tei-c.org/ns/1.0" type="Appcrit_note" anchored="true"/>
            <tei:note xmlns:tei="http://www.tei-c.org/ns/1.0" type="Abb_note" anchored="true"/>
            <tei:note xmlns:tei="http://www.tei-c.org/ns/1.0" type="englUEbers_note" anchored="true"/>
            <tei:note xmlns:tei="http://www.tei-c.org/ns/1.0" type="dtUEbers_note" anchored="true"/>
            <tei:note xmlns:tei="http://www.tei-c.org/ns/1.0" type="Editionen_note" anchored="true"/>
            <tei:note xmlns:tei="http://www.tei-c.org/ns/1.0" type="ErhzustObj_note" anchored="true"/>
            <tei:note xmlns:tei="http://www.tei-c.org/ns/1.0" type="Masse_note" anchored="true"/>
            <tei:note xmlns:tei="http://www.tei-c.org/ns/1.0" type="Ikonogr_note" anchored="true"/>
            <tei:note xmlns:tei="http://www.tei-c.org/ns/1.0" type="Inschrtext_note" anchored="true"/>
            <tei:note xmlns:tei="http://www.tei-c.org/ns/1.0" type="ErhzustInschr_note" anchored="true"/>
            <tei:note xmlns:tei="http://www.tei-c.org/ns/1.0" type="Schrifttechnik_note" anchored="true"/>
            <tei:note xmlns:tei="http://www.tei-c.org/ns/1.0" type="Buchsthoehe_note" anchored="true"/>
            <tei:note xmlns:tei="http://www.tei-c.org/ns/1.0" type="Notvar_note" anchored="true"/>
            <tei:note xmlns:tei="http://www.tei-c.org/ns/1.0" type="SonstKomm_note" anchored="true"/>
            <tei:note xmlns:tei="http://www.tei-c.org/ns/1.0" type="Datierung_note" anchored="true">
                <p>218<br/>
                </p>
            </tei:note>
            <tei:note xmlns:tei="http://www.tei-c.org/ns/1.0" type="KommGoettern_note" anchored="true">
                <p part="N">Für Alte Version (17.04.23) siehe CF-GeI-105</p>
            </tei:note>
        </back>
    </text>
</TEI>