<?xml-model href="https://gams.uni-graz.at/context:fercan/SCHEMA_EPIDOC_9.1" type="application/xml" schematypens="http://relaxng.org/ns/structure/1.0"?><TEI xmlns="http://www.tei-c.org/ns/1.0" xmlns:xsi="http://www.w3.org/2001/XMLSchema-instance" xml:id="inferior451">
    <teiHeader>
        <fileDesc>
            <titleStmt>
                <title type="full">
                    <title type="main">Nehalennia?</title>
                    <title type="sub">CF-GeI-451</title>
                </title>
                <respStmt>
                    <resp>Inschriftenedition</resp>
                    <persName instant="false" full="yes">
                        <forename full="yes">Werner</forename>
                        <surname full="yes">Petermandl</surname>
                    </persName>
                </respStmt>
                <respStmt>
                    <resp>Archäologische Beschreibung und geografische Daten</resp>
                    <persName instant="false" full="yes">
                        <forename full="yes">Astrid</forename>
                        <surname full="yes">Schmölzer</surname>
                    </persName>
                </respStmt>
                <funder ref="https://www.fwf.ac.at">Austrian Science Fund (FWF): P
                  29274-G25</funder>
            </titleStmt>
            <publicationStmt>
                <publisher>
                    <link target="https://antike.uni-graz.at"/>
                    <orgName ref="https://d-nb.info/gnd/1213531357" instant="false" full="yes">Institut für Antike, Fachbereich
                    Alte Geschichte und Epigraphik, Karl-Franzens-Universität Graz</orgName>
                </publisher>
                <authority>
                    <link target="https://informationsmodellierung.uni-graz.at"/>
                    <orgName ref="http://d-nb.info/gnd/1137284463" instant="false" full="yes">Zentrum für
                    Informationsmodellierung - Austrian Centre for Digital Humanities,
                    Karl-Franzens-Universität Graz</orgName>
                </authority>
                <distributor>
                    <link target="https://gams.uni-graz.at"/>
                    <orgName instant="false" full="yes">GAMS - Geisteswissenschaftliches Asset Management System</orgName>
                </distributor>
                <date when="2022" instant="false">2022</date>
                <pubPlace>Graz</pubPlace>
                <idno type="PID">o:fercan.451</idno>
                <availability default="false">
                    <licence target="https://creativecommons.org/licenses/by-nc/4.0">Creative Commons
                    BY-NC 4.0</licence>
                </availability>
            </publicationStmt>
            <seriesStmt>
                <title ref="https://gams.uni-graz.at/fercan">FERCAN: Fontes Epigraphici Religionum
                  Celticarum Antiquarum</title>
                <respStmt>
                    <resp>Projektleitung</resp>
                    <persName instant="false" full="yes">
                        <forename full="yes">Wolfgang</forename>
                        <surname full="yes">Spickermann</surname>
                    </persName>
                </respStmt>
            </seriesStmt>
            <sourceDesc default="false">
                <msDesc status="draft">
                    <msIdentifier>
                        <settlement>Middelburg</settlement>
                        <repository>Zeeuws Museum, collection KZGW</repository>
                        <idno>G3230</idno>
                    </msIdentifier>
                    <msContents>
                        <summary>Weihinschrift</summary>
                    </msContents>
                    <physDesc>
                        <objectDesc>
                            <supportDesc>
                                <support>
                                    <p part="N">Der Aedicula-Altar ist an der Front teilweise beschädigt. Der Aufsatz ist bis auf die beiden Pulvini und die hintere Giebelspitze abgeschlagen und verwittert. Die Nische ist ohne erkennbares Dach. Anhand der seitlichen Pilaster ist eine architektonische Rahmung anzunehmen. Die Nische ist mit etwas Abstand zum Rand in den Stein hineinversetzt, die untere Begrenzung wird durch ein leicht vorspringendes profiliertes Gesims gewährleistet.<lb/>Die drei Frauen sind besonders im oberen Körperbereich abgeschlagen und verwittert. In der unteren Hälfte des Steins, teilweise in den Sockel hineinreichend, ist eine weitere schmälere Nische eingearbeitet.</p>
                                    <material>
                                        <ref type="context" target="context:fercan.material.kalkstein" ana="https://gams.uni-graz.at/o:fercan.arch#C.120210">Kalkstein</ref>
                                    </material>
                                    <objectType>Aedicula-Altar</objectType>
                                    <dimensions>
                                        <height unit="cm">76,2</height>
                                        <width unit="cm">45,7</width>
                                        <depth unit="cm">20,3</depth>
                                    </dimensions>
                                </support>
                                <condition>
                                    <ref type="context" target="context:fercan.condition-o.weitgehend_vollstaendig" ana="https://gams.uni-graz.at/o:fercan.arch#C.130500">weitgehend vollständig</ref>
                                </condition>
                            </supportDesc>
                            <layoutDesc>
                                <layout>
                                    <p part="N">Von Text sind nur schwer lesbare Reste erhalten.</p>
                                    <tei:note xmlns:tei="http://www.tei-c.org/ns/1.0" type="condition" anchored="true">größeres Fragment</tei:note>
                                </layout>
                            </layoutDesc>
                        </objectDesc>
                        <handDesc>
                            <handNote>
                                <desc type="execution">gemeißelt</desc>
                                <height unit="cm" atLeast="3.8" atMost="3.8">3,8 cm</height>
                            </handNote>
                        </handDesc>
                        <decoDesc>
                            <decoNote>
                                <p part="N">Die Dreizahl der Göttinnen erinnert an die übliche Darstellung der Matronen. Von den charakteristischen Hauben der beiden äußeren ist nichts mehr erkennbar; sie könnten umgearbeitet worden sein, und der Stein als Import aus dem Rheingebiet hierher nach Domburg gebracht worden sein. <lb/>
Die Frauen sind alle etwa gleich groß, ihre Füße und das lange Gewand sind im unteren Beinbereich gut erkennbar. Links und rechts sind auch noch die hohen Armlehnen ihrer Sitzgelegenheit erkennbar. Sie dürften Obstkörbe oder Obstschalen auf ihren Schößen gehalten haben, doch sind diese verwittert und nur mehr als amorphe Masse zu erahnen. Anhand der erkennbaren Haltung des jeweils linken Armes wäre es möglich, hier noch ein anderes Attribut, z.B. ein Büschel Ähren o.Ä. zu vermuten. Die Oberkörper und die Köpfe der drei Frauen sind stark abgewittert. <lb/>
Die kleine Nische im unteren Bereich des Altars zeigt zwei Gestalten, vermutlich Männer, die sich links und rechts von einem Altar befinden. Die rechte Gestalt ist ein wenig größer als die linke und scheint dem Altar zugeneigt zu sein – laut Literatur (Hondius-Crone 1955, 58; Stuart 2013, 81 f.) führt er die Libation aus oder streut Weihrauch ins Feuer. Daher wird der Mann als Priester gedeutet. Die rechte Gestalt, die etwas in den Händen gehalten haben soll, wird als Opferdiener gedeutet, der die Kiste mit Weihrauch in seinen Händen hielt. Ebenso gut könnte es sich allerdings um den Stifter handeln, der sich beim Opfer darstellen ließ. <lb/>
Auf den Schmalseiten sind laut Literatur (Stuart 2013 81 f.) Füllhörner dargestellt, die mit Früchten bzw. vorrangig Äpfeln gefüllt sind.</p>
                                <term ana="https://gams.uni-graz.at/o:fercan.arch#C.252610">
                                    <ref type="context" target="context:fercan.arch.altar">Altar</ref>
                                </term>
                                <term ana="https://gams.uni-graz.at/o:fercan.arch#C.210100">
                                    <ref type="context" target="context:fercan.arch.apfel">Apfel</ref>
                                </term>
                                <term ana="https://gams.uni-graz.at/o:fercan.arch#C.220000">
                                    <ref type="context" target="context:fercan.arch.architektur">Architektur</ref>
                                </term>
                                <term ana="https://gams.uni-graz.at/o:fercan.arch#C.150800">
                                    <ref type="context" target="context:fercan.arch.aufsatzschmuck">Aufsatzschmuck</ref>
                                </term>
                                <term ana="https://gams.uni-graz.at/o:fercan.arch#C.252400">
                                    <ref type="context" target="context:fercan.arch.bank">Bank</ref>
                                </term>
                                <term ana="https://gams.uni-graz.at/o:fercan.arch#C.210000">
                                    <ref type="context" target="context:fercan.arch.frucht">Frucht</ref>
                                </term>
                                <term ana="https://gams.uni-graz.at/o:fercan.arch#C.251500">
                                    <ref type="context" target="context:fercan.arch.fuellhorn">Füllhorn</ref>
                                </term>
                                <term ana="https://gams.uni-graz.at/o:fercan.arch#C.240100">
                                    <ref type="context" target="context:fercan.arch.goetterbild">Götterbild</ref>
                                </term>
                                <term ana="https://gams.uni-graz.at/o:fercan.arch#C.230200">
                                    <ref type="context" target="context:fercan.arch.maennliche_figur">männliche Figur</ref>
                                </term>
                                <term ana="https://gams.uni-graz.at/o:fercan.arch#C.230000">
                                    <ref type="context" target="context:fercan.arch.menschliche_figur">menschliche Figur</ref>
                                </term>
                                <term ana="https://gams.uni-graz.at/o:fercan.arch#C.251700">
                                    <ref type="context" target="context:fercan.arch.obstschale">Obstschale</ref>
                                </term>
                                <term ana="https://gams.uni-graz.at/o:fercan.arch#C.230220">
                                    <ref type="context" target="context:fercan.arch.opferdiener">Opferdiener</ref>
                                </term>
                                <term ana="https://gams.uni-graz.at/o:fercan.arch#C.252600">
                                    <ref type="context" target="context:fercan.arch.opferszene">Opferszene</ref>
                                </term>
                                <term ana="https://gams.uni-graz.at/o:fercan.arch#C.220500">
                                    <ref type="context" target="context:fercan.arch.pilaster">Pilaster</ref>
                                </term>
                                <term ana="https://gams.uni-graz.at/o:fercan.arch#C.150400">
                                    <ref type="context" target="context:fercan.arch.reliefschmuck">Reliefschmuck</ref>
                                </term>
                                <term ana="https://gams.uni-graz.at/o:fercan.arch#C.230210">
                                    <ref type="context" target="context:fercan.arch.stifter">Stifter</ref>
                                </term>
                            </decoNote>
                        </decoDesc>
                    </physDesc>
                    <history>
                        <origin instant="false">
                            <origPlace instant="false">
                                <region>Civitas Frisiavonum</region>
                            </origPlace>
                            <origDate instant="false"/>
                        </origin>
                        <provenance type="found" when="1651">
                            <placeName instant="false" full="yes">
                                <ref type="context" target="context:fercan.geog.modern.domburg">Domburg</ref>
                            </placeName>
                            <tei:location xmlns:tei="http://www.tei-c.org/ns/1.0" instant="false">
                                <geo decls="#WGS">51.563265 3.498398</geo>
                            </tei:location>
                        </provenance>
                        <provenance type="observed" subtype="autopsied">
                            <p part="N">non vidimus<lb>
                                    <br/>
                                </lb>Lesung gründet auf: Stuart</p>
                        </provenance>
                    </history>
                </msDesc>
                <listPlace default="false">
                    <place instant="false"/>
                </listPlace>
                <listPerson default="false">
                    <person instant="false">
                        <persName type="divine" subtype="celtic_normalized" instant="false" full="yes">
                            <ref type="context" target="context:fercan.dcn.nehalennia_">Nehalennia?</ref>
                        </persName>
                    </person>
                    <person instant="false">
                        <persName type="divine" subtype="celtic_diplomatic" instant="false" full="yes">
                            <ref type="context" target="context:fercan.dcd.nehalennia_.neihale">Neihale</ref>
                        </persName>
                    </person>
                    <person instant="false">
                        <persName type="divine" subtype="celtic_element" instant="false" full="yes">
                            <ref type="context" target="context:fercan.dce.nehalennia_">Nehalennia?</ref>
                        </persName>
                    </person>
                </listPerson>
                <listOrg default="false">
                    <org instant="false"/>
                </listOrg>
            </sourceDesc>
        </fileDesc>
        <encodingDesc>
            <geoDecl xml:id="WGS" datum="WGS84" default="false">World Geodetic System</geoDecl>
            <editorialDecl default="false">
                <p part="N">Digitale Repräsentation konform mit EpiDoc: http://epidoc.sourceforge.net</p>
                <p part="N">Majuskel und Minuskel ausgeführt nach Leidener Klammersystem, Majuskel bildet
                  Inschrift originalgetreu ab, Minuskel enthält editorische Hinzufügungen</p>
            </editorialDecl>
            <projectDesc default="false">
                <p part="N">Die keltischen Götternamen in den Inschriften der römischen Provinz Germania
                  Inferior. Eine Fallstudie zu Religion im Kontext von Kulturkontakt und
                  Kulturtransfer (FWF – Projekt P 29274-G25 )</p>
                <p part="N">Das Forschungsprojekt beabsichtigt, sämtliche keltischen Götternamen, die sich in
                  lateinischen Inschriften der römischen Provinz Germania Inferior erhaltenen haben,
                  zusammenzustellen und auszuwerten. Die gewählte Quellengrundlage erscheint
                  besonders geeignet Erscheinungsformen zu untersuchen, welche auf religiöser Ebene
                  durch das Zusammentreffen von verschiedenen kulturellen Einflüssen entstanden
                  sind. Diese sind hier einerseits definiert durch die Verwendung der keltischen
                  Sprache, andererseits durch die lateinische Sprache und durch Formen aus dem
                  Inneren des Imperium Romanum, die man mit dem Etikett „römisch“ versehen kann. Das
                  Interesse gilt dabei nicht nur religiösen, sondern auch damit verbundenen
                  gesellschaftlichen Aspekten und den entsprechenden Mentalitäten. Doch soll damit
                  auch zu einem verbesserten Gesamtbild der Provinzialreligion in Niedergermanien
                  beigetragen werden.<lb/> Die Abschlusspublikation wird ergänzt um einen
                  ausführlichen sprachwissenschaftlichen Kommentar (von Patrizia de Bernardo
                  Stempel) in der Reihe ‚Corpus - F.E.R.C.AN. (Fontes epigraphici religionum
                  Celticarum antiquarum)‘ erscheinen. </p>
            </projectDesc>
        </encodingDesc>
        <profileDesc>
            <langUsage default="false">
                <language ident="la">Latein</language>
            </langUsage>
            <textClass default="false">
                <keywords>
                    <list>
                        <item>
                            <ref type="context" target="context:fercan.dedication.libens_merito">libens merito</ref>
                        </item>
                        <item/> <!-- Belegform gesamt  --> <item> <ref target="context:fercan.divinepart." type="context"> </ref> </item></list></keywords>
            </textClass>
        </profileDesc>
        <revisionDesc status="draft">
            <change when="2019" n="1" corresp="https://gams.uni-graz.at/o:fercan.451/TEI_SOURCE.2020-02-26" status="draft">Initial Version</change>
            <change when="2020" n="2" corresp="https://gams.uni-graz.at/o:fercan.451/TEI_SOURCE.2022-03-07" status="draft">Version 2</change>
            <change when="2022" n="3" status="draft">Version 3</change>
        </revisionDesc>
    </teiHeader>
    <facsimile>
        <graphic mimeType="image/jpeg" xml:id="IMAGE.1" url="file:///0451_re(Astrid).jpg">
            <desc>rechts, FercanGermaniaInferior, CC BY-NC</desc>
        </graphic>
        <graphic mimeType="image/jpeg" xml:id="IMAGE.2" url="file:///0451_li(Astrid).jpg">
            <desc>links, FercanGermaniaInferior, CC BY-NC</desc>
        </graphic>
        <graphic mimeType="image/png" xml:id="IMAGE.3" url="file:///0451_Front.PNG">
            <desc>Front, Hondius-Crone 1955, p.59, Rechte vorbehalten</desc>
        </graphic>
    </facsimile>
    <text>
        <body>
            <ab part="N">
                <ref target="context:fercan" type="context">FERCAN</ref>
            </ab>
            <div subtype="editions" type="bibliography" org="uniform" part="N" sample="complete">
                <listBibl default="false">
                    <bibl xml:id="LIT.1" default="false" status="draft">CIL XIII 8798</bibl>
                    <bibl xml:id="LIT.2" default="false" status="draft">Espérandieu IX 6658</bibl>
                    <bibl xml:id="LIT.3" default="false" status="draft">Byvanck 1935, Nr.250</bibl>
                    <bibl xml:id="LIT.4" default="false" status="draft">Hondius-Crone 1955, Nr.16</bibl>
                    <bibl xml:id="LIT.5" default="false" status="draft">Stuart 2013, Nr.23</bibl>
                    <bibl xml:id="LIT.6" default="false" status="draft">AE 2014, 888</bibl>
                
            <bibl xml:id="7">Scheungraber 2020, 395 Nr.22</bibl>
        
            <bibl xml:id="8">Ferlut 2022, Nr.1067</bibl>
        </listBibl>
            </div>
            <div subtype="concordances" type="bibliography" org="uniform" part="N" sample="complete">
                <listBibl>
                    <bibl type="EDCS">
                        <idno>EDCS-70300044</idno>
                        <date>zuletzt aufgerufen am 24. Februar 2020</date>
                    </bibl>
                    <bibl type="trismegistos">
                        <idno>www.trismegistos.org/text/276739</idno>
                        <date>zuletzt aufgerufen am 26. Juli 2021</date>
                    </bibl>
                </listBibl>
            </div>
            <div type="edition" subtype="diplomatic" xml:id="majuscule" xml:lang="la" xml:space="preserve" org="uniform" part="N" sample="complete"><ab part="N"><orig><lb n="1"/>NEIHALE  <lb n="2"/> 
<gap reason="lost" extent="unknown" unit="character" instant="false"/>INI<gap reason="lost" quantity="1" unit="character" instant="false"/>  <lb n="3"/>
<gap reason="lost" quantity="1" unit="character" instant="false"/> M</orig></ab></div>
            <div type="edition" xml:lang="la" xml:id="minuscule" subtype="normalised" xml:space="preserve" org="uniform" part="N" sample="complete"><ab part="N"><lb n="1"/>Neihale<lb n="2"/><gap reason="lost" extent="unknown" unit="character" instant="false"/>ini<gap reason="lost" quantity="1" unit="character" instant="false"/><lb n="3"/><supplied reason="lost" instant="false"><expan instant="false"><abbr>l</abbr><ex instant="false">ibens</ex></expan></supplied> <expan instant="false"><abbr>m</abbr><ex instant="false">erito</ex></expan></ab></div>
            <div type="translation" xml:lang="de" org="uniform" part="N" sample="complete">
                <p part="N">Für  <rs type="divine">Neihale…!</rs>  <lb/>
… gerne und verdientermaßen.</p>
            </div>
            <div type="translation" xml:lang="en" org="uniform" part="N" sample="complete">
                <p part="N">To  <rs type="divine">Neihale…!</rs>  <lb/>
… willingly and deservedly.</p>
            </div>
            <div type="apparatus" org="uniform" part="N" sample="complete">
                <app loc="#MIN.1 #MAJ.1">
                    <tei:note xmlns:tei="http://www.tei-c.org/ns/1.0" anchored="true">unlesbare Buchstabenreste – CIL; keine Lesung – Espérandieu; [---]a[---] –Byvanck, Nehalleniae – Hondius-Crone, Ferlut; Ne{i}hale(nniae) – Scheungraber</tei:note>
                </app>
                <app loc="#MIN.2 #MAJ.2">
                    <tei:note xmlns:tei="http://www.tei-c.org/ns/1.0" anchored="true">IICINIV – CIL; keine Lesung – Espérandieu; [---]iniu[---] – Byvanck, … ine ini f(ilius) – Hondius-Crone, Ferlut; nninis – Stuart 2013; [3]inius – Scheungraber; es folgt eine weitere Zeile mit V[3] – Scheungraber</tei:note>
                </app>
                <app loc="#MIN.3 #MAJ.3">
                    <tei:note xmlns:tei="http://www.tei-c.org/ns/1.0" anchored="true">keine Lesung – Espérandieu; fehlt – Byvanck, Hondius-Crone; v(otum) [s(olvit) l(ibens)] m(erito) – Scheungraber</tei:note>
                </app>
            </div>
            <div type="commentary" subtype="general" org="uniform" part="N" sample="complete">
                <p part="N">Es ist wahrscheinlich, in Z.2 den Namen des Dedikanten anzunehmen (AE 2014, 888), was aber nicht mit der Lesung des Götternamens als „Neihale/nninis“ (Stuart 2013, Nr.23) zu vereinbaren ist. </p>
            </div>
            <div type="commentary" subtype="deity" org="uniform" part="N" sample="complete">                                                <p part="N"> <rs type="divine">Neihale…!</rs> möglicherweise Reste einer Variante von  <rs type="divine">Nehalennia:</rs> keltisch erklärbar: ‚Die [Göttin] im Salzwasser bzw. in der See‘ (de Bernardo Stempel Corpus F.E.R.C.A.N. II/1 145f).</p>
                                                <p part="N">

Vorkommen in theonymischen Formularen: </p>
                                                <p part="N">
 <rs type="divine">Nehalennia</rs>: <lb/>
- Germania Inferior: Belege sind überaus häufig. Zwei Inschriften stammen aus Köln alle anderen aus Domburg und Colijnsplaat. Die Göttin wird dabei, bis auf wenige Ausnahmen, stets als  <rs type="divine">dea Nehalennia</rs> angesprochen. 
 In der hier vorgelegten Inschrift ist die Lesung der Reste des Götternamens sehr unsicher. Die vorgeschlagene Lesung „Neihalenninis“ (Stuart 2013, Nr.23) ist bestenfalls als Versuch zu werten. Die Darstellung von drei sitzenden Figuren im Relief, die stark an Matronendarstellungen erinnert, spricht eher gegen eine Deutung als  <rs type="divine">Nehalennia</rs>. Mit CF-GeI-357 ist allerdings ein Altar für  <rs type="divine">Nehalennia</rs> belegt auf dem auch ein Relief von drei matronenartigen Frauen dargestellt ist. <lb/> 
- außerhalb der Germania Inferior: -</p>
            </div>
            <linkGrp type="alignment" domains="#majuscule #minuscule">
                <link target="#MAJ.1 #MIN.1"/>
                <link target="#MAJ.2 #MIN.2"/>
                <link target="#MAJ.3 #MIN.3"/>
            </linkGrp>
        </body>
        <back>
            <tei:note xmlns:tei="http://www.tei-c.org/ns/1.0" type="Objbeschr_note" anchored="true"/>
            <tei:note xmlns:tei="http://www.tei-c.org/ns/1.0" type="ArchKlass_note" anchored="true"/>
            <tei:note xmlns:tei="http://www.tei-c.org/ns/1.0" type="Material_note" anchored="true"/>
            <tei:note xmlns:tei="http://www.tei-c.org/ns/1.0" type="Inschrifttraeger_note" anchored="true"/>
            <tei:note xmlns:tei="http://www.tei-c.org/ns/1.0" type="VerwahrortOrt_note" anchored="true"/>
            <tei:note xmlns:tei="http://www.tei-c.org/ns/1.0" type="InvNr_note" anchored="true"/>
            <tei:note xmlns:tei="http://www.tei-c.org/ns/1.0" type="Fundstelle_note" anchored="true"/>
            <tei:note xmlns:tei="http://www.tei-c.org/ns/1.0" type="Fundumst_note" anchored="true"/>
            <tei:note xmlns:tei="http://www.tei-c.org/ns/1.0" type="Fundjahr_note" anchored="true"/>
            <tei:note xmlns:tei="http://www.tei-c.org/ns/1.0" type="FOantik_note" anchored="true"/>
            <tei:note xmlns:tei="http://www.tei-c.org/ns/1.0" type="FOmodern_note" anchored="true"/>
            <tei:note xmlns:tei="http://www.tei-c.org/ns/1.0" type="civitas_note" anchored="true"/>
            <tei:note xmlns:tei="http://www.tei-c.org/ns/1.0" type="Autopsie_note" anchored="true"/>
            <tei:note xmlns:tei="http://www.tei-c.org/ns/1.0" type="Appcrit_note" anchored="true"/>
            <tei:note xmlns:tei="http://www.tei-c.org/ns/1.0" type="Abb_note" anchored="true"/>
            <tei:note xmlns:tei="http://www.tei-c.org/ns/1.0" type="englUEbers_note" anchored="true"/>
            <tei:note xmlns:tei="http://www.tei-c.org/ns/1.0" type="dtUEbers_note" anchored="true"/>
            <tei:note xmlns:tei="http://www.tei-c.org/ns/1.0" type="Editionen_note" anchored="true"/>
            <tei:note xmlns:tei="http://www.tei-c.org/ns/1.0" type="ErhzustObj_note" anchored="true"/>
            <tei:note xmlns:tei="http://www.tei-c.org/ns/1.0" type="Masse_note" anchored="true"/>
            <tei:note xmlns:tei="http://www.tei-c.org/ns/1.0" type="Ikonogr_note" anchored="true"/>
            <tei:note xmlns:tei="http://www.tei-c.org/ns/1.0" type="Inschrtext_note" anchored="true"/>
            <tei:note xmlns:tei="http://www.tei-c.org/ns/1.0" type="ErhzustInschr_note" anchored="true"/>
            <tei:note xmlns:tei="http://www.tei-c.org/ns/1.0" type="Schrifttechnik_note" anchored="true"/>
            <tei:note xmlns:tei="http://www.tei-c.org/ns/1.0" type="Buchsthoehe_note" anchored="true"/>
            <tei:note xmlns:tei="http://www.tei-c.org/ns/1.0" type="Notvar_note" anchored="true"/>
            <tei:note xmlns:tei="http://www.tei-c.org/ns/1.0" type="SonstKomm_note" anchored="true"/>
            <tei:note xmlns:tei="http://www.tei-c.org/ns/1.0" type="Datierung_note" anchored="true"/>
            <tei:note xmlns:tei="http://www.tei-c.org/ns/1.0" type="KommGoettern_note" anchored="true">
                <p part="N">Für die Alte Version (25.04.23) siehe CF-GeI-286<br/>
                </p>
            </tei:note>
        </back>
    </text>
</TEI>