<?xml-model href="https://gams.uni-graz.at/context:fercan/SCHEMA_EPIDOC_9.1" type="application/xml" schematypens="http://relaxng.org/ns/structure/1.0"?><TEI xmlns="http://www.tei-c.org/ns/1.0" xmlns:xsi="http://www.w3.org/2001/XMLSchema-instance" xml:id="inferior108"><teiHeader><fileDesc><titleStmt><title type="full"><title type="main">Titaca Candid[---]</title><title type="sub">CF-GeI-108</title></title><respStmt><resp>Inschriftenedition</resp><persName><forename>Werner</forename><surname>Petermandl</surname></persName></respStmt><respStmt><resp>Archäologische Beschreibung und geografische Daten</resp><persName><forename>Astrid</forename><surname>Schmölzer</surname></persName></respStmt><funder ref="https://www.fwf.ac.at">Austrian Science Fund (FWF): P
                  29274-G25</funder></titleStmt><publicationStmt><publisher><link target="https://antike.uni-graz.at"/><orgName ref="https://d-nb.info/gnd/1213531357">Institut für Antike, Fachbereich
                    Alte Geschichte und Epigraphik, Karl-Franzens-Universität Graz</orgName></publisher><authority><link target="https://informationsmodellierung.uni-graz.at"/><orgName ref="http://d-nb.info/gnd/1137284463">Zentrum für
                    Informationsmodellierung - Austrian Centre for Digital Humanities,
                    Karl-Franzens-Universität Graz</orgName></authority><distributor><link target="https://gams.uni-graz.at"/><orgName>GAMS - Geisteswissenschaftliches Asset Management System</orgName></distributor><date when="2022">2022</date><pubPlace>Graz</pubPlace><idno type="PID">o:fercan.108</idno><availability><licence target="https://creativecommons.org/licenses/by-nc/4.0">Creative Commons
                    BY-NC 4.0</licence></availability></publicationStmt><seriesStmt><title ref="https://gams.uni-graz.at/fercan">FERCAN: Fontes Epigraphici Religionum
                  Celticarum Antiquarum</title><respStmt><resp>Projektleitung</resp><persName><forename>Wolfgang</forename><surname>Spickermann</surname></persName></respStmt></seriesStmt><sourceDesc><msDesc><msIdentifier><repository>verschollen</repository></msIdentifier><msContents><summary>Weihinschrift</summary></msContents><physDesc><objectDesc><supportDesc><support><p>Aufgrund des Erhaltungszustandes ist keine Beschreibung von Form und Gestaltung möglich.</p><objectType>Weihestein</objectType></support></supportDesc><layoutDesc><layout><p>Der nur als Abschrift erhaltene Text lässt darauf schließen, dass die linke obere Ecke des Inschriftenfeldes erhalten ist. Die erhaltenen Buchstabenreste in Z.4 und 5 entziehen sich bisher völlig einem Verständnis.</p><note type="condition">größeres Fragment</note></layout></layoutDesc></objectDesc><handDesc><handNote/></handDesc><decoDesc><decoNote><p>kein Dekor bekannt</p><term ana="https://gams.uni-graz.at/o:fercan.arch#C.130100"><ref type="context" target="context:fercan.arch.abschrift">Abschrift</ref></term></decoNote></decoDesc></physDesc><history><origin><origPlace><region>CCAA</region></origPlace><origDate/></origin><provenance type="found"><placeName><ref type="context" target="context:fercan.geog.modern.unbekannt">Unbekannt</ref></placeName></provenance><provenance type="observed" subtype="autopsied">non vidimus<lb/>Lesung gründet auf: CIL (aus älterer Literatur)</provenance></history></msDesc><listPlace><place/></listPlace><listPerson><person><persName type="gentilnomen"><ref type="context" target="context:fercan.person.gentilnomen.vinius">Vinius</ref></persName></person><person><persName type="divine" subtype="celtic_normalized"><ref type="context" target="context:fercan.dcn.titaca_candid______">Titaca Candid[---]</ref></persName></person><person><persName type="divine" subtype="celtic_diplomatic"><ref type="context" target="context:fercan.dcd.titaca_candid______.deae_titac_a_e_candid_">deae Titac(a)e Candid[---]</ref></persName></person><person><persName type="divine" subtype="celtic_element"><ref type="context" target="context:fercan.dce.titaca">Titaca</ref></persName></person><person><persName><roleName type="military"><ref type="context" target="context:fercan.person.military.decurio_cohortis">decurio cohortis</ref></roleName></persName></person></listPerson><listOrg><org/><org type="military_unit"><orgName><ref type="context" target="context:fercan.org.military.cohors_caa_antoniniana">cohors CAA Antoniniana</ref></orgName></org></listOrg></sourceDesc></fileDesc><encodingDesc><geoDecl xml:id="WGS" datum="WGS84">World Geodetic System</geoDecl><editorialDecl><p>Digitale Repräsentation konform mit EpiDoc: http://epidoc.sourceforge.net</p><p>Majuskel und Minuskel ausgeführt nach Leidener Klammersystem, Majuskel bildet
                  Inschrift originalgetreu ab, Minuskel enthält editorische Hinzufügungen</p></editorialDecl><projectDesc><p>Die keltischen Götternamen in den Inschriften der römischen Provinz Germania
                  Inferior. Eine Fallstudie zu Religion im Kontext von Kulturkontakt und
                  Kulturtransfer (FWF – Projekt P 29274-G25 )</p><p>Das Forschungsprojekt beabsichtigt, sämtliche keltischen Götternamen, die sich in
                  lateinischen Inschriften der römischen Provinz Germania Inferior erhaltenen haben,
                  zusammenzustellen und auszuwerten. Die gewählte Quellengrundlage erscheint
                  besonders geeignet Erscheinungsformen zu untersuchen, welche auf religiöser Ebene
                  durch das Zusammentreffen von verschiedenen kulturellen Einflüssen entstanden
                  sind. Diese sind hier einerseits definiert durch die Verwendung der keltischen
                  Sprache, andererseits durch die lateinische Sprache und durch Formen aus dem
                  Inneren des Imperium Romanum, die man mit dem Etikett „römisch“ versehen kann. Das
                  Interesse gilt dabei nicht nur religiösen, sondern auch damit verbundenen
                  gesellschaftlichen Aspekten und den entsprechenden Mentalitäten. Doch soll damit
                  auch zu einem verbesserten Gesamtbild der Provinzialreligion in Niedergermanien
                  beigetragen werden.<lb/> Die Abschlusspublikation wird ergänzt um einen
                  ausführlichen sprachwissenschaftlichen Kommentar (von Patrizia de Bernardo
                  Stempel) in der Reihe ‚Corpus - F.E.R.C.AN. (Fontes epigraphici religionum
                  Celticarum antiquarum)‘ erscheinen. </p></projectDesc></encodingDesc><profileDesc><langUsage><language ident="la">Latein</language></langUsage><textClass><keywords><list><item/></list></keywords></textClass></profileDesc><revisionDesc><change when="2019" n="1" corresp="https://gams.uni-graz.at/o:fercan.108/TEI_SOURCE.2020-02-26">Initial Version</change><change when="2020" n="2" corresp="https://gams.uni-graz.at/o:fercan.108/TEI_SOURCE.2022-03-07">Version 2</change><change when="2022" n="3">Version 3</change></revisionDesc></teiHeader><facsimile><graphic mimeType="image/jpeg" xml:id="IMAGE.1" url="file:///0108_Abschrift.jpg"><desc>Abschrift, CIL XIII 8853, CC BY-NC</desc></graphic></facsimile><text><body><ab><ref target="context:fercan" type="context">FERCAN</ref></ab><div subtype="editions" type="bibliography" org="uniform"><listBibl><bibl xml:id="LIT.1">CIL XIII 8853</bibl>
            <bibl xml:id="2">Scheungraber 2020, 529 Nr.1</bibl>
        
            <bibl xml:id="3">Ferlut 2022, Nr.1263</bibl>
        </listBibl></div><div subtype="concordances" type="bibliography" org="uniform"><listBibl><bibl type="EDCS"><idno> </idno> <date>zuletzt aufgerufen am 24. Februar 2020</date></bibl><bibl type="trismegistos"><idno> </idno> <date>zuletzt aufgerufen am 26. Juli 2021</date></bibl></listBibl></div><div type="edition" subtype="diplomatic" xml:id="majuscule" xml:lang="la" xml:space="preserve" org="uniform"><ab><orig><lb n="1"/>DEAE · TITACE · CANDID<gap reason="lost" extent="unknown" unit="character"/> <lb n="2"/> 
O · Q · VINIVS · VRSVLE<gap reason="lost" extent="unknown" unit="character"/> <lb n="3"/> 
<gap reason="lost" extent="unknown" unit="character"/>E CO · CAA · ANTONIN<gap reason="lost" extent="unknown" unit="character"/> <lb n="4"/> 
<gap reason="lost" extent="unknown" unit="character"/>RISPINT<gap reason="lost" extent="unknown" unit="character"/> <lb n="5"/> 
<gap reason="lost" extent="unknown" unit="character"/>R · TVN<gap reason="lost" extent="unknown" unit="character"/></orig></ab></div><div type="edition" xml:lang="la" xml:id="minuscule" subtype="normalised" xml:space="preserve" org="uniform"><ab><lb n="1"/>Deae <expan><abbr>Titac</abbr><ex>a</ex></expan>e Candid<supplied reason="lost" cert="low">ae</supplied><gap reason="lost" extent="unknown" unit="character"/><lb n="2"/>o <expan><abbr>Q</abbr><ex>uintus</ex></expan> Vinius Ursule<gap reason="lost" extent="unknown" unit="character"/><lb n="3"/><supplied reason="lost">d</supplied><expan><abbr>e</abbr><ex cert="low">curio</ex></expan> <expan><abbr>co</abbr><ex cert="low">hortis</ex></expan> <expan><abbr>CAA</abbr><ex cert="low"/></expan> Antonin<supplied reason="lost">ianae</supplied><lb n="4"/><gap reason="lost" extent="unknown" unit="character"/>rispint<gap reason="lost" extent="unknown" unit="character"/><lb n="5"/><gap reason="lost" extent="unknown" unit="character"/>r tun<gap reason="lost" extent="unknown" unit="character"/></ab></div><div type="translation" xml:lang="de" org="uniform"><p>Für die Göttin  <rs type="divine">Titaca Candida!</rs> <lb/> 
… Quintus Vinius Ursule…, decurio der cohors CAA? Antoniniana …</p></div><div type="translation" xml:lang="en" org="uniform"><p>To the goddess  <rs type="divine">Titaca Candida!</rs>  <lb/> 
… Quintus Vinius Ursule…, decurio of the cohors CAA? Antoniniana …</p></div><div type="apparatus" org="uniform"><app loc="#MIN.3 #MAJ.3"><note>d]ec(urio) [c(oloniae)] Claudiae A(ugustae) A(grippinensium) Antonin[ianae] – CIL (bei [c(oloniae)] Claudiae wurden die Klammern falsch gesetzt; stimmt so nicht mit Majuskeltext überein)); [d]ec(urio) co(loniae) A(ugustae) A(grippinensium) Antonin[ianae] – Scheungraber; [d]ec(urio) co(loniae) A(ugustae) A(grippinensis) Antonin[ianae] – Ferlut </note></app>
            <app loc="1">
                <note anchored="true">Candid[3] – Scheungraber; Candid[ae] – Ferlut</note>
            </app>
        
            <app loc="2">
                <note anchored="true">[3]o Q(uintus) – Scheungraber; Ursule[ius] – Ferlut</note>
            </app>
        </div><div type="commentary" subtype="general" org="uniform"><p>Quintus Vinius Ursule…: tria nomina <lb/>
Vinius: italisches Gentilnomen (Kakoschke 2006, GN 1446) <lb/>
Ursule… : vermutlich lateinisches Cognomen (Kakoschke 2008, CN 3177); nach OPEL IV, 187 ist der Name auf Ursule[nus] zu ergänzen. </p><p>

[d]e(curio?) co(hortis?) CAA(?) Antonin[ianae]: Die Auflösung ist keineswegs gesichert, doch erscheint dieser Weg zutreffender als an einen decurio coloniae Claudiae Augustae Agrippinensium Antoninianae zu denken, wie im CIL vorgeschlagen. </p></div><div type="commentary" subtype="language" org="uniform"><p>v.1: „Titace“ pro „Titacae“</p></div><div type="commentary" subtype="deity" org="uniform"><p> <rs type="divine">Titaca:</rs> vermutlich keltisch, denn „das zur Bildung des Zugehörigkeitsbeinamens verwendete Suffix -ako/-aka ist typisch für keltische Ableitungen“ (de Bernardo Stempel in Spickermann 2005, 146) </p><p>

Vorkommen in theonymischen Formularen: </p><p>
 <rs type="divine">Titaca Candid[---]</rs>: <lb/>
- Germania Inferior: Die hier besprochene Inschrift ist der einzige Beleg in Niedergermanien. Es ist keinesfalls gesichert, dass „Candid[---]“  um Votivformular gehörte. Wenn ja, so könnte man ergänzen auf „Candid[(a)e]“ und den Götternamen übersetzen als ‚die Strahlende‘. <lb/>
- außerhalb der Germania Inferior: Eine  <rs type="divine">dea Titaca</rs> ist möglicherweise in der Germania Superior in Koblenz belegt (CIL XIII 7624). </p></div><linkGrp type="alignment" domains="#majuscule #minuscule"><link target="#MAJ.1 #MIN.1"/><link target="#MAJ.2 #MIN.2"/><link target="#MAJ.3 #MIN.3"/><link target="#MAJ.4 #MIN.4"/><link target="#MAJ.5 #MIN.5"/></linkGrp></body><back><note type="Objbeschr_note"/><note type="ArchKlass_note"/><note type="Material_note"/><note type="Inschrifttraeger_note"/><note type="VerwahrortOrt_note"/><note type="InvNr_note"/><note type="Fundstelle_note"/><note type="Fundumst_note"/><note type="Fundjahr_note"/><note type="FOantik_note"/><note type="FOmodern_note"/><note type="civitas_note"/><note type="Autopsie_note"/><note type="Appcrit_note"/><note type="Abb_note"/><note type="englUEbers_note"/><note type="dtUEbers_note"/><note type="Editionen_note"/><note type="ErhzustObj_note"/><note type="Masse_note"/><note type="Ikonogr_note"/><note type="Inschrtext_note"/><note type="ErhzustInschr_note"/><note type="Schrifttechnik_note"/><note type="Buchsthoehe_note"/><note type="Notvar_note"/><note type="SonstKomm_note"/><note type="Datierung_note"/></back></text></TEI>