<?xml-model href="https://gams.uni-graz.at/context:fercan/SCHEMA_EPIDOC_9.1" type="application/xml" schematypens="http://relaxng.org/ns/structure/1.0"?><TEI xmlns="http://www.tei-c.org/ns/1.0" xmlns:xsi="http://www.w3.org/2001/XMLSchema-instance" xml:id="inferior284">
    <teiHeader>
        <fileDesc>
            <titleStmt>
                <title type="full">
                    <title type="main">Vatviae Berchliachenae | Vatviae | Berchliachenae</title>
                    <title type="sub">CF-GeI-284</title>
                </title>
                <respStmt>
                    <resp>Inschriftenedition</resp>
                    <persName instant="false" full="yes">
                        <forename full="yes">Werner</forename>
                        <surname full="yes">Petermandl</surname>
                    </persName>
                </respStmt>
                <respStmt>
                    <resp>Archäologische Beschreibung und geografische Daten</resp>
                    <persName instant="false" full="yes">
                        <forename full="yes">Astrid</forename>
                        <surname full="yes">Schmölzer</surname>
                    </persName>
                </respStmt>
                <funder ref="https://www.fwf.ac.at">Austrian Science Fund (FWF): P
                  29274-G25</funder>
            </titleStmt>
            <publicationStmt>
                <publisher>
                    <link target="https://antike.uni-graz.at"/>
                    <orgName ref="https://d-nb.info/gnd/1213531357" instant="false" full="yes">Institut für Antike, Fachbereich
                    Alte Geschichte und Epigraphik, Karl-Franzens-Universität Graz</orgName>
                </publisher>
                <authority>
                    <link target="https://informationsmodellierung.uni-graz.at"/>
                    <orgName ref="http://d-nb.info/gnd/1137284463" instant="false" full="yes">Zentrum für
                    Informationsmodellierung - Austrian Centre for Digital Humanities,
                    Karl-Franzens-Universität Graz</orgName>
                </authority>
                <distributor>
                    <link target="https://gams.uni-graz.at"/>
                    <orgName instant="false" full="yes">GAMS - Geisteswissenschaftliches Asset Management System</orgName>
                </distributor>
                <date when="2022" instant="false">2022</date>
                <pubPlace>Graz</pubPlace>
                <idno type="PID">o:fercan.284</idno>
                <availability default="false">
                    <licence target="https://creativecommons.org/licenses/by-nc/4.0">Creative Commons
                    BY-NC 4.0</licence>
                </availability>
            </publicationStmt>
            <seriesStmt>
                <title ref="https://gams.uni-graz.at/fercan">FERCAN: Fontes Epigraphici Religionum
                  Celticarum Antiquarum</title>
                <respStmt>
                    <resp>Projektleitung</resp>
                    <persName instant="false" full="yes">
                        <forename full="yes">Wolfgang</forename>
                        <surname full="yes">Spickermann</surname>
                    </persName>
                </respStmt>
            </seriesStmt>
            <sourceDesc default="false">
                <msDesc status="draft">
                    <msIdentifier>
                        <settlement>Bonn</settlement>
                        <repository>Rheinisches Landesmuseum</repository>
                        <idno>43140</idno>
                    </msIdentifier>
                    <msContents>
                        <summary>Weihinschrift</summary>
                    </msContents>
                    <physDesc>
                        <objectDesc>
                            <supportDesc>
                                <support>
                                    <p part="N">Der Weihealtar besitzt einen einfachen Sockel und Aufsatzschmuck auf einer einfachrechteckigen Platte, die auf den Altarkörper anschließt. Gesims und Sockel sind rundumlaufend. Der Aufsatzschmuck mit dem mittigen Giebel und den Pulvini weist als Bekrönung noch eine rechteckiger Opferplatte auf (Neuffer 1948, 399f.), auf der noch die Reste von zwei nicht näher bestimmbaren Früchten zu erkennen sind.</p>
                                    <material>
                                        <ref type="context" target="context:fercan.material.sandstein" ana="https://gams.uni-graz.at/o:fercan.arch#C.120220">Sandstein</ref>
                                    </material>
                                    <objectType>Weihealtar</objectType>
                                    <dimensions>
                                        <height unit="cm">60,5</height>
                                        <width unit="cm">35,5</width>
                                        <depth unit="cm">20,0</depth>
                                    </dimensions>
                                </support>
                                <condition>
                                    <ref type="context" target="context:fercan.condition-o.vollstaendig" ana="https://gams.uni-graz.at/o:fercan.arch#C.130400">vollständig</ref>
                                </condition>
                            </supportDesc>
                            <layoutDesc>
                                <layout>
                                    <p part="N">Der Text füllt das Inschriftenfeld nicht zur Gänze aus (unter dem Text bleibt ein kleiner Freiraum). Er ist vollständig erhalten.<lb/>Ligaturen: s. Majuskeltext. Besondere Zeichen: In Z.1 eine Unterschneidung von T und V; in Z.2 2x das Zeichen für den velaren Reibelaut sowie eine Ligatur von N und I mit erhöhter rechter senkrechter Haste (H: 5,5 cm); in Z.3 eine Ligatur von I und N mit erhöhter linker senkrechter Haste (H: 5,5 cm)</p>
                                    <tei:note xmlns:tei="http://www.tei-c.org/ns/1.0" type="condition" anchored="true">vollständig</tei:note>
                                </layout>
                            </layoutDesc>
                        </objectDesc>
                        <handDesc>
                            <handNote>
                                <desc type="execution">gemeißelt</desc>
                                <height unit="cm" atLeast="4.4" atMost="4.5">4,4–4,5 cm</height>
                            </handNote>
                        </handDesc>
                        <decoDesc>
                            <decoNote>
                                <p part="N">Der mittige Giebel ist mit einer blütenförmigen Rosette verziert – das Dekor der Pulvini, die teilweise bestoßen sind, kann nicht mehr nachvollzogen werden, es dürfte jedoch pflanzlicher Natur gewesen sein. Die Seiten der Pulvini sind mit geschupptem Blattdekor versehen. <lb/>
Auf der linken wie rechten Schmalseite befindet sich ein einfach gehaltener Baum in Relief. Der gerade Stamm weist in der Mitte eine Ausbuchtung auf. Die Krone des Baumes wird durch vier paarweise gegliederte runde Blätter mit kleiner Spitze und einem abschließenden runden Blatt mit kleiner Spitze gebildet. Zwischen den angrenzenden Blättern sind runde Früchte zu erkennen, daher dürfte es sich um einen Lorbeerbaum handeln. Die Darstellung rechts weißt eine Beschädigung entlang der rechten Kante auf.</p>
                                <term ana="https://gams.uni-graz.at/o:fercan.arch#C.150800">
                                    <ref type="context" target="context:fercan.arch.aufsatzschmuck">Aufsatzschmuck</ref>
                                </term>
                                <term ana="https://gams.uni-graz.at/o:fercan.arch#C.253200">
                                    <ref type="context" target="context:fercan.arch.baum">Baum</ref>
                                </term>
                                <term ana="https://gams.uni-graz.at/o:fercan.arch#C.210000">
                                    <ref type="context" target="context:fercan.arch.frucht">Frucht</ref>
                                </term>
                                <term ana="https://gams.uni-graz.at/o:fercan.arch#C.253210">
                                    <ref type="context" target="context:fercan.arch.laubbaum">Laubbaum</ref>
                                </term>
                                <term ana="https://gams.uni-graz.at/o:fercan.arch#C.160100">
                                    <ref type="context" target="context:fercan.arch.lineardekor">Lineardekor</ref>
                                </term>
                                <term ana="https://gams.uni-graz.at/o:fercan.arch#C.253211">
                                    <ref type="context" target="context:fercan.arch.lorbeer">Lorbeer</ref>
                                </term>
                                <term ana="https://gams.uni-graz.at/o:fercan.arch#C.151000 https://gams.uni-graz.at/o:fercan.arch#C.252810">
                                    <ref type="context" target="context:fercan.arch.opferschale">Opferschale</ref>
                                </term>
                                <term ana="https://gams.uni-graz.at/o:fercan.arch#C.160000">
                                    <ref type="context" target="context:fercan.arch.reliefdekor">Reliefdekor</ref>
                                </term>
                                <term ana="https://gams.uni-graz.at/o:fercan.arch#C.150400">
                                    <ref type="context" target="context:fercan.arch.reliefschmuck">Reliefschmuck</ref>
                                </term>
                                <term ana="https://gams.uni-graz.at/o:fercan.arch#C.253060">
                                    <ref type="context" target="context:fercan.arch.rosette">Rosette</ref>
                                </term>
                            </decoNote>
                        </decoDesc>
                    </physDesc>
                    <history>
                        <origin instant="false">
                            <origPlace instant="false">
                                <region>CCAA</region>
                            </origPlace>
                            <origDate instant="false"/>
                        </origin>
                        <provenance type="found" when="1943">
                            <placeName instant="false" full="yes">
                                <ref type="context" target="context:fercan.geog.modern.morken_harff">Morken-Harff</ref>
                            </placeName>
                            <p part="N">ca. 350 m nordwestlich vom alten Kirchturm Morken</p>
                            <tei:location xmlns:tei="http://www.tei-c.org/ns/1.0" instant="false">
                                <geo decls="#WGS">51.062814 6.476863</geo>
                            </tei:location>
                            <tei:note xmlns:tei="http://www.tei-c.org/ns/1.0" anchored="true">gemeinsam mit vier anderen Altären (CF-GeI-317–320) bei der Erweiterung des Braunkohletagbaus; sekundäre Verwendung als Baumaterial </tei:note>
                        </provenance>
                        <provenance type="observed" subtype="autopsied">vidimus (CIL XIII Projekt)</provenance>
                    </history>
                </msDesc>
                <listPlace default="false">
                    <place instant="false"/>
                </listPlace>
                <listPerson default="false">
                    <person instant="false">
                        <persName type="gentilnomen" instant="false" full="yes">
                            <ref type="context" target="context:fercan.person.gentilnomen.ianuarinus">Ianuarinus</ref>
                        </persName>
                    </person>
                    <person instant="false">
                        <persName type="cognomen" instant="false" full="yes">
                            <ref type="context" target="context:fercan.person.cognomen.similis">Similis</ref>
                        </persName>
                    </person>
                    <person instant="false">
                        <persName type="divine" subtype="celtic_normalized" instant="false" full="yes">
                            <ref type="context" target="context:fercan.dcn.vatviae_berchliachenae">Vatviae Berchliachenae</ref>
                        </persName>
                    </person>
                    <person instant="false">
                        <persName type="divine" subtype="celtic_diplomatic" instant="false" full="yes">
                            <ref type="context" target="context:fercan.dcd.vatviae_berchliachenae.vatviabus_berchliachen">Vatviabus Berchliachenis</ref>
                        </persName>
                    </person>
                    <person instant="false">
                        <persName type="divine" subtype="celtic_normalized" instant="false" full="yes">
                            <ref type="context" target="context:fercan.dcn.vatviae">Vatviae</ref>
                        </persName>
                    </person>
                    <person instant="false">
                        <persName type="divine" subtype="celtic_diplomatic" instant="false" full="yes">
                            <ref type="context" target="context:fercan.dcd.vatviae.vatviabus">Vatviabus</ref>
                        </persName>
                    </person>
                    <person instant="false">
                        <persName type="divine" subtype="celtic_normalized" instant="false" full="yes">
                            <ref type="context" target="context:fercan.dcn.berchliachenae">Berchliachenae</ref>
                        </persName>
                    </person>
                    <person instant="false">
                        <persName type="divine" subtype="celtic_diplomatic" instant="false" full="yes">
                            <ref type="context" target="context:fercan.dcd.berchliachenae.berchliachenis">Berchliachenis</ref>
                        </persName>
                    </person>
                    <person instant="false">
                        <persName type="divine" subtype="celtic_element" instant="false" full="yes">
                            <ref type="context" target="context:fercan.dce.vatviae">Vatviae</ref>
                        </persName>
                    </person>
                    <person instant="false">
                        <persName type="divine" subtype="celtic_element" instant="false" full="yes">
                            <ref type="context" target="context:fercan.dce.berchliachenae">Berchliachenae</ref>
                        </persName>
                    </person>
                </listPerson>
                <listOrg default="false">
                    <org instant="false"/>
                </listOrg>
            </sourceDesc>
        </fileDesc>
        <encodingDesc>
            <geoDecl xml:id="WGS" datum="WGS84" default="false">World Geodetic System</geoDecl>
            <editorialDecl default="false">
                <p part="N">Digitale Repräsentation konform mit EpiDoc: http://epidoc.sourceforge.net</p>
                <p part="N">Majuskel und Minuskel ausgeführt nach Leidener Klammersystem, Majuskel bildet
                  Inschrift originalgetreu ab, Minuskel enthält editorische Hinzufügungen</p>
            </editorialDecl>
            <projectDesc default="false">
                <p part="N">Die keltischen Götternamen in den Inschriften der römischen Provinz Germania
                  Inferior. Eine Fallstudie zu Religion im Kontext von Kulturkontakt und
                  Kulturtransfer (FWF – Projekt P 29274-G25 )</p>
                <p part="N">Das Forschungsprojekt beabsichtigt, sämtliche keltischen Götternamen, die sich in
                  lateinischen Inschriften der römischen Provinz Germania Inferior erhaltenen haben,
                  zusammenzustellen und auszuwerten. Die gewählte Quellengrundlage erscheint
                  besonders geeignet Erscheinungsformen zu untersuchen, welche auf religiöser Ebene
                  durch das Zusammentreffen von verschiedenen kulturellen Einflüssen entstanden
                  sind. Diese sind hier einerseits definiert durch die Verwendung der keltischen
                  Sprache, andererseits durch die lateinische Sprache und durch Formen aus dem
                  Inneren des Imperium Romanum, die man mit dem Etikett „römisch“ versehen kann. Das
                  Interesse gilt dabei nicht nur religiösen, sondern auch damit verbundenen
                  gesellschaftlichen Aspekten und den entsprechenden Mentalitäten. Doch soll damit
                  auch zu einem verbesserten Gesamtbild der Provinzialreligion in Niedergermanien
                  beigetragen werden.<lb/> Die Abschlusspublikation wird ergänzt um einen
                  ausführlichen sprachwissenschaftlichen Kommentar (von Patrizia de Bernardo
                  Stempel) in der Reihe ‚Corpus - F.E.R.C.AN. (Fontes epigraphici religionum
                  Celticarum antiquarum)‘ erscheinen. </p>
            </projectDesc>
        </encodingDesc>
        <profileDesc>
            <langUsage default="false">
                <language ident="la">Latein</language>
            </langUsage>
            <textClass default="false">
                <keywords>
                    <list>
                        <item>
                            <ref type="context" target="context:fercan.dedication.pro_se_et_suis">pro se et suis</ref>
                        </item>
                        <item>
                            <ref type="context" target="context:fercan.dedication.libens_merito">libens merito</ref>
                        </item>
                        <item>
                            <ref type="context" target="context:fercan.character.sonderzeichen_fuer_velaren_reibelaut">Sonderzeichen für velaren Reibelaut </ref>
                        </item>
                        <item/> <!-- Belegform gesamt  --> <item> <ref target="context:fercan.divinepart." type="context"> </ref> </item></list></keywords>
            </textClass>
        </profileDesc>
        <revisionDesc status="draft">
            <change when="2019" n="1" corresp="https://gams.uni-graz.at/o:fercan.284/TEI_SOURCE.2020-02-26" status="draft">Initial Version</change>
            <change when="2020" n="2" corresp="https://gams.uni-graz.at/o:fercan.284/TEI_SOURCE.2022-03-07" status="draft">Version 2</change>
            <change when="2022" n="3" status="draft">Version 3</change>
        </revisionDesc>
    </teiHeader>
    <facsimile>
        <graphic mimeType="image/jpeg" xml:id="IMAGE.1" url="file:///0284_Front.jpg">
            <desc>Front, CIL XIII Projekt, CC BY-NC</desc>
        </graphic>
        <graphic mimeType="image/jpeg" xml:id="IMAGE.2" url="file:///0284_li.jpg">
            <desc>links, CIL XIII Projekt, CC BY-NC</desc>
        </graphic>
        <graphic mimeType="image/jpeg" xml:id="IMAGE.3" url="file:///0284_re.jpg">
            <desc>rechts, CIL XIII Projekt, CC BY-NC</desc>
        </graphic>
    </facsimile>
    <text>
        <body>
            <ab part="N">
                <ref target="context:fercan" type="context">FERCAN</ref>
            </ab>
            <div subtype="editions" type="bibliography" org="uniform" part="N" sample="complete">
                <listBibl default="false">
                    <bibl xml:id="LIT.1" default="false" status="draft">Neuffer 1948, 399f.</bibl>
                    <bibl xml:id="LIT.2" default="false" status="draft">Nesselhauf/Lieb 1959, Nr.236</bibl>
                
            <bibl xml:id="3">Scheungraber 2020, 585 Nr.5; 189</bibl>
        </listBibl>
            </div>
            <div subtype="concordances" type="bibliography" org="uniform" part="N" sample="complete">
                <listBibl>
                    <bibl type="EDCS">
                        <idno>EDCS-10900441</idno>
                        <date>zuletzt aufgerufen am 24. Februar 2020</date>
                    </bibl>
                    <bibl type="trismegistos">
                        <idno>www.trismegistos.org/text/419707</idno>
                        <date>zuletzt aufgerufen am 26. Juli 2021</date>
                    </bibl>
                </listBibl>
            </div>
            <div type="edition" subtype="diplomatic" xml:id="majuscule" xml:lang="la" xml:space="preserve" org="uniform" part="N" sample="complete"><ab part="N"><orig><lb n="1"/>VA<hi rend="ligature">TV</hi>IABVS <lb n="2"/>
BER˧LIA˧E<hi rend="ligature">NI</hi>S <lb n="3"/> 
T · IANVAR<hi rend="ligature">IN</hi>VS <lb n="4"/> 
SIMILIS <lb n="5"/>
PRO · SE · <hi rend="ligature">ET</hi> · SVIS <lb n="6"/>
L · M</orig></ab></div>
            <div type="edition" xml:lang="la" xml:id="minuscule" subtype="normalised" xml:space="preserve" org="uniform" part="N" sample="complete"><ab part="N"><lb n="1"/>Vatviabus<lb n="2"/>Berchliachenis<lb n="3"/><expan instant="false"><abbr>T</abbr><ex instant="false">itus</ex></expan> Ianuarinus<lb n="4"/>Similis<lb n="5"/>pro se et suis<lb n="6"/><expan instant="false"><abbr>l</abbr><ex instant="false">ibens</ex></expan> <expan instant="false"><abbr>m</abbr><ex instant="false">erito</ex></expan></ab></div>
            <div type="translation" xml:lang="de" org="uniform" part="N" sample="complete">
                <p part="N">Für die  <rs type="divine">Vatviae Berchliachenae!</rs> <lb/> 
Titus Ianuarinus Similis für sich und die Seinen gerne und verdientermaßen.</p>
            </div>
            <div type="translation" xml:lang="en" org="uniform" part="N" sample="complete">
                <p part="N">To the  <rs type="divine">Vatviae Berchliachenae!</rs> <lb/> 
Titus Ianuarinus Similis for himself and his family willingly and deservedly.</p>
            </div>
            <div type="apparatus" org="uniform" part="N" sample="complete">
                <app loc="#MIN.1 #MAJ.1">
                    <tei:note xmlns:tei="http://www.tei-c.org/ns/1.0" anchored="true">ohne Ligatur – Neuffer, Nesselhauf-Lieb</tei:note>
                </app>
                <app loc="#MIN.2 #MAJ.2">
                    <tei:note xmlns:tei="http://www.tei-c.org/ns/1.0" anchored="true">Berhliahenis – Neuffer, Nesselhauf-Lieb, Scheungraber; ohne Ligatur – Nesselhauf-Lieb, Scheungraber</tei:note>
                </app>
                <app loc="#MIN.3 #MAJ.3">
                    <tei:note xmlns:tei="http://www.tei-c.org/ns/1.0" anchored="true">Ianuarîn̂ius – Neuffer; Ianuarinius, ohne Ligatur – Nesselhauf-Lieb, Scheungraber</tei:note>
                </app>
                <app loc="#MIN.5 #MAJ.5">
                    <tei:note xmlns:tei="http://www.tei-c.org/ns/1.0" anchored="true">ohne Ligatur – Nesselhauf-Lieb</tei:note>
                </app>
            </div>
            <div type="commentary" subtype="general" org="uniform" part="N" sample="complete">
                <p part="N">Titus Ianuarinus Similis: tria nomina <lb/>
Ianuarinus: könnte eine Verschreibung sein von Ianuarinius: einheimisches Pseudogentilnomen, abgeleitet vom lateinischen Cognomen Ianuarius (Kakoschke 2006, GN 586) <lb/>
Similis: lateinisches Cognomen, tritt besonders in der Germania Inferior auf, vor allem im Gebiet der CCAA (Kakoschke 2008, CN 2868)</p>
            </div>
            <div type="commentary" subtype="language" org="uniform" part="N" sample="complete">
                <p part="N">v.1: „Vatviabus” pro „Vatviis”</p>
            </div>
            <div type="commentary" subtype="deity" org="uniform" part="N" sample="complete">                                                <p part="N"> <rs type="divine">Vatviae:</rs> keltisch: ‚Die [Muttergöttinnen] der Prophezeihungen’ (de Bernardo Stempel Corpus F.E.R.C.A.N. II/1 210f). </p>
                                                <p part="N">

 <rs type="divine">Berchliachenae:</rs> Variante von  <rs type="divine">Berguiahenae:</rs> <font face="Arial, serif">keltisch erklärbar: </font>‚<font face="Arial, serif">bei
</font>
                                                    <font face="Arial, serif">
                                                        Bergusia
                                                    </font>
                                                    <font face="Arial, serif">
Geborene [Muttergöttinnen]’ </font>
                    <span lang="de-DE">(de Bernardo
Stempel Corpus F.E.R.C.A.N. II/1 252-254</span>).  </p>
                                                <p part="N">

Vorkommen in theonymischen Formularen: </p>
                                                <p part="N">
 <rs type="divine">Vatviae Berchliachenae</rs>: <lb/> 
- Germania Inferior: Hierfür kann lediglich die hier vorgelegte Inschrift als Beleg gelten. Ähnlich wie bei den  <rs type="divine">Matronae Vatviae Nersihenae</rs> (CF-GeI-311) oder den  <rs type="divine">Vacallinehae Leudinae</rs> (CF-GeI-240) könnte es sich dabei um die Beigabe eines von einer Örtlichkeit hergeleiteten Beinamens handeln (Nesselhauf-Lieb 1959, zu Nr.236), doch könnten darunter auch zwei eigenständige Götternamen –  <rs type="divine">Vatviae</rs> und  <rs type="divine">Berchliachenae</rs> – zu verstehen sein. <lb/> 
- außerhalb der Germania Inferior: - </p>
                                                <p part="N">

 <rs type="divine">Vatviae</rs>: <lb/>
- Germania Inferior: Dafür kann nur auf CF-GeI-310 verwiesen werden, doch ist zumindest in Erwägung zu ziehen, dass dort ein vorausgehendes „Matronis“ abgebrochen ist. <lb/> 
- außerhalb der Germania Inferior: - </p>
                                                <p part="N">

 <rs type="divine">Matronae Vatviae</rs>: <lb/>
- Germania Inferior: Das theonymische Formular stellt die zumeist belegte Form dar. <lb/> 
- außerhalb der Germania Inferior: - </p>
                                                <p part="N">

 <rs type="divine">Matronae Vatviae Nersihenae</rs>: <lb/>
- Germania Inferior: Das theonymische Formular ist lediglich in CF-GeI-311 belegt.  <rs type="divine">Nersiahenae</rs> wurde auf den Flussnamen Niers zurückgeführt (Neumann 1987, 110; Derks 1998, 123). <lb/> 
- außerhalb der Germania Inferior: - </p>
                                                <p part="N">

 <rs type="divine">Berguiahenae</rs>: <lb/>
- Germania Inferior: nur 1x eindeutig belegt (CF-GeI-14). Auch in der hier vorgelegten Inschrift könnte  <rs type="divine">Berchliachenae</rs> als eigenständiger Götternamen zu verstehen sein, der gemeinsam mit den  <rs type="divine">Vatviae</rs> genannt wird. <lb/> 
- außerhalb der Germania Inferior: -  </p>
                                                <p part="N">

 <rs type="divine">Matronae Berguiahenae</rs>: <lb/>
- Germania Inferior: 2x belegt (CF-GeI-19 und CF-GeI-20)  <lb/>
- außerhalb der Germania Inferior: - </p>
            </div>
            <linkGrp type="alignment" domains="#majuscule #minuscule">
                <link target="#MAJ.1 #MIN.1"/>
                <link target="#MAJ.2 #MIN.2"/>
                <link target="#MAJ.3 #MIN.3"/>
                <link target="#MAJ.4 #MIN.4"/>
                <link target="#MAJ.5 #MIN.5"/>
                <link target="#MAJ.6 #MIN.6"/>
            </linkGrp>
        </body>
        <back>
            <tei:note xmlns:tei="http://www.tei-c.org/ns/1.0" type="Objbeschr_note" anchored="true"/>
            <tei:note xmlns:tei="http://www.tei-c.org/ns/1.0" type="ArchKlass_note" anchored="true"/>
            <tei:note xmlns:tei="http://www.tei-c.org/ns/1.0" type="Material_note" anchored="true"/>
            <tei:note xmlns:tei="http://www.tei-c.org/ns/1.0" type="Inschrifttraeger_note" anchored="true"/>
            <tei:note xmlns:tei="http://www.tei-c.org/ns/1.0" type="VerwahrortOrt_note" anchored="true"/>
            <tei:note xmlns:tei="http://www.tei-c.org/ns/1.0" type="InvNr_note" anchored="true"/>
            <tei:note xmlns:tei="http://www.tei-c.org/ns/1.0" type="Fundstelle_note" anchored="true"/>
            <tei:note xmlns:tei="http://www.tei-c.org/ns/1.0" type="Fundumst_note" anchored="true"/>
            <tei:note xmlns:tei="http://www.tei-c.org/ns/1.0" type="Fundjahr_note" anchored="true"/>
            <tei:note xmlns:tei="http://www.tei-c.org/ns/1.0" type="FOantik_note" anchored="true"/>
            <tei:note xmlns:tei="http://www.tei-c.org/ns/1.0" type="FOmodern_note" anchored="true"/>
            <tei:note xmlns:tei="http://www.tei-c.org/ns/1.0" type="civitas_note" anchored="true"/>
            <tei:note xmlns:tei="http://www.tei-c.org/ns/1.0" type="Autopsie_note" anchored="true"/>
            <tei:note xmlns:tei="http://www.tei-c.org/ns/1.0" type="Appcrit_note" anchored="true"/>
            <tei:note xmlns:tei="http://www.tei-c.org/ns/1.0" type="Abb_note" anchored="true"/>
            <tei:note xmlns:tei="http://www.tei-c.org/ns/1.0" type="englUEbers_note" anchored="true"/>
            <tei:note xmlns:tei="http://www.tei-c.org/ns/1.0" type="dtUEbers_note" anchored="true"/>
            <tei:note xmlns:tei="http://www.tei-c.org/ns/1.0" type="Editionen_note" anchored="true"/>
            <tei:note xmlns:tei="http://www.tei-c.org/ns/1.0" type="ErhzustObj_note" anchored="true"/>
            <tei:note xmlns:tei="http://www.tei-c.org/ns/1.0" type="Masse_note" anchored="true"/>
            <tei:note xmlns:tei="http://www.tei-c.org/ns/1.0" type="Ikonogr_note" anchored="true"/>
            <tei:note xmlns:tei="http://www.tei-c.org/ns/1.0" type="Inschrtext_note" anchored="true"/>
            <tei:note xmlns:tei="http://www.tei-c.org/ns/1.0" type="ErhzustInschr_note" anchored="true"/>
            <tei:note xmlns:tei="http://www.tei-c.org/ns/1.0" type="Schrifttechnik_note" anchored="true"/>
            <tei:note xmlns:tei="http://www.tei-c.org/ns/1.0" type="Buchsthoehe_note" anchored="true"/>
            <tei:note xmlns:tei="http://www.tei-c.org/ns/1.0" type="Notvar_note" anchored="true"/>
            <tei:note xmlns:tei="http://www.tei-c.org/ns/1.0" type="SonstKomm_note" anchored="true"/>
            <tei:note xmlns:tei="http://www.tei-c.org/ns/1.0" type="Datierung_note" anchored="true"/>
            <tei:note xmlns:tei="http://www.tei-c.org/ns/1.0" type="KommGoettern_note" anchored="true">                                                    <p part="N">Für Alte Version (13.04.23) von Berguiahenae siehe CF-GeI-14</p>
                <p part="N">Alte Version (25.04.23):</p>
                <p part="N">Vatviae: keltisch, ,die der Prophezeiungen‘ 
(Delamarre 2007, 191, 235); anders: germanisch, in Zusammenhang gebracht
 mit dem Wortfeld für ,Wasser‘ (Gutenbrunner 1936, 164f.) </p>
            </tei:note>
        </back>
    </text>
</TEI>