<?xml-model href="https://gams.uni-graz.at/context:fercan/SCHEMA_EPIDOC_9.1" type="application/xml" schematypens="http://relaxng.org/ns/structure/1.0"?><TEI xmlns="http://www.tei-c.org/ns/1.0" xmlns:xsi="http://www.w3.org/2001/XMLSchema-instance" xml:id="inferior269">
    <teiHeader>
        <fileDesc>
            <titleStmt>
                <title type="full">
                    <title type="main">Matronae Gavadiae?</title>
                    <title type="sub">CF-GeI-269</title>
                </title>
                <respStmt>
                    <resp>Inschriftenedition</resp>
                    <persName instant="false" full="yes">
                        <forename full="yes">Werner</forename>
                        <surname full="yes">Petermandl</surname>
                    </persName>
                </respStmt>
                <respStmt>
                    <resp>Archäologische Beschreibung und geografische Daten</resp>
                    <persName instant="false" full="yes">
                        <forename full="yes">Astrid</forename>
                        <surname full="yes">Schmölzer</surname>
                    </persName>
                </respStmt>
                <funder ref="https://www.fwf.ac.at">Austrian Science Fund (FWF): P
                  29274-G25</funder>
            </titleStmt>
            <publicationStmt>
                <publisher>
                    <link target="https://antike.uni-graz.at"/>
                    <orgName ref="https://d-nb.info/gnd/1213531357" instant="false" full="yes">Institut für Antike, Fachbereich
                    Alte Geschichte und Epigraphik, Karl-Franzens-Universität Graz</orgName>
                </publisher>
                <authority>
                    <link target="https://informationsmodellierung.uni-graz.at"/>
                    <orgName ref="http://d-nb.info/gnd/1137284463" instant="false" full="yes">Zentrum für
                    Informationsmodellierung - Austrian Centre for Digital Humanities,
                    Karl-Franzens-Universität Graz</orgName>
                </authority>
                <distributor>
                    <link target="https://gams.uni-graz.at"/>
                    <orgName instant="false" full="yes">GAMS - Geisteswissenschaftliches Asset Management System</orgName>
                </distributor>
                <date when="2022" instant="false">2022</date>
                <pubPlace>Graz</pubPlace>
                <idno type="PID">o:fercan.269</idno>
                <availability default="false">
                    <licence target="https://creativecommons.org/licenses/by-nc/4.0">Creative Commons
                    BY-NC 4.0</licence>
                </availability>
            </publicationStmt>
            <seriesStmt>
                <title ref="https://gams.uni-graz.at/fercan">FERCAN: Fontes Epigraphici Religionum
                  Celticarum Antiquarum</title>
                <respStmt>
                    <resp>Projektleitung</resp>
                    <persName instant="false" full="yes">
                        <forename full="yes">Wolfgang</forename>
                        <surname full="yes">Spickermann</surname>
                    </persName>
                </respStmt>
            </seriesStmt>
            <sourceDesc default="false">
                <msDesc status="draft">
                    <msIdentifier>
                        <settlement>Mannheim</settlement>
                        <repository>Reiss-Engelhorn-Museum</repository>
                    </msIdentifier>
                    <msContents>
                        <summary>Weihinschrift</summary>
                    </msContents>
                    <physDesc>
                        <objectDesc>
                            <supportDesc>
                                <support>
                                    <p part="N">Es handelt sich um das rechte obere Fragment eines Weihealtars. Über der Inschrift sind Reste des Aufsatzschmuckes erhalten geblieben. Eine weitere Beschreibung ist aufgrund des Erhaltungszustandes nicht möglich.</p>
                                    <material>
                                        <ref type="context" target="context:fercan.material.sandstein" ana="https://gams.uni-graz.at/o:fercan.arch#C.120220">Sandstein</ref>
                                    </material>
                                    <objectType>Weihealtar</objectType>
                                    <dimensions>
                                        <height unit="cm">37,0</height>
                                        <width unit="cm">23,0</width>
                                        <depth unit="cm">13,0</depth>
                                    </dimensions>
                                </support>
                                <condition>
                                    <ref type="context" target="context:fercan.condition-o.groeszeres_fragment" ana="https://gams.uni-graz.at/o:fercan.arch#C.130310">größeres Fragment</ref>
                                </condition>
                            </supportDesc>
                            <layoutDesc>
                                <layout>
                                    <p part="N">Erhalten ist der rechte obere Teil des Textes. Auf der linken Seite hat CIL noch einige Buchstaben mehr gelesen, die durch Kriegseinwirkung 1939–1945 verloren gegangen sind.<lb/>Ligatur: s. Majuskeltext</p>
                                    <tei:note xmlns:tei="http://www.tei-c.org/ns/1.0" type="condition" anchored="true">größeres Fragment</tei:note>
                                </layout>
                            </layoutDesc>
                        </objectDesc>
                        <handDesc>
                            <handNote>
                                <desc type="execution">gemeißelt</desc>
                            </handNote>
                        </handDesc>
                        <decoDesc>
                            <decoNote>
                                <p part="N">Laut Espérandieu (1922, 286) befindet sich auf der erhaltenen rechten Schmalseite der Rest eines Füllhorns, das mit Früchten gefüllt und (nach Haug 1877, 29) auch mit Blumen verziert ist, was so nicht verifiziert werden konnte. Am Rand des Füllhorns sind Blätter erkennbar, sowie eine herabhängende Kornähre. Als Füllung sind ein Apfel und eine Birne auszumachen. </p>
                                <term ana="https://gams.uni-graz.at/o:fercan.arch#C.210100">
                                    <ref type="context" target="context:fercan.arch.apfel">Apfel</ref>
                                </term>
                                <term ana="https://gams.uni-graz.at/o:fercan.arch#C.150800">
                                    <ref type="context" target="context:fercan.arch.aufsatzschmuck">Aufsatzschmuck</ref>
                                </term>
                                <term ana="https://gams.uni-graz.at/o:fercan.arch#C.210200">
                                    <ref type="context" target="context:fercan.arch.birne">Birne</ref>
                                </term>
                                <term ana="https://gams.uni-graz.at/o:fercan.arch#C.130300">
                                    <ref type="context" target="context:fercan.arch.fragment">Fragment</ref>
                                </term>
                                <term ana="https://gams.uni-graz.at/o:fercan.arch#C.210000">
                                    <ref type="context" target="context:fercan.arch.frucht">Frucht</ref>
                                </term>
                                <term ana="https://gams.uni-graz.at/o:fercan.arch#C.251500">
                                    <ref type="context" target="context:fercan.arch.fuellhorn">Füllhorn</ref>
                                </term>
                                <term ana="https://gams.uni-graz.at/o:fercan.arch#C.210800">
                                    <ref type="context" target="context:fercan.arch.kornaehre">Kornähre</ref>
                                </term>
                                <term ana="https://gams.uni-graz.at/o:fercan.arch#C.150400">
                                    <ref type="context" target="context:fercan.arch.reliefschmuck">Reliefschmuck</ref>
                                </term>
                            </decoNote>
                        </decoDesc>
                    </physDesc>
                    <history>
                        <origin instant="false">
                            <origPlace instant="false">
                                <placeName ref="https://pleiades.stoa.org/places/109068" instant="false" full="yes">Iuliacum</placeName>
                                <region>CCAA</region>
                            </origPlace>
                            <origDate instant="false"/>
                        </origin>
                        <provenance type="found" when="1785">
                            <placeName instant="false" full="yes">
                                <ref type="context" target="context:fercan.geog.modern.roedingen">Rödingen</ref>
                            </placeName>
                            <p part="N">in der Flur „in der Hölle“</p>
                            <tei:location xmlns:tei="http://www.tei-c.org/ns/1.0" instant="false">
                                <geo decls="#WGS">50.955607 6.466480</geo>
                            </tei:location>
                        </provenance>
                        <provenance type="observed" subtype="autopsied">
                            <p part="N">non vidimus</p>
                            <p part="N">
                                <lb/>Lesung gründet auf: Photo</p>
                        </provenance>
                    </history>
                </msDesc>
                <listPlace default="false">
                    <place instant="false"/>
                </listPlace>
                <listPerson default="false">
                    <person instant="false">
                        <persName type="divine" subtype="celtic_normalized" instant="false" full="yes">
                            <ref type="context" target="context:fercan.dcn.matronae_gavadiae_">Matronae Gavadiae?</ref>
                        </persName>
                    </person>
                    <person instant="false">
                        <persName type="divine" subtype="celtic_diplomatic" instant="false" full="yes">
                            <ref type="context" target="context:fercan.dcd.matronae_gavadiae_._matro_nis______iabus">[Matro]nis [---]iabus</ref>
                        </persName>
                    </person>
                    <person instant="false">
                        <persName type="divine" subtype="celtic_element" instant="false" full="yes">
                            <ref type="context" target="context:fercan.dce.gavadiae_">Gavadiae?</ref>
                        </persName>
                    </person>
                </listPerson>
                <listOrg default="false">
                    <org instant="false"/>
                </listOrg>
            </sourceDesc>
        </fileDesc>
        <encodingDesc>
            <geoDecl xml:id="WGS" datum="WGS84" default="false">World Geodetic System</geoDecl>
            <editorialDecl default="false">
                <p part="N">Digitale Repräsentation konform mit EpiDoc: http://epidoc.sourceforge.net</p>
                <p part="N">Majuskel und Minuskel ausgeführt nach Leidener Klammersystem, Majuskel bildet
                  Inschrift originalgetreu ab, Minuskel enthält editorische Hinzufügungen</p>
            </editorialDecl>
            <projectDesc default="false">
                <p part="N">Die keltischen Götternamen in den Inschriften der römischen Provinz Germania
                  Inferior. Eine Fallstudie zu Religion im Kontext von Kulturkontakt und
                  Kulturtransfer (FWF – Projekt P 29274-G25 )</p>
                <p part="N">Das Forschungsprojekt beabsichtigt, sämtliche keltischen Götternamen, die sich in
                  lateinischen Inschriften der römischen Provinz Germania Inferior erhaltenen haben,
                  zusammenzustellen und auszuwerten. Die gewählte Quellengrundlage erscheint
                  besonders geeignet Erscheinungsformen zu untersuchen, welche auf religiöser Ebene
                  durch das Zusammentreffen von verschiedenen kulturellen Einflüssen entstanden
                  sind. Diese sind hier einerseits definiert durch die Verwendung der keltischen
                  Sprache, andererseits durch die lateinische Sprache und durch Formen aus dem
                  Inneren des Imperium Romanum, die man mit dem Etikett „römisch“ versehen kann. Das
                  Interesse gilt dabei nicht nur religiösen, sondern auch damit verbundenen
                  gesellschaftlichen Aspekten und den entsprechenden Mentalitäten. Doch soll damit
                  auch zu einem verbesserten Gesamtbild der Provinzialreligion in Niedergermanien
                  beigetragen werden.<lb/> Die Abschlusspublikation wird ergänzt um einen
                  ausführlichen sprachwissenschaftlichen Kommentar (von Patrizia de Bernardo
                  Stempel) in der Reihe ‚Corpus - F.E.R.C.AN. (Fontes epigraphici religionum
                  Celticarum antiquarum)‘ erscheinen. </p>
            </projectDesc>
        </encodingDesc>
        <profileDesc>
            <langUsage default="false">
                <language ident="la">Latein</language>
            </langUsage>
            <textClass default="false">
                <keywords>
                    <list>
                        <item/> <!-- Belegform gesamt  --> <item> <ref target="context:fercan.divinepart." type="context"> </ref> </item></list></keywords>
            </textClass>
        </profileDesc>
        <revisionDesc status="draft">
            <change when="2019" n="1" corresp="https://gams.uni-graz.at/o:fercan.269/TEI_SOURCE.2020-02-26" status="draft">Initial Version</change>
            <change when="2020" n="2" corresp="https://gams.uni-graz.at/o:fercan.269/TEI_SOURCE.2022-03-07" status="draft">Version 2</change>
            <change when="2022" n="3" status="draft">Version 3</change>
        </revisionDesc>
    </teiHeader>
    <facsimile>
        <graphic mimeType="image/jpeg" xml:id="IMAGE.1" url="file:///0269_Front.jpg">
            <desc>Front, CIL XIII Projekt, CC BY-NC</desc>
        </graphic>
        <graphic mimeType="image/jpeg" xml:id="IMAGE.2" url="file:///0269_re_CIL XIII 7888 Film 503_13.jpg">
            <desc>, Rechte vorbehalten</desc>
        </graphic>
    </facsimile>
    <text>
        <body>
            <ab part="N">
                <ref target="context:fercan" type="context">FERCAN</ref>
            </ab>
            <div subtype="editions" type="bibliography" org="uniform" part="N" sample="complete">
                <listBibl default="false">
                    <bibl xml:id="LIT.1" default="false" status="draft">CIL XIII 7888</bibl>
                    <bibl xml:id="LIT.2" default="false" status="draft">Espérandieu VIII 6339</bibl>
                
            <bibl xml:id="3">Scheungraber 2020, 292 Nr.2</bibl>
        </listBibl>
            </div>
            <div subtype="concordances" type="bibliography" org="uniform" part="N" sample="complete">
                <listBibl>
                    <bibl type="EDCS">
                        <idno>EDCS-11100113</idno>
                        <date>zuletzt aufgerufen am 24. Februar 2020</date>
                    </bibl>
                    <bibl type="trismegistos">
                        <idno>www.trismegistos.org/text/414951</idno>
                        <date>zuletzt aufgerufen am 26. Juli 2021</date>
                    </bibl>
                </listBibl>
            </div>
            <div type="edition" subtype="diplomatic" xml:id="majuscule" xml:lang="la" xml:space="preserve" org="uniform" part="N" sample="complete"><ab part="N"><orig><lb n="1"/><gap reason="lost" extent="unknown" unit="character" instant="false"/>NIS <lb n="2"/>
<gap reason="lost" extent="unknown" unit="character" instant="false"/><supplied reason="undefined" evidence="previouseditor" instant="false">I</supplied><hi rend="ligature">AB</hi>VS <lb n="3"/> 
<gap reason="lost" extent="unknown" unit="character" instant="false"/><supplied reason="undefined" evidence="previouseditor" instant="false">N</supplied>IVS <lb n="4"/>
<gap reason="lost" extent="unknown" unit="character" instant="false"/><supplied reason="undefined" evidence="previouseditor" instant="false">EX</supplied> PRO</orig></ab></div>
            <div type="edition" xml:lang="la" xml:id="minuscule" subtype="normalised" xml:space="preserve" org="uniform" part="N" sample="complete"><ab part="N"><lb n="1"/><supplied reason="lost" instant="false">Matro</supplied>nis<lb n="2"/><gap reason="lost" extent="unknown" unit="character" instant="false"/>iabus<lb n="3"/><gap reason="lost" extent="unknown" unit="character" instant="false"/>nius<lb n="4"/><gap reason="lost" extent="unknown" unit="character" instant="false"/>ex pro</ab></div>
            <div type="translation" xml:lang="de" org="uniform" part="N" sample="complete">
                <p part="N">Für die  <rs type="divine">Matronae …iae!</rs>  <lb/> 
…ius … für …</p>
            </div>
            <div type="translation" xml:lang="en" org="uniform" part="N" sample="complete">
                <p part="N">To the  <rs type="divine">Matronae …iae!</rs>  <lb/> 
…ius … for …</p>
            </div>
            <div type="apparatus" org="uniform" part="N" sample="complete">
                <app loc="#MIN.2 #MAJ.2">
                    <tei:note xmlns:tei="http://www.tei-c.org/ns/1.0" anchored="true">[?gavad]iabus – CIL; [Gavad]iabus oder auch [Vatvi]abus – Espérandieu. Die unterstrichenen Buchstaben sind seit dem 2. Weltkrieg verloren. [Gavad]iabus(?) – Scheungraber</tei:note>
                </app>
                <app loc="#MIN.3 #MAJ.3">
                    <tei:note xmlns:tei="http://www.tei-c.org/ns/1.0" anchored="true">[---]nius – CIL, Espérandieu. Die unterstrichenen Buchstaben sind seit dem 2. Weltkrieg verloren. [3]ius – Scheungraber</tei:note>
                </app>
                <app loc="#MIN.4 #MAJ.4">
                    <tei:note xmlns:tei="http://www.tei-c.org/ns/1.0" anchored="true">ex pro[misso ---] wobei [misso] in einer folgenden Zeile angenommen wird – CIL, Espérandieu, Scheungraber. Die unterstrichenen Buchstaben sind seit dem 2. Weltkrieg verloren</tei:note>
                </app>
            </div>
            <div type="commentary" subtype="deity" org="uniform" part="N" sample="complete">                                                <p part="N"> <rs type="divine">…iae:</rs> vermutlich Rest von  <rs type="divine">Gavadiae</rs> oder der Variante  <rs type="divine">Gavasiae:</rs> keltisch: ‚[Muttergöttinnen] der Lügen- bzw. der Falschheit[saufdeckung]’ (de Bernardo Stempel Corpus F.E.R.C.A.N. II/1 212f). </p>
                                                <p part="N">

Vorkommen in theonymischen Formularen: </p>
                                                <p part="N">
 <rs type="divine">Matronae Gavadiae:</rs>  <lb/>
- Germania Inferior: Das theonymische Formular ist 5x gesichert bezeugt. Die Ergänzung in der hier besprochenen Inschrift auf „Gavadiabus“ bzw. „Gavasiabus“ ist aufgrund anderer Belege der Gottheiten an diesem Ort möglich, doch nicht zwingend, da hier auch Dedikationen für andere Matronen gefunden wurden. <lb/> 
- außerhalb der Germania Inferior: -</p>
            </div>
            <linkGrp type="alignment" domains="#majuscule #minuscule">
                <link target="#MAJ.1 #MIN.1"/>
                <link target="#MAJ.2 #MIN.2"/>
                <link target="#MAJ.3 #MIN.3"/>
                <link target="#MAJ.4 #MIN.4"/>
            </linkGrp>
        </body>
        <back>
            <tei:note xmlns:tei="http://www.tei-c.org/ns/1.0" type="Objbeschr_note" anchored="true"/>
            <tei:note xmlns:tei="http://www.tei-c.org/ns/1.0" type="ArchKlass_note" anchored="true"/>
            <tei:note xmlns:tei="http://www.tei-c.org/ns/1.0" type="Material_note" anchored="true"/>
            <tei:note xmlns:tei="http://www.tei-c.org/ns/1.0" type="Inschrifttraeger_note" anchored="true"/>
            <tei:note xmlns:tei="http://www.tei-c.org/ns/1.0" type="VerwahrortOrt_note" anchored="true"/>
            <tei:note xmlns:tei="http://www.tei-c.org/ns/1.0" type="InvNr_note" anchored="true"/>
            <tei:note xmlns:tei="http://www.tei-c.org/ns/1.0" type="Fundstelle_note" anchored="true"/>
            <tei:note xmlns:tei="http://www.tei-c.org/ns/1.0" type="Fundumst_note" anchored="true"/>
            <tei:note xmlns:tei="http://www.tei-c.org/ns/1.0" type="Fundjahr_note" anchored="true"/>
            <tei:note xmlns:tei="http://www.tei-c.org/ns/1.0" type="FOantik_note" anchored="true"/>
            <tei:note xmlns:tei="http://www.tei-c.org/ns/1.0" type="FOmodern_note" anchored="true"/>
            <tei:note xmlns:tei="http://www.tei-c.org/ns/1.0" type="civitas_note" anchored="true"/>
            <tei:note xmlns:tei="http://www.tei-c.org/ns/1.0" type="Autopsie_note" anchored="true"/>
            <tei:note xmlns:tei="http://www.tei-c.org/ns/1.0" type="Appcrit_note" anchored="true"/>
            <tei:note xmlns:tei="http://www.tei-c.org/ns/1.0" type="Abb_note" anchored="true"/>
            <tei:note xmlns:tei="http://www.tei-c.org/ns/1.0" type="englUEbers_note" anchored="true"/>
            <tei:note xmlns:tei="http://www.tei-c.org/ns/1.0" type="dtUEbers_note" anchored="true"/>
            <tei:note xmlns:tei="http://www.tei-c.org/ns/1.0" type="Editionen_note" anchored="true"/>
            <tei:note xmlns:tei="http://www.tei-c.org/ns/1.0" type="ErhzustObj_note" anchored="true"/>
            <tei:note xmlns:tei="http://www.tei-c.org/ns/1.0" type="Masse_note" anchored="true"/>
            <tei:note xmlns:tei="http://www.tei-c.org/ns/1.0" type="Ikonogr_note" anchored="true"/>
            <tei:note xmlns:tei="http://www.tei-c.org/ns/1.0" type="Inschrtext_note" anchored="true"/>
            <tei:note xmlns:tei="http://www.tei-c.org/ns/1.0" type="ErhzustInschr_note" anchored="true"/>
            <tei:note xmlns:tei="http://www.tei-c.org/ns/1.0" type="Schrifttechnik_note" anchored="true"/>
            <tei:note xmlns:tei="http://www.tei-c.org/ns/1.0" type="Buchsthoehe_note" anchored="true"/>
            <tei:note xmlns:tei="http://www.tei-c.org/ns/1.0" type="Notvar_note" anchored="true"/>
            <tei:note xmlns:tei="http://www.tei-c.org/ns/1.0" type="SonstKomm_note" anchored="true"/>
            <tei:note xmlns:tei="http://www.tei-c.org/ns/1.0" type="Datierung_note" anchored="true"/>
            <tei:note xmlns:tei="http://www.tei-c.org/ns/1.0" type="KommGoettern_note" anchored="true">
                <p part="N">Für die Alte Version (25.04.23) siehe CF-GeI-266</p>
            </tei:note>
        </back>
    </text>
</TEI>