<?xml-model href="https://gams.uni-graz.at/context:fercan/SCHEMA_EPIDOC_9.1" type="application/xml" schematypens="http://relaxng.org/ns/structure/1.0"?><TEI xmlns="http://www.tei-c.org/ns/1.0" xmlns:xsi="http://www.w3.org/2001/XMLSchema-instance" xml:id="inferior117">
    <teiHeader>
        <fileDesc>
            <titleStmt>
                <title type="full">
                    <title type="main">Hludana</title>
                    <title type="sub">CF-GeI-117</title>
                </title>
                <respStmt>
                    <resp>Inschriftenedition</resp>
                    <persName instant="false" full="yes">
                        <forename full="yes">Werner</forename>
                        <surname full="yes">Petermandl</surname>
                    </persName>
                </respStmt>
                <respStmt>
                    <resp>Archäologische Beschreibung und geografische Daten</resp>
                    <persName instant="false" full="yes">
                        <forename full="yes">Astrid</forename>
                        <surname full="yes">Schmölzer</surname>
                    </persName>
                </respStmt>
                <funder ref="https://www.fwf.ac.at">Austrian Science Fund (FWF): P
                  29274-G25</funder>
            </titleStmt>
            <publicationStmt>
                <publisher>
                    <link target="https://antike.uni-graz.at"/>
                    <orgName ref="https://d-nb.info/gnd/1213531357" instant="false" full="yes">Institut für Antike, Fachbereich
                    Alte Geschichte und Epigraphik, Karl-Franzens-Universität Graz</orgName>
                </publisher>
                <authority>
                    <link target="https://informationsmodellierung.uni-graz.at"/>
                    <orgName ref="http://d-nb.info/gnd/1137284463" instant="false" full="yes">Zentrum für
                    Informationsmodellierung - Austrian Centre for Digital Humanities,
                    Karl-Franzens-Universität Graz</orgName>
                </authority>
                <distributor>
                    <link target="https://gams.uni-graz.at"/>
                    <orgName instant="false" full="yes">GAMS - Geisteswissenschaftliches Asset Management System</orgName>
                </distributor>
                <date when="2022" instant="false">2022</date>
                <pubPlace>Graz</pubPlace>
                <idno type="PID">o:fercan.117</idno>
                <availability default="false">
                    <licence target="https://creativecommons.org/licenses/by-nc/4.0">Creative Commons
                    BY-NC 4.0</licence>
                </availability>
            </publicationStmt>
            <seriesStmt>
                <title ref="https://gams.uni-graz.at/fercan">FERCAN: Fontes Epigraphici Religionum
                  Celticarum Antiquarum</title>
                <respStmt>
                    <resp>Projektleitung</resp>
                    <persName instant="false" full="yes">
                        <forename full="yes">Wolfgang</forename>
                        <surname full="yes">Spickermann</surname>
                    </persName>
                </respStmt>
            </seriesStmt>
            <sourceDesc default="false">
                <msDesc status="draft">
                    <msIdentifier>
                        <settlement>Utrecht</settlement>
                        <repository>Centraal Museum; Dauerleihgabe an Nijmegen, Museum Het Valkhof</repository>
                    </msIdentifier>
                    <msContents>
                        <summary>Weihinschrift</summary>
                    </msContents>
                    <physDesc>
                        <objectDesc>
                            <supportDesc>
                                <support>
                                    <p part="N">Der Weihealtar weist eine verwaschene Oberfläche auf. Die Ecken sind allesamt bestoßen und abgerundet. Der Sockel setzt sich sichtbar vom Inschriftenfeld ab. Der Aufsatz ist durch ein vorspringendes Sims vom Inschriftenblock getrennt, doch ist die Gestaltung aufgrund der schlechten Erhaltung nicht mehr klar zu erkennen.</p>
                                    <material>
                                        <ref type="context" target="context:fercan.material.kalkstein" ana="https://gams.uni-graz.at/o:fercan.arch#C.120210">Kalkstein</ref>
                                    </material>
                                    <objectType>Weihealtar</objectType>
                                </support>
                                <condition>
                                    <ref type="context" target="context:fercan.condition-o.vollstaendig" ana="https://gams.uni-graz.at/o:fercan.arch#C.130400">vollständig</ref>
                                </condition>
                            </supportDesc>
                            <layoutDesc>
                                <layout>
                                    <p part="N">Der Inschriftentext ist zu einem großen Teil (mit erster und letzter Zeile) erhalten, doch weist er am linken und rechten Rand größere Fehlstellen auf.<lb/>In Z.2 und 3 befinden sich Reste des Gentilnomens und Cognomens des Dedikanten im Nominativ.</p>
                                    <p part="N">Ligatur: s. Majuskeltext</p>
                                    <tei:note xmlns:tei="http://www.tei-c.org/ns/1.0" type="condition" anchored="true">größere Fehlstelle/n</tei:note>
                                </layout>
                            </layoutDesc>
                        </objectDesc>
                        <handDesc>
                            <handNote>
                                <desc type="execution">gemeißelt</desc>
                            </handNote>
                        </handDesc>
                        <decoDesc>
                            <decoNote>
                                <p part="N">Da in der Literatur keine Informationen zu den Seitansichten genannt werden, dürften die Schmalseiten ohne Reliefschmuck gewesen sein (Reuter 2012, 140f.).</p>
                                <term ana="https://gams.uni-graz.at/o:fercan.arch#C.150800">
                                    <ref type="context" target="context:fercan.arch.aufsatzschmuck">Aufsatzschmuck</ref>
                                </term>
                                <term ana="https://gams.uni-graz.at/o:fercan.arch#C.150300">
                                    <ref type="context" target="context:fercan.arch.glatt">glatt</ref>
                                </term>
                            </decoNote>
                        </decoDesc>
                    </physDesc>
                    <history>
                        <origin instant="false">
                            <origPlace instant="false">
                                <placeName ref="https://pleiades.stoa.org/places/98921" instant="false" full="yes">Ulpia Noviomagus</placeName>
                                <region>Civitas Batavorum</region>
                            </origPlace>
                            <origDate when="0197" notBefore="0197" notAfter="0197" instant="false">
                                <date>197</date>
                                <tei:note xmlns:tei="http://www.tei-c.org/ns/1.0" type="original" anchored="true">
                                    <ref type="context" target="context:fercan.date.laterano_consule">Laterano consule</ref>
                                </tei:note>
                            </origDate>
                        </origin>
                        <provenance type="found" when="1855">
                            <placeName instant="false" full="yes">
                                <ref type="context" target="context:fercan.geog.modern.holdeurn">Holdeurn</ref>
                            </placeName>
                            <tei:location xmlns:tei="http://www.tei-c.org/ns/1.0" instant="false">
                                <geo decls="#WGS">51.815752 5.933717</geo>
                            </tei:location>
                            <tei:note xmlns:tei="http://www.tei-c.org/ns/1.0" anchored="true">In der Nähe kamen Tuffsteinfragmente und ein Altar der Vesta zum Vorschein (siehe Janssen 1856, 168).</tei:note>
                        </provenance>
                        <provenance type="observed" subtype="autopsied">
                            <p part="N">non vidimus<lb>
                                    <br/>
                                </lb>Lesung gründet auf: Reuter</p>
                        </provenance>
                    </history>
                </msDesc>
                <listPlace default="false">
                    <place instant="false"/>
                </listPlace>
                <listPerson default="false">
                    <person instant="false">
                        <persName type="divine" subtype="celtic_normalized" instant="false" full="yes">
                            <ref type="context" target="context:fercan.dcn.hludana">Hludana</ref>
                        </persName>
                    </person>
                    <person instant="false">
                        <persName type="divine" subtype="celtic_diplomatic" instant="false" full="yes">
                            <ref type="context" target="context:fercan.dcd.hludana._h_lud_anae_">[H]lud(anae)</ref>
                        </persName>
                    </person>
                    <person instant="false">
                        <persName type="divine" subtype="celtic_element" instant="false" full="yes">
                            <ref type="context" target="context:fercan.dce.hludana">Hludana</ref>
                        </persName>
                    </person>
                    <person instant="false">
                        <persName instant="false" full="yes">
                            <roleName type="military" full="yes">
                                <ref type="context" target="context:fercan.person.military.miles_legionis">miles legionis</ref>
                            </roleName>
                        </persName>
                    </person>
                </listPerson>
                <listOrg default="false">
                    <org instant="false"/>
                    <org type="military_unit" instant="false">
                        <orgName instant="false" full="yes">
                            <ref type="context" target="context:fercan.org.military.legio_xxx_ulpia_victrix">legio XXX Ulpia Victrix</ref>
                        </orgName>
                    </org>
                </listOrg>
            </sourceDesc>
        </fileDesc>
        <encodingDesc>
            <geoDecl xml:id="WGS" datum="WGS84" default="false">World Geodetic System</geoDecl>
            <editorialDecl default="false">
                <p part="N">Digitale Repräsentation konform mit EpiDoc: http://epidoc.sourceforge.net</p>
                <p part="N">Majuskel und Minuskel ausgeführt nach Leidener Klammersystem, Majuskel bildet
                  Inschrift originalgetreu ab, Minuskel enthält editorische Hinzufügungen</p>
            </editorialDecl>
            <projectDesc default="false">
                <p part="N">Die keltischen Götternamen in den Inschriften der römischen Provinz Germania
                  Inferior. Eine Fallstudie zu Religion im Kontext von Kulturkontakt und
                  Kulturtransfer (FWF – Projekt P 29274-G25 )</p>
                <p part="N">Das Forschungsprojekt beabsichtigt, sämtliche keltischen Götternamen, die sich in
                  lateinischen Inschriften der römischen Provinz Germania Inferior erhaltenen haben,
                  zusammenzustellen und auszuwerten. Die gewählte Quellengrundlage erscheint
                  besonders geeignet Erscheinungsformen zu untersuchen, welche auf religiöser Ebene
                  durch das Zusammentreffen von verschiedenen kulturellen Einflüssen entstanden
                  sind. Diese sind hier einerseits definiert durch die Verwendung der keltischen
                  Sprache, andererseits durch die lateinische Sprache und durch Formen aus dem
                  Inneren des Imperium Romanum, die man mit dem Etikett „römisch“ versehen kann. Das
                  Interesse gilt dabei nicht nur religiösen, sondern auch damit verbundenen
                  gesellschaftlichen Aspekten und den entsprechenden Mentalitäten. Doch soll damit
                  auch zu einem verbesserten Gesamtbild der Provinzialreligion in Niedergermanien
                  beigetragen werden.<lb/> Die Abschlusspublikation wird ergänzt um einen
                  ausführlichen sprachwissenschaftlichen Kommentar (von Patrizia de Bernardo
                  Stempel) in der Reihe ‚Corpus - F.E.R.C.AN. (Fontes epigraphici religionum
                  Celticarum antiquarum)‘ erscheinen. </p>
            </projectDesc>
        </encodingDesc>
        <profileDesc>
            <langUsage default="false">
                <language ident="la">Latein</language>
            </langUsage>
            <textClass default="false">
                <keywords>
                    <list>
                        <item>
                            <ref type="context" target="context:fercan.dedication.votum_solvit_libens_merito">votum solvit libens merito</ref>
                        </item>
                        <item/> <!-- Belegform gesamt  --> <item> <ref target="context:fercan.divinepart." type="context"> </ref> </item></list></keywords>
            </textClass>
        </profileDesc>
        <revisionDesc status="draft">
            <change when="2019" n="1" corresp="https://gams.uni-graz.at/o:fercan.117/TEI_SOURCE.2020-02-26" status="draft">Initial Version</change>
            <change when="2020" n="2" corresp="https://gams.uni-graz.at/o:fercan.117/TEI_SOURCE.2022-03-07" status="draft">Version 2</change>
            <change when="2022" n="3" status="draft">Version 3</change>
        </revisionDesc>
    </teiHeader>
    <facsimile>
        <graphic mimeType="image/jpeg" xml:id="IMAGE.1" url="file:///0117_Front.jpg">
            <desc>Front, EDCS-11100817, Rechte vorbehalten</desc>
        </graphic>
    </facsimile>
    <text>
        <body>
            <ab part="N">
                <ref target="context:fercan" type="context">FERCAN</ref>
            </ab>
            <div subtype="editions" type="bibliography" org="uniform" part="N" sample="complete">
                <listBibl default="false">
                    <bibl xml:id="LIT.1" default="false" status="draft">CIL XIII 8723</bibl>
                    <bibl xml:id="LIT.2" default="false" status="draft">Reuter 2012, Nr.107</bibl>
                
            <bibl xml:id="3">Scheungraber 2020, 326 Nr.2</bibl>
        
            <bibl xml:id="4">Ferlut 2022, Nr.242</bibl>
        </listBibl>
            </div>
            <div subtype="concordances" type="bibliography" org="uniform" part="N" sample="complete">
                <listBibl>
                    <bibl type="EDCS">
                        <idno>EDCS-11100817</idno>
                        <date>zuletzt aufgerufen am 24. Februar 2020</date>
                    </bibl>
                    <bibl type="trismegistos">
                        <idno>www.trismegistos.org/text/415727</idno>
                        <date>zuletzt aufgerufen am 26. Juli 2021</date>
                    </bibl>
                </listBibl>
            </div>
            <div type="edition" subtype="diplomatic" xml:id="majuscule" xml:lang="la" xml:space="preserve" org="uniform" part="N" sample="complete"><ab part="N"><orig><lb n="1"/><gap reason="lost" quantity="1" unit="character" instant="false"/>LVD · SAC <lb n="2"/> 
<gap reason="lost" extent="unknown" unit="character" instant="false"/>AMMI<gap reason="lost" extent="unknown" unit="character" instant="false"/> <lb n="3"/> 
<gap reason="lost" extent="unknown" unit="character" instant="false"/>CVND<gap reason="lost" extent="unknown" unit="character" instant="false"/> <lb n="4"/> 
<gap reason="lost" extent="unknown" unit="character" instant="false"/> · LEG XXX <gap reason="lost" extent="unknown" unit="character" instant="false"/> <lb n="5"/> 
<gap reason="lost" quantity="1" unit="character" instant="false"/> · S · L · <gap reason="lost" extent="unknown" unit="character" instant="false"/> <lb n="6"/> 
<gap reason="lost" quantity="1" unit="character" instant="false"/>A<hi rend="ligature">TE</hi>RANO <gap reason="lost" extent="unknown" unit="character" instant="false"/></orig></ab></div>
            <div type="edition" xml:lang="la" xml:id="minuscule" subtype="normalised" xml:space="preserve" org="uniform" part="N" sample="complete"><ab part="N"><lb n="1"/><supplied reason="lost" instant="false">H</supplied><expan instant="false"><abbr>lud</abbr><ex instant="false">anae</ex></expan> <expan instant="false"><abbr>sac</abbr><ex instant="false">rum</ex></expan><lb n="2"/><gap reason="lost" extent="unknown" unit="character" instant="false"/>ammi<gap reason="lost" extent="unknown" unit="character" instant="false"/><lb n="3"/><gap reason="lost" extent="unknown" unit="character" instant="false"/>cund<gap reason="lost" extent="unknown" unit="character" instant="false"/><lb n="4"/><supplied reason="lost" instant="false"><expan instant="false"><abbr>mil</abbr><ex instant="false">es</ex></expan></supplied> <expan instant="false"><abbr>leg</abbr><ex instant="false">ionis</ex></expan> XXX <supplied reason="lost" instant="false"><expan instant="false"><abbr>U</abbr><ex instant="false">lpiae</ex></expan> <expan instant="false"><abbr>V</abbr><ex instant="false">ictricis</ex></expan> </supplied><gap reason="lost" extent="unknown" unit="character" instant="false"/><lb n="5"/><supplied reason="lost" instant="false"><expan instant="false"><abbr>v</abbr><ex instant="false">otum</ex></expan></supplied> <expan instant="false"><abbr>s</abbr><ex instant="false">olvit</ex></expan> <expan instant="false"><abbr>l</abbr><ex instant="false">ibens</ex></expan> <supplied reason="lost" instant="false"><expan instant="false"><abbr>m</abbr><ex instant="false">erito</ex></expan></supplied><lb n="6"/><supplied reason="lost" instant="false">L</supplied>aterano <supplied reason="lost" instant="false"><expan instant="false"><abbr>co</abbr><ex instant="false">n</ex></expan><expan instant="false"><abbr>s</abbr><ex instant="false">ule</ex></expan></supplied></ab></div>
            <div type="translation" xml:lang="de" org="uniform" part="N" sample="complete">
                <p part="N">Der  <rs type="divine">Hludana</rs> heilig! <lb/> 
…ammi …cundus, Soldat der legio XXX Ulpia Victirix, hat das Gelübde gerne und verdientermaßen erfüllt, unter dem Konsulat des Lateranus.</p>
            </div>
            <div type="translation" xml:lang="en" org="uniform" part="N" sample="complete">
                <p part="N">Sacred to  <rs type="divine">Hludana</rs>! <lb/> 
…ammi …cundus, soldier of the legio XXX Ulpia Victirix, has fulfilled a vow willingly and deservedly, when Lateranus was consul.</p>
            </div>
            <div type="apparatus" org="uniform" part="N" sample="complete">
                <app loc="2">
                    <tei:note xmlns:tei="http://www.tei-c.org/ns/1.0" anchored="true">fehlt – Ferlut</tei:note>
                </app>
            
            <app loc="4">
                <note anchored="true">[mi]l(es) leg(ionis) XXX [U(lpiae) V(ictricis)] – Scheungraber, Ferlut</note>
            </app>
        
            <app loc="5">
                <note anchored="true">v(otum) s(olvit) l(ibens) [m(erito)] – Scheungraber, Ferlut</note>
            </app>
        
            <app loc="6">
                <note anchored="true">ohne Ligatur – Reuter; [L]aterano(?) [ – Scheungraber; [L]aterano […] – Ferlut</note>
            </app>
        </div>
            <div type="commentary" subtype="general" org="uniform" part="N" sample="complete">
                <p part="N">Dedikant: Der Inschriftensetzer war (nach Reuter 2012, Nr.107) aufgrund des Fundortes des Altars sicher Angehöriger eines Ziegelei-Kommandos in Holdeurn (in der Nähe von Nijmegen). </p>
                <p part="N">

legio XXX Ulpia Victrix: Die Legion folgte ab 121/122 n.Chr. in Xanten auf die legio VI Victrix (Stein 1932, 106). </p>
                <p part="N">

Laterano consule: Die Konsuldatierung könnte auf das Jahr 197 hindeuteten (Reuter 2012, 140f.).</p>
            </div>
            <div type="commentary" subtype="deity" org="uniform" part="N" sample="complete">                                                <p part="N"> <rs type="divine">Hludana:</rs> keltisch: ‚Ruhmesgöttin‘ (de Bernardo Stempel Corpus F.E.R.C.A.N. II/1 112f).</p>
                                                <p part="N">

Vorkommen in theonymischen Formularen: </p>
                                                <p part="N">
 <rs type="divine">Hludana</rs>: <lb/>
- Germania Inferior: Hier finden sich 3 Belege (CF-GeI-116–118). <lb/>
- außerhalb der Germania Inferior: Nördlich der Rheingrenze aus der Gegend von Leeuwarden ist eine Weihung für die  <rs type="divine">dea Hludana</rs> (CIL XIII 8830) bekannt Sie weist noch den unteren Teil eines Reliefs auf, das eine thronende Frauenfigur zeigt. </p>
            </div>
            <linkGrp type="alignment" domains="#majuscule #minuscule">
                <link target="#MAJ.1 #MIN.1"/>
                <link target="#MAJ.2 #MIN.2"/>
                <link target="#MAJ.3 #MIN.3"/>
                <link target="#MAJ.4 #MIN.4"/>
                <link target="#MAJ.5 #MIN.5"/>
                <link target="#MAJ.6 #MIN.6"/>
            </linkGrp>
        </body>
        <back>
            <tei:note xmlns:tei="http://www.tei-c.org/ns/1.0" type="Objbeschr_note" anchored="true"/>
            <tei:note xmlns:tei="http://www.tei-c.org/ns/1.0" type="ArchKlass_note" anchored="true"/>
            <tei:note xmlns:tei="http://www.tei-c.org/ns/1.0" type="Material_note" anchored="true"/>
            <tei:note xmlns:tei="http://www.tei-c.org/ns/1.0" type="Inschrifttraeger_note" anchored="true"/>
            <tei:note xmlns:tei="http://www.tei-c.org/ns/1.0" type="VerwahrortOrt_note" anchored="true"/>
            <tei:note xmlns:tei="http://www.tei-c.org/ns/1.0" type="InvNr_note" anchored="true"/>
            <tei:note xmlns:tei="http://www.tei-c.org/ns/1.0" type="Fundstelle_note" anchored="true"/>
            <tei:note xmlns:tei="http://www.tei-c.org/ns/1.0" type="Fundumst_note" anchored="true"/>
            <tei:note xmlns:tei="http://www.tei-c.org/ns/1.0" type="Fundjahr_note" anchored="true"/>
            <tei:note xmlns:tei="http://www.tei-c.org/ns/1.0" type="FOantik_note" anchored="true"/>
            <tei:note xmlns:tei="http://www.tei-c.org/ns/1.0" type="FOmodern_note" anchored="true"/>
            <tei:note xmlns:tei="http://www.tei-c.org/ns/1.0" type="civitas_note" anchored="true"/>
            <tei:note xmlns:tei="http://www.tei-c.org/ns/1.0" type="Autopsie_note" anchored="true"/>
            <tei:note xmlns:tei="http://www.tei-c.org/ns/1.0" type="Appcrit_note" anchored="true"/>
            <tei:note xmlns:tei="http://www.tei-c.org/ns/1.0" type="Abb_note" anchored="true"/>
            <tei:note xmlns:tei="http://www.tei-c.org/ns/1.0" type="englUEbers_note" anchored="true"/>
            <tei:note xmlns:tei="http://www.tei-c.org/ns/1.0" type="dtUEbers_note" anchored="true"/>
            <tei:note xmlns:tei="http://www.tei-c.org/ns/1.0" type="Editionen_note" anchored="true"/>
            <tei:note xmlns:tei="http://www.tei-c.org/ns/1.0" type="ErhzustObj_note" anchored="true"/>
            <tei:note xmlns:tei="http://www.tei-c.org/ns/1.0" type="Masse_note" anchored="true"/>
            <tei:note xmlns:tei="http://www.tei-c.org/ns/1.0" type="Ikonogr_note" anchored="true"/>
            <tei:note xmlns:tei="http://www.tei-c.org/ns/1.0" type="Inschrtext_note" anchored="true"/>
            <tei:note xmlns:tei="http://www.tei-c.org/ns/1.0" type="ErhzustInschr_note" anchored="true"/>
            <tei:note xmlns:tei="http://www.tei-c.org/ns/1.0" type="Schrifttechnik_note" anchored="true"/>
            <tei:note xmlns:tei="http://www.tei-c.org/ns/1.0" type="Buchsthoehe_note" anchored="true"/>
            <tei:note xmlns:tei="http://www.tei-c.org/ns/1.0" type="Notvar_note" anchored="true"/>
            <tei:note xmlns:tei="http://www.tei-c.org/ns/1.0" type="SonstKomm_note" anchored="true"/>
            <tei:note xmlns:tei="http://www.tei-c.org/ns/1.0" type="Datierung_note" anchored="true">
                <p>197<br/>
                </p>
            </tei:note>
            <tei:note xmlns:tei="http://www.tei-c.org/ns/1.0" type="KommGoettern_note" anchored="true">
                <p part="N">Für die Alte Version (24.04.23) siehe CF-GeI-116<br/>
                </p>
            </tei:note>
        </back>
    </text>
</TEI>