<?xml-model href="https://gams.uni-graz.at/context:fercan/SCHEMA_EPIDOC_9.1" type="application/xml" schematypens="http://relaxng.org/ns/structure/1.0"?><TEI xmlns="http://www.tei-c.org/ns/1.0" xmlns:xsi="http://www.w3.org/2001/XMLSchema-instance" xml:id="inferior334">
    <teiHeader>
        <fileDesc>
            <titleStmt>
                <title type="full">
                    <title type="main">Nehalennia</title>
                    <title type="sub">CF-GeI-334</title>
                </title>
                <respStmt>
                    <resp>Inschriftenedition</resp>
                    <persName instant="false" full="yes">
                        <forename full="yes">Werner</forename>
                        <surname full="yes">Petermandl</surname>
                    </persName>
                </respStmt>
                <respStmt>
                    <resp>Archäologische Beschreibung und geografische Daten</resp>
                    <persName instant="false" full="yes">
                        <forename full="yes">Astrid</forename>
                        <surname full="yes">Schmölzer</surname>
                    </persName>
                </respStmt>
                <funder ref="https://www.fwf.ac.at">Austrian Science Fund (FWF): P
                  29274-G25</funder>
            </titleStmt>
            <publicationStmt>
                <publisher>
                    <link target="https://antike.uni-graz.at"/>
                    <orgName ref="https://d-nb.info/gnd/1213531357" instant="false" full="yes">Institut für Antike, Fachbereich
                    Alte Geschichte und Epigraphik, Karl-Franzens-Universität Graz</orgName>
                </publisher>
                <authority>
                    <link target="https://informationsmodellierung.uni-graz.at"/>
                    <orgName ref="http://d-nb.info/gnd/1137284463" instant="false" full="yes">Zentrum für
                    Informationsmodellierung - Austrian Centre for Digital Humanities,
                    Karl-Franzens-Universität Graz</orgName>
                </authority>
                <distributor>
                    <link target="https://gams.uni-graz.at"/>
                    <orgName instant="false" full="yes">GAMS - Geisteswissenschaftliches Asset Management System</orgName>
                </distributor>
                <date when="2022" instant="false">2022</date>
                <pubPlace>Graz</pubPlace>
                <idno type="PID">o:fercan.334</idno>
                <availability default="false">
                    <licence target="https://creativecommons.org/licenses/by-nc/4.0">Creative Commons
                    BY-NC 4.0</licence>
                </availability>
            </publicationStmt>
            <seriesStmt>
                <title ref="https://gams.uni-graz.at/fercan">FERCAN: Fontes Epigraphici Religionum
                  Celticarum Antiquarum</title>
                <respStmt>
                    <resp>Projektleitung</resp>
                    <persName instant="false" full="yes">
                        <forename full="yes">Wolfgang</forename>
                        <surname full="yes">Spickermann</surname>
                    </persName>
                </respStmt>
            </seriesStmt>
            <sourceDesc default="false">
                <msDesc status="draft">
                    <msIdentifier>
                        <settlement>Leiden</settlement>
                        <repository>Rijksmuseum van Oudheden</repository>
                        <idno>i 1971/11.68</idno>
                    </msIdentifier>
                    <msContents>
                        <summary>Weihinschrift</summary>
                    </msContents>
                    <physDesc>
                        <objectDesc>
                            <supportDesc>
                                <support>
                                    <p part="N">Der Aedicula-Altar ist komplett erhalten. Auf der Rückseite sind nur rechts oben und unten kleinere Beschädigungen zu vermerken. Die Pulvini sind seitlich und oben glatt, vorne mit Rosetten verziert. Auf der Oberseite liegen vier Früchte, vorne zwei Birnen, hinten zwei Äpfel. Die Nische mit dem Götterbild ist von zwei glatten Pilastern ohne Basis eingerahmt, die das Gebälk und den offenen Giebel stützen. Die Nischendecke ist unverziert.</p>
                                    <material>
                                        <ref type="context" target="context:fercan.material.sandstein" ana="https://gams.uni-graz.at/o:fercan.arch#C.120220">Sandstein</ref>
                                    </material>
                                    <objectType>Aedicula-Altar</objectType>
                                    <dimensions>
                                        <height unit="cm">72,5</height>
                                        <width unit="cm">37,5</width>
                                        <depth unit="cm">25,0</depth>
                                    </dimensions>
                                </support>
                                <condition>
                                    <ref type="context" target="context:fercan.condition-o.vollstaendig" ana="https://gams.uni-graz.at/o:fercan.arch#C.130400">vollständig</ref>
                                </condition>
                            </supportDesc>
                            <layoutDesc>
                                <layout>
                                    <p part="N">Der vollständig erhaltene Text füllt das Inschriftenfeld zur Gänze aus.</p>
                                    <tei:note xmlns:tei="http://www.tei-c.org/ns/1.0" type="condition" anchored="true">vollständig</tei:note>
                                </layout>
                            </layoutDesc>
                        </objectDesc>
                        <handDesc>
                            <handNote>
                                <desc type="execution">gemeißelt</desc>
                            </handNote>
                        </handDesc>
                        <decoDesc>
                            <decoNote>
                                <p part="N"> <rs type="divine">Nehalennia</rs> ist sitzend auf einem Sessel mit Armlehnen dargestellt. Ihr Mantel fällt ihr über die Arme und zwischen den Knien in schweren Falten herab. Darunter trägt sie ein bodenlanges Gewand. Ihre Pelerine ist an den unteren Säumen, die ihr bis zur Mitte des Oberarms reichen, eingeschnitten. Auf der Brust fällt eine runde Öffnung der Pelerine auf.  <rs type="divine">Nehalennia</rs> trägt eine in der Mitte gescheitelte Kurzhaarfrisur. An der linken Seite, mit der Schnauze fast ihre Hand berührend, sitzt der ihr zugewandte Hund mit zurückgelegten Ohren.  <rs type="divine">Nehalennia</rs> hält mit der rechten Hand einen Korb Obst auf ihren Knien, während sie die andere Hand, in der sie einen Blumenstrauß (oder ein Büschel Pflanzen) hält, darauf abgelegt hat. Durch das Fehlen des Obstkorbes rechts wirkt die Darstellung eigenartig asymmetrisch. <lb/>
Auf der linken Seite ist ein Füllhorn im Blattkelch dargestellt. Drei Birnen ragen aus ihm hervor. Die Form ist schlicht eingeritzt und wirkt neben dem detailreichen Bildnis der Göttin und der Darstellung des Hundes etwas einfach. Die Darstellung der rechten Seite gleicht der der linken. </p>
                                <term ana="https://gams.uni-graz.at/o:fercan.arch#C.210100">
                                    <ref type="context" target="context:fercan.arch.apfel">Apfel</ref>
                                </term>
                                <term ana="https://gams.uni-graz.at/o:fercan.arch#C.220000">
                                    <ref type="context" target="context:fercan.arch.architektur">Architektur</ref>
                                </term>
                                <term ana="https://gams.uni-graz.at/o:fercan.arch#C.150800">
                                    <ref type="context" target="context:fercan.arch.aufsatzschmuck">Aufsatzschmuck</ref>
                                </term>
                                <term ana="https://gams.uni-graz.at/o:fercan.arch#C.210200">
                                    <ref type="context" target="context:fercan.arch.birne">Birne</ref>
                                </term>
                                <term ana="https://gams.uni-graz.at/o:fercan.arch#C.252100">
                                    <ref type="context" target="context:fercan.arch.blumenstrausz">Blumenstrauß</ref>
                                </term>
                                <term ana="https://gams.uni-graz.at/o:fercan.arch#C.210000">
                                    <ref type="context" target="context:fercan.arch.frucht">Frucht</ref>
                                </term>
                                <term ana="https://gams.uni-graz.at/o:fercan.arch#C.251510">
                                    <ref type="context" target="context:fercan.arch.fuellhorn_mit_blattkelch">Füllhorn mit Blattkelch</ref>
                                </term>
                                <term ana="https://gams.uni-graz.at/o:fercan.arch#C.220110">
                                    <ref type="context" target="context:fercan.arch.gebrochener_giebel">gebrochener Giebel</ref>
                                </term>
                                <term ana="https://gams.uni-graz.at/o:fercan.arch#C.240100">
                                    <ref type="context" target="context:fercan.arch.goetterbild">Götterbild</ref>
                                </term>
                                <term ana="https://gams.uni-graz.at/o:fercan.arch#C.254110">
                                    <ref type="context" target="context:fercan.arch.hund">Hund</ref>
                                </term>
                                <term ana="https://gams.uni-graz.at/o:fercan.arch#C.220700">
                                    <ref type="context" target="context:fercan.arch.muschelschloss">Muschelschloss</ref>
                                </term>
                                <term ana="https://gams.uni-graz.at/o:fercan.arch#C.251700">
                                    <ref type="context" target="context:fercan.arch.obstschale">Obstschale</ref>
                                </term>
                                <term ana="https://gams.uni-graz.at/o:fercan.arch#C.220500">
                                    <ref type="context" target="context:fercan.arch.pilaster">Pilaster</ref>
                                </term>
                                <term ana="https://gams.uni-graz.at/o:fercan.arch#C.210700">
                                    <ref type="context" target="context:fercan.arch.pinienzapfen">Pinienzapfen</ref>
                                </term>
                                <term ana="https://gams.uni-graz.at/o:fercan.arch#C.160000">
                                    <ref type="context" target="context:fercan.arch.reliefdekor">Reliefdekor</ref>
                                </term>
                                <term ana="https://gams.uni-graz.at/o:fercan.arch#C.150400">
                                    <ref type="context" target="context:fercan.arch.reliefschmuck">Reliefschmuck</ref>
                                </term>
                                <term ana="https://gams.uni-graz.at/o:fercan.arch#C.253060">
                                    <ref type="context" target="context:fercan.arch.rosette">Rosette</ref>
                                </term>
                                <term ana="https://gams.uni-graz.at/o:fercan.arch#C.254100">
                                    <ref type="context" target="context:fercan.arch.tier">Tier</ref>
                                </term>
                            </decoNote>
                        </decoDesc>
                    </physDesc>
                    <history>
                        <origin instant="false">
                            <origPlace instant="false">
                                <placeName ref="https://pleiades.stoa.org/places/109000" instant="false" full="yes">Ganuenta</placeName>
                                <region>Civitas Frisiavonum</region>
                            </origPlace>
                            <origDate instant="false"/>
                        </origin>
                        <provenance type="found" when="1971">
                            <placeName instant="false" full="yes">
                                <ref type="context" target="context:fercan.geog.modern.oosterschelde_bei_colijnsplaat">Oosterschelde bei Colijnsplaat</ref>
                            </placeName>
                            <tei:location xmlns:tei="http://www.tei-c.org/ns/1.0" instant="false">
                                <geo decls="#WGS">51.599839 3.849262</geo>
                            </tei:location>
                            <tei:note xmlns:tei="http://www.tei-c.org/ns/1.0" anchored="true">aus dem Meer geborgen</tei:note>
                        </provenance>
                        <provenance type="observed" subtype="autopsied">
                            <p part="N">non vidimus<lb>
                                    <br/>
                                </lb>Lesung gründet auf: Stuart/Bogaers</p>
                        </provenance>
                    </history>
                </msDesc>
                <listPlace default="false">
                    <place instant="false"/>
                </listPlace>
                <listPerson default="false">
                    <person instant="false">
                        <persName type="gentilnomen" instant="false" full="yes">
                            <ref type="context" target="context:fercan.person.gentilnomen.sentius">Sentius</ref>
                        </persName>
                    </person>
                    <person instant="false">
                        <persName type="cognomen" instant="false" full="yes">
                            <ref type="context" target="context:fercan.person.cognomen.certus">Certus</ref>
                        </persName>
                    </person>
                    <person instant="false">
                        <persName type="cognomen" instant="false" full="yes">
                            <ref type="context" target="context:fercan.person.cognomen.primitius">Primitius</ref>
                        </persName>
                    </person>
                    <person instant="false">
                        <persName type="cognomen" instant="false" full="yes">
                            <ref type="context" target="context:fercan.person.cognomen.primitivus">Primitivus</ref>
                        </persName>
                    </person>
                    <person instant="false">
                        <persName type="divine" subtype="celtic_normalized" instant="false" full="yes">
                            <ref type="context" target="context:fercan.dcn.nehalennia">Nehalennia</ref>
                        </persName>
                    </person>
                    <person instant="false">
                        <persName type="divine" subtype="celtic_diplomatic" instant="false" full="yes">
                            <ref type="context" target="context:fercan.dcd.nehalennia.deae_nehaleniae">deae Nehaleniae</ref>
                        </persName>
                    </person>
                    <person instant="false">
                        <persName type="divine" subtype="celtic_element" instant="false" full="yes">
                            <ref type="context" target="context:fercan.dce.nehalennia">Nehalennia</ref>
                        </persName>
                    </person>
                </listPerson>
                <listOrg default="false">
                    <org instant="false"/>
                </listOrg>
            </sourceDesc>
        </fileDesc>
        <encodingDesc>
            <geoDecl xml:id="WGS" datum="WGS84" default="false">World Geodetic System</geoDecl>
            <editorialDecl default="false">
                <p part="N">Digitale Repräsentation konform mit EpiDoc: http://epidoc.sourceforge.net</p>
                <p part="N">Majuskel und Minuskel ausgeführt nach Leidener Klammersystem, Majuskel bildet
                  Inschrift originalgetreu ab, Minuskel enthält editorische Hinzufügungen</p>
            </editorialDecl>
            <projectDesc default="false">
                <p part="N">Die keltischen Götternamen in den Inschriften der römischen Provinz Germania
                  Inferior. Eine Fallstudie zu Religion im Kontext von Kulturkontakt und
                  Kulturtransfer (FWF – Projekt P 29274-G25 )</p>
                <p part="N">Das Forschungsprojekt beabsichtigt, sämtliche keltischen Götternamen, die sich in
                  lateinischen Inschriften der römischen Provinz Germania Inferior erhaltenen haben,
                  zusammenzustellen und auszuwerten. Die gewählte Quellengrundlage erscheint
                  besonders geeignet Erscheinungsformen zu untersuchen, welche auf religiöser Ebene
                  durch das Zusammentreffen von verschiedenen kulturellen Einflüssen entstanden
                  sind. Diese sind hier einerseits definiert durch die Verwendung der keltischen
                  Sprache, andererseits durch die lateinische Sprache und durch Formen aus dem
                  Inneren des Imperium Romanum, die man mit dem Etikett „römisch“ versehen kann. Das
                  Interesse gilt dabei nicht nur religiösen, sondern auch damit verbundenen
                  gesellschaftlichen Aspekten und den entsprechenden Mentalitäten. Doch soll damit
                  auch zu einem verbesserten Gesamtbild der Provinzialreligion in Niedergermanien
                  beigetragen werden.<lb/> Die Abschlusspublikation wird ergänzt um einen
                  ausführlichen sprachwissenschaftlichen Kommentar (von Patrizia de Bernardo
                  Stempel) in der Reihe ‚Corpus - F.E.R.C.AN. (Fontes epigraphici religionum
                  Celticarum antiquarum)‘ erscheinen. </p>
            </projectDesc>
        </encodingDesc>
        <profileDesc>
            <langUsage default="false">
                <language ident="la">Latein</language>
            </langUsage>
            <textClass default="false">
                <keywords>
                    <list>
                        <item>
                            <ref type="context" target="context:fercan.dedication.ex_imperio_ipsius">ex imperio ipsius</ref>
                        </item>
                        <item/> <!-- Belegform gesamt  --> <item> <ref target="context:fercan.divinepart." type="context"> </ref> </item></list></keywords>
            </textClass>
        </profileDesc>
        <revisionDesc status="draft">
            <change when="2019" n="1" corresp="https://gams.uni-graz.at/o:fercan.334/TEI_SOURCE.2020-02-26" status="draft">Initial Version</change>
            <change when="2020" n="2" corresp="https://gams.uni-graz.at/o:fercan.334/TEI_SOURCE.2022-03-07" status="draft">Version 2</change>
            <change when="2022" n="3" status="draft">Version 3</change>
        </revisionDesc>
    </teiHeader>
    <facsimile>
        <graphic mimeType="image/png" xml:id="IMAGE.1" url="file:///0334_Front.PNG">
            <desc>Front, Stuart/Bogaers 2001, Taf.24, A27, Rechte vorbehalten</desc>
        </graphic>
        <graphic mimeType="image/png" xml:id="IMAGE.2" url="file:///0334_li.PNG">
            <desc>links, Stuart/Bogaers 2001, Taf.24, A27, Rechte vorbehalten</desc>
        </graphic>
        <graphic mimeType="image/png" xml:id="IMAGE.3" url="file:///0334_re.PNG">
            <desc>rechts, Stuart/Bogaers 2001, Taf.24, A27, Rechte vorbehalten</desc>
        </graphic>
        <graphic mimeType="image/png" xml:id="IMAGE.4" url="file:///0334_oben.PNG">
            <desc>oben, Stuart/Bogaers 2001, Taf.114, A27, Rechte vorbehalten</desc>
        </graphic>
    </facsimile>
    <text>
        <body>
            <ab part="N">
                <ref target="context:fercan" type="context">FERCAN</ref>
            </ab>
            <div subtype="editions" type="bibliography" org="uniform" part="N" sample="complete">
                <listBibl default="false">
                    <bibl xml:id="LIT.1" default="false" status="draft">Stuart/Bogaers 2001, A27</bibl>
                    <bibl xml:id="LIT.2" default="false" status="draft">AE 2001, 1457</bibl>
                
            <bibl xml:id="3">Scheungraber 2020, 399 Nr.50</bibl>
        
            <bibl xml:id="4">Ferlut 2022, Nr.1090</bibl>
        </listBibl>
            </div>
            <div subtype="concordances" type="bibliography" org="uniform" part="N" sample="complete">
                <listBibl>
                    <bibl type="EDCS">
                        <idno>EDCS-23400575</idno>
                        <date>zuletzt aufgerufen am 24. Februar 2020</date>
                    </bibl>
                    <bibl type="EDH">
                        <idno>HD047341</idno>
                        <date>Version vom 12. Juni 2017</date>
                    </bibl>
                    <bibl type="trismegistos">
                        <idno>www.trismegistos.org/text/209559</idno>
                        <date>zuletzt aufgerufen am 30. Juni 2021</date>
                    </bibl>
                </listBibl>
            </div>
            <div type="edition" subtype="diplomatic" xml:id="majuscule" xml:lang="la" xml:space="preserve" org="uniform" part="N" sample="complete"><ab part="N"><orig><lb n="1"/>DEAE  <lb n="2"/>
NEHALENIAE  <lb n="3"/>
C · SENTVS CERTVS  <lb n="4"/>
ET · C · SENTIVS  <lb n="5"/>
PRIMITIVS · EX  <lb n="6"/>
IMPERIO · IPSEVS</orig></ab></div>
            <div type="edition" xml:lang="la" xml:id="minuscule" subtype="normalised" xml:space="preserve" org="uniform" part="N" sample="complete"><ab part="N"><lb n="1"/>Deae<lb n="2"/>Nehaleniae<lb n="3"/><expan instant="false"><abbr>C</abbr><ex instant="false">aius</ex></expan> Sent<supplied reason="omitted" instant="false">i</supplied>us Certus<lb n="4"/>et <expan instant="false"><abbr>C</abbr><ex instant="false">aius</ex></expan> Sentius<lb n="5"/>Primitius ex<lb n="6"/>imperio ipseus<tei:note xmlns:tei="http://www.tei-c.org/ns/1.0" anchored="true">sic</tei:note></ab></div>
            <div type="translation" xml:lang="de" org="uniform" part="N" sample="complete">
                <p part="N">Für die Göttin  <rs type="divine">Nehalenia!</rs>   <lb/> 
Gaius Sentius Certus und Gaius Sentius Primitius auf deren Befehl. </p>
            </div>
            <div type="translation" xml:lang="en" org="uniform" part="N" sample="complete">
                <p part="N">To the goddess  <rs type="divine">Nehalenia!</rs>   <lb/> 
Gaius Sentius Certus and Gaius Sentius Primitius by her order. </p>
            </div>
            <div type="apparatus" org="uniform" part="N" sample="complete">
                <app loc="#MIN.3 #MAJ.3">
                    <tei:note xmlns:tei="http://www.tei-c.org/ns/1.0" anchored="true">Sent(i)us – Stuart/Bogaers, AE, EDH, Scheungraber, Ferlut</tei:note>
                </app>
                <app loc="#MIN.5 #MAJ.5">
                    <tei:note xmlns:tei="http://www.tei-c.org/ns/1.0" anchored="true">Primiti(v)us – Stuart/Bogaers, AE, EDH, Scheungraber, Ferlut</tei:note>
                </app>
            
            <app loc="2">
                <note anchored="true">Nehalen(n)iae –</note>
            </app>
        
            <app loc="6">
                <note anchored="true">ips&lt;i=E&gt;us – Scheungraber; ipse(i)us – Ferlut</note>
            </app>
        </div>
            <div type="commentary" subtype="general" org="uniform" part="N" sample="complete">
                <p part="N">Gaius Sentius Certus, Gaius Sentius Primitius: zwei tria nomina, offensichtlich Verwandte </p>
                <p part="N">

Sentius: italisches Gentilnomen, gängiger Name (Kakoschke 2006, GN 1150) </p>
                <p part="N">

Certus: lateinisches Cognomen, gängiger Name (Kakoschke 2007, CN 774) </p>
                <p part="N">

Primitius: möglicherweise eine Verschreibung für Primitivus: lateinisches Cognomen, überall gängiger Name (Kakoschke 2008, CN 2442); Primitius ist als Gentilnomen belegt: möglicherweise einheimische Bildung (vgl. Kakoschke 2006, GN 990). </p>
            </div>
            <div type="commentary" subtype="language" org="uniform" part="N" sample="complete">
                <p part="N">v.6: „ipseus“ pro „ipsius“</p>
            </div>
            <div type="commentary" subtype="deity" org="uniform" part="N" sample="complete">                                                <p part="N"> <rs type="divine">Nehalenia:</rs> Variante von  <rs type="divine">Nehalennia:</rs> keltisch erklärbar: ‚Die [Göttin] im Salzwasser bzw. in der See‘ (de Bernardo Stempel Corpus F.E.R.C.A.N. II/1 145f).  </p>
                                                <p part="N">

Vorkommen in theonymischen Formularen: </p>
                                                <p part="N">
 <rs type="divine">Nehalennia</rs>: <lb/>
- Germania Inferior: Belege sind überaus häufig. Zwei Inschriften stammen aus Köln alle anderen aus Domburg und Colijnsplaat. Die Göttin wird dabei, bis auf wenige Ausnahmen, stets als  <rs type="divine">dea Nehalennia</rs> angesprochen. <lb/> 
- außerhalb der Germania Inferior: -</p>
            </div>
            <linkGrp type="alignment" domains="#majuscule #minuscule">
                <link target="#MAJ.1 #MIN.1"/>
                <link target="#MAJ.2 #MIN.2"/>
                <link target="#MAJ.3 #MIN.3"/>
                <link target="#MAJ.4 #MIN.4"/>
                <link target="#MAJ.5 #MIN.5"/>
                <link target="#MAJ.6 #MIN.6"/>
            </linkGrp>
        </body>
        <back>
            <tei:note xmlns:tei="http://www.tei-c.org/ns/1.0" type="Objbeschr_note" anchored="true"/>
            <tei:note xmlns:tei="http://www.tei-c.org/ns/1.0" type="ArchKlass_note" anchored="true"/>
            <tei:note xmlns:tei="http://www.tei-c.org/ns/1.0" type="Material_note" anchored="true"/>
            <tei:note xmlns:tei="http://www.tei-c.org/ns/1.0" type="Inschrifttraeger_note" anchored="true"/>
            <tei:note xmlns:tei="http://www.tei-c.org/ns/1.0" type="VerwahrortOrt_note" anchored="true"/>
            <tei:note xmlns:tei="http://www.tei-c.org/ns/1.0" type="InvNr_note" anchored="true"/>
            <tei:note xmlns:tei="http://www.tei-c.org/ns/1.0" type="Fundstelle_note" anchored="true"/>
            <tei:note xmlns:tei="http://www.tei-c.org/ns/1.0" type="Fundumst_note" anchored="true"/>
            <tei:note xmlns:tei="http://www.tei-c.org/ns/1.0" type="Fundjahr_note" anchored="true"/>
            <tei:note xmlns:tei="http://www.tei-c.org/ns/1.0" type="FOantik_note" anchored="true"/>
            <tei:note xmlns:tei="http://www.tei-c.org/ns/1.0" type="FOmodern_note" anchored="true"/>
            <tei:note xmlns:tei="http://www.tei-c.org/ns/1.0" type="civitas_note" anchored="true"/>
            <tei:note xmlns:tei="http://www.tei-c.org/ns/1.0" type="Autopsie_note" anchored="true"/>
            <tei:note xmlns:tei="http://www.tei-c.org/ns/1.0" type="Appcrit_note" anchored="true"/>
            <tei:note xmlns:tei="http://www.tei-c.org/ns/1.0" type="Abb_note" anchored="true"/>
            <tei:note xmlns:tei="http://www.tei-c.org/ns/1.0" type="englUEbers_note" anchored="true"/>
            <tei:note xmlns:tei="http://www.tei-c.org/ns/1.0" type="dtUEbers_note" anchored="true"/>
            <tei:note xmlns:tei="http://www.tei-c.org/ns/1.0" type="Editionen_note" anchored="true"/>
            <tei:note xmlns:tei="http://www.tei-c.org/ns/1.0" type="ErhzustObj_note" anchored="true"/>
            <tei:note xmlns:tei="http://www.tei-c.org/ns/1.0" type="Masse_note" anchored="true"/>
            <tei:note xmlns:tei="http://www.tei-c.org/ns/1.0" type="Ikonogr_note" anchored="true"/>
            <tei:note xmlns:tei="http://www.tei-c.org/ns/1.0" type="Inschrtext_note" anchored="true"/>
            <tei:note xmlns:tei="http://www.tei-c.org/ns/1.0" type="ErhzustInschr_note" anchored="true"/>
            <tei:note xmlns:tei="http://www.tei-c.org/ns/1.0" type="Schrifttechnik_note" anchored="true"/>
            <tei:note xmlns:tei="http://www.tei-c.org/ns/1.0" type="Buchsthoehe_note" anchored="true"/>
            <tei:note xmlns:tei="http://www.tei-c.org/ns/1.0" type="Notvar_note" anchored="true"/>
            <tei:note xmlns:tei="http://www.tei-c.org/ns/1.0" type="SonstKomm_note" anchored="true"/>
            <tei:note xmlns:tei="http://www.tei-c.org/ns/1.0" type="Datierung_note" anchored="true"/>
            <tei:note xmlns:tei="http://www.tei-c.org/ns/1.0" type="KommGoettern_note" anchored="true">
                <p part="N">Für die Alte Version (25.04.23) siehe CF-GeI-286</p>
            </tei:note>
        </back>
    </text>
</TEI>