<?xml-model href="https://gams.uni-graz.at/context:fercan/SCHEMA_EPIDOC_9.1" type="application/xml" schematypens="http://relaxng.org/ns/structure/1.0"?><TEI xmlns="http://www.tei-c.org/ns/1.0" xmlns:xsi="http://www.w3.org/2001/XMLSchema-instance" xml:id="inferior54">
    <teiHeader>
        <fileDesc>
            <titleStmt>
                <title type="full">
                    <title type="main">Gesachenae?</title>
                    <title type="sub">CF-GeI-54</title>
                </title>
                <respStmt>
                    <resp>Inschriftenedition</resp>
                    <persName instant="false" full="yes">
                        <forename full="yes">Werner</forename>
                        <surname full="yes">Petermandl</surname>
                    </persName>
                </respStmt>
                <respStmt>
                    <resp>Archäologische Beschreibung und geografische Daten</resp>
                    <persName instant="false" full="yes">
                        <forename full="yes">Astrid</forename>
                        <surname full="yes">Schmölzer</surname>
                    </persName>
                </respStmt>
                <funder ref="https://www.fwf.ac.at">Austrian Science Fund (FWF): P
                  29274-G25</funder>
            </titleStmt>
            <publicationStmt>
                <publisher>
                    <link target="https://antike.uni-graz.at"/>
                    <orgName ref="https://d-nb.info/gnd/1213531357" instant="false" full="yes">Institut für Antike, Fachbereich
                    Alte Geschichte und Epigraphik, Karl-Franzens-Universität Graz</orgName>
                </publisher>
                <authority>
                    <link target="https://informationsmodellierung.uni-graz.at"/>
                    <orgName ref="http://d-nb.info/gnd/1137284463" instant="false" full="yes">Zentrum für
                    Informationsmodellierung - Austrian Centre for Digital Humanities,
                    Karl-Franzens-Universität Graz</orgName>
                </authority>
                <distributor>
                    <link target="https://gams.uni-graz.at"/>
                    <orgName instant="false" full="yes">GAMS - Geisteswissenschaftliches Asset Management System</orgName>
                </distributor>
                <date when="2022" instant="false">2022</date>
                <pubPlace>Graz</pubPlace>
                <idno type="PID">o:fercan.54</idno>
                <availability default="false">
                    <licence target="https://creativecommons.org/licenses/by-nc/4.0">Creative Commons
                    BY-NC 4.0</licence>
                </availability>
            </publicationStmt>
            <seriesStmt>
                <title ref="https://gams.uni-graz.at/fercan">FERCAN: Fontes Epigraphici Religionum
                  Celticarum Antiquarum</title>
                <respStmt>
                    <resp>Projektleitung</resp>
                    <persName instant="false" full="yes">
                        <forename full="yes">Wolfgang</forename>
                        <surname full="yes">Spickermann</surname>
                    </persName>
                </respStmt>
            </seriesStmt>
            <sourceDesc default="false">
                <msDesc status="draft">
                    <msIdentifier>
                        <settlement>Bonn</settlement>
                        <repository>Rheinisches Landesmuseum</repository>
                        <idno>CLXII</idno>
                    </msIdentifier>
                    <msContents>
                        <summary>Weihinschrift</summary>
                    </msContents>
                    <physDesc>
                        <objectDesc>
                            <supportDesc>
                                <support>
                                    <p part="N">Der Weihealtar ist nur in der oberen linken Ecke erhalten geblieben. Größe und genaue Form sind nicht mehr nachvollziehbar. Das Inschriftenfeld dürfte nicht gerahmt gewesen sein. An der rechten und unteren Kante wurde mit Beton eine moderne Stabilisierung und Standfläche geschaffen.<lb/>Der Aufsatz ist durch ein profiliertes vorspringendes Gesims abgetrennt. Die Bekrönung bestand aus Pulvini, von denen nur mehr der linke erhalten geblieben ist, und einem mittig gelagerten kleinen Giebeldreieck.</p>
                                    <material>
                                        <ref type="context" target="context:fercan.material.kalkstein" ana="https://gams.uni-graz.at/o:fercan.arch#C.120210">Kalkstein</ref>
                                    </material>
                                    <objectType>Weihealtar</objectType>
                                    <dimensions>
                                        <height unit="cm">31,0</height>
                                        <width unit="cm">28,0</width>
                                        <depth unit="cm">17,0</depth>
                                    </dimensions>
                                </support>
                                <condition>
                                    <ref type="context" target="context:fercan.condition-o.kleineres_fragment" ana="https://gams.uni-graz.at/o:fercan.arch#C.130320">kleineres Fragment</ref>
                                </condition>
                            </supportDesc>
                            <layoutDesc>
                                <layout>
                                    <p part="N">Erhalten ist die linke obere Ecke des Textes. In Z.2 und 3 sind die Buchstaben kleiner und stark korrodiert. In Z.3 finden sich nur mehr die Reste eines R.</p>
                                    <tei:note xmlns:tei="http://www.tei-c.org/ns/1.0" type="condition" anchored="true">kleineres Fragment</tei:note>
                                </layout>
                            </layoutDesc>
                        </objectDesc>
                        <handDesc>
                            <handNote>
                                <desc type="execution">gemeißelt</desc>
                                <height unit="cm" atLeast="3.0" atMost="4.8">3,0–4,8 cm</height>
                            </handNote>
                        </handDesc>
                        <decoDesc>
                            <decoNote>
                                <p part="N">Die erhaltene Pulvinus und das Giebeldreieck sind mit pflanzlichem Dekor verziert. <lb/>
Laut Literatur befindet sich auf der vorhandenen Schmalseite eine Baumdarstellung (Galsterer/Galsterer 2010, 66 f.).</p>
                                <term ana="https://gams.uni-graz.at/o:fercan.arch#C.150800">
                                    <ref type="context" target="context:fercan.arch.aufsatzschmuck">Aufsatzschmuck</ref>
                                </term>
                                <term ana="https://gams.uni-graz.at/o:fercan.arch#C.253200">
                                    <ref type="context" target="context:fercan.arch.baum">Baum</ref>
                                </term>
                                <term ana="https://gams.uni-graz.at/o:fercan.arch#C.160200">
                                    <ref type="context" target="context:fercan.arch.blattdekor">Blattdekor</ref>
                                </term>
                                <term ana="https://gams.uni-graz.at/o:fercan.arch#C.130300">
                                    <ref type="context" target="context:fercan.arch.fragment">Fragment</ref>
                                </term>
                                <term ana="https://gams.uni-graz.at/o:fercan.arch#C.160000">
                                    <ref type="context" target="context:fercan.arch.reliefdekor">Reliefdekor</ref>
                                </term>
                                <term ana="https://gams.uni-graz.at/o:fercan.arch#C.150400">
                                    <ref type="context" target="context:fercan.arch.reliefschmuck">Reliefschmuck</ref>
                                </term>
                                <term ana="https://gams.uni-graz.at/o:fercan.arch#C.253060">
                                    <ref type="context" target="context:fercan.arch.rosette">Rosette</ref>
                                </term>
                            </decoNote>
                        </decoDesc>
                    </physDesc>
                    <history>
                        <origin instant="false">
                            <origPlace instant="false">
                                <placeName ref="https://pleiades.stoa.org/places/108751" instant="false" full="yes">CCAA</placeName>
                                <region>CCAA</region>
                            </origPlace>
                            <origDate instant="false"/>
                        </origin>
                        <provenance type="found" when="1879">
                            <placeName instant="false" full="yes">
                                <ref type="context" target="context:fercan.geog.modern.koeln">Köln</ref>
                            </placeName>
                            <p part="N">Deutz, im Fundament des westlichen Torturmes des Kastells</p>
                            <tei:location xmlns:tei="http://www.tei-c.org/ns/1.0" instant="false">
                                <geo decls="#WGS">50.937769 6.958583</geo>
                            </tei:location>
                            <tei:note xmlns:tei="http://www.tei-c.org/ns/1.0" anchored="true">bei der Sprengung der westlichen Tortürme</tei:note>
                        </provenance>
                        <provenance type="observed" subtype="autopsied">vidimus (CIL XIII Projekt)</provenance>
                    </history>
                </msDesc>
                <listPlace default="false">
                    <place instant="false"/>
                </listPlace>
                <listPerson default="false">
                    <person instant="false">
                        <persName type="divine" subtype="celtic_normalized" instant="false" full="yes">
                            <ref type="context" target="context:fercan.dcn.gesachenae_">Gesachenae?</ref>
                        </persName>
                    </person>
                    <person instant="false">
                        <persName type="divine" subtype="celtic_diplomatic" instant="false" full="yes">
                            <ref type="context" target="context:fercan.dcd.gesachenae_.gesa_____">Gesa[---]</ref>
                        </persName>
                    </person>
                    <person instant="false">
                        <persName type="divine" subtype="celtic_element" instant="false" full="yes">
                            <ref type="context" target="context:fercan.dce.gesachenae_">Gesachenae?</ref>
                        </persName>
                    </person>
                    <person instant="false">
                        <persName type="divine" instant="false" full="yes">
                            <ref type="context" target="context:fercan.person.divine-o.hercules">Hercules</ref>
                        </persName>
                    </person>
                </listPerson>
                <listOrg default="false">
                    <org instant="false"/>
                </listOrg>
            </sourceDesc>
        </fileDesc>
        <encodingDesc>
            <geoDecl xml:id="WGS" datum="WGS84" default="false">World Geodetic System</geoDecl>
            <editorialDecl default="false">
                <p part="N">Digitale Repräsentation konform mit EpiDoc: http://epidoc.sourceforge.net</p>
                <p part="N">Majuskel und Minuskel ausgeführt nach Leidener Klammersystem, Majuskel bildet
                  Inschrift originalgetreu ab, Minuskel enthält editorische Hinzufügungen</p>
            </editorialDecl>
            <projectDesc default="false">
                <p part="N">Die keltischen Götternamen in den Inschriften der römischen Provinz Germania
                  Inferior. Eine Fallstudie zu Religion im Kontext von Kulturkontakt und
                  Kulturtransfer (FWF – Projekt P 29274-G25 )</p>
                <p part="N">Das Forschungsprojekt beabsichtigt, sämtliche keltischen Götternamen, die sich in
                  lateinischen Inschriften der römischen Provinz Germania Inferior erhaltenen haben,
                  zusammenzustellen und auszuwerten. Die gewählte Quellengrundlage erscheint
                  besonders geeignet Erscheinungsformen zu untersuchen, welche auf religiöser Ebene
                  durch das Zusammentreffen von verschiedenen kulturellen Einflüssen entstanden
                  sind. Diese sind hier einerseits definiert durch die Verwendung der keltischen
                  Sprache, andererseits durch die lateinische Sprache und durch Formen aus dem
                  Inneren des Imperium Romanum, die man mit dem Etikett „römisch“ versehen kann. Das
                  Interesse gilt dabei nicht nur religiösen, sondern auch damit verbundenen
                  gesellschaftlichen Aspekten und den entsprechenden Mentalitäten. Doch soll damit
                  auch zu einem verbesserten Gesamtbild der Provinzialreligion in Niedergermanien
                  beigetragen werden.<lb/> Die Abschlusspublikation wird ergänzt um einen
                  ausführlichen sprachwissenschaftlichen Kommentar (von Patrizia de Bernardo
                  Stempel) in der Reihe ‚Corpus - F.E.R.C.AN. (Fontes epigraphici religionum
                  Celticarum antiquarum)‘ erscheinen. </p>
            </projectDesc>
        </encodingDesc>
        <profileDesc>
            <langUsage default="false">
                <language ident="la">Latein</language>
            </langUsage>
            <textClass default="false">
                <keywords>
                    <list>
                        <item/> <!-- Belegform gesamt  --> <item> <ref target="context:fercan.divinepart." type="context"> </ref> </item></list></keywords>
            </textClass>
        </profileDesc>
        <revisionDesc status="draft">
            <change when="2019" n="1" corresp="https://gams.uni-graz.at/o:fercan.54/TEI_SOURCE.2020-02-26" status="draft">Initial Version</change>
            <change when="2020" n="2" corresp="https://gams.uni-graz.at/o:fercan.54/TEI_SOURCE.2022-03-07" status="draft">Version 2</change>
            <change when="2022" n="3" status="draft">Version 3</change>
        </revisionDesc>
    </teiHeader>
    <facsimile>
        <graphic mimeType="image/jpeg" xml:id="IMAGE.1" url="file:///0054_Front.jpg">
            <desc>Front, CIL XIII Projekt, CC BY-NC</desc>
        </graphic>
    </facsimile>
    <text>
        <body>
            <ab part="N">
                <ref target="context:fercan" type="context">FERCAN</ref>
            </ab>
            <div subtype="editions" type="bibliography" org="uniform" part="N" sample="complete">
                <listBibl default="false">
                    <bibl xml:id="LIT.1" default="false" status="draft">CIL XIII 8491</bibl>
                    <bibl xml:id="LIT.2" default="false" status="draft">Lehner 1918, Nr. 140</bibl>
                    <bibl xml:id="LIT.3" default="false" status="draft">Alföldy 1967, 2 Nr.4</bibl>
                    <bibl xml:id="LIT.4" default="false" status="draft">Galsterer/Galsterer 1975, Nr.38</bibl>
                    <bibl xml:id="LIT.5" default="false" status="draft">Galsterer/Galsterer 2010, Nr.45</bibl>
                    <bibl xml:id="LIT.6" default="false" status="draft">KIK 2012, Nr.54</bibl>
                
            <bibl xml:id="7">Scheungraber 2020, 301 Nr.1</bibl>
        
            <bibl xml:id="8">Ferlut 2022, Nr.624</bibl>
        </listBibl>
            </div>
            <div subtype="concordances" type="bibliography" org="uniform" part="N" sample="complete">
                <listBibl>
                    <bibl type="EDCS">
                        <idno>EDCS-01200331</idno>
                        <date>zuletzt aufgerufen am 24. Februar 2020</date>
                    </bibl>
                    <bibl type="trismegistos">
                        <idno>www.trismegistos.org/text/415507</idno>
                        <date>zuletzt aufgerufen am 26. Juli 2021</date>
                    </bibl>
                </listBibl>
            </div>
            <div type="edition" subtype="diplomatic" xml:id="majuscule" xml:lang="la" xml:space="preserve" org="uniform" part="N" sample="complete"><ab part="N"><orig><lb n="1"/>HER<gap reason="lost" extent="unknown" unit="character" instant="false"/> <lb n="2"/> 
GESA<gap reason="lost" extent="unknown" unit="character" instant="false"/> <lb n="3"/> 
R<gap reason="lost" extent="unknown" unit="character" instant="false"/></orig></ab></div>
            <div type="edition" xml:lang="la" xml:id="minuscule" subtype="normalised" xml:space="preserve" org="uniform" part="N" sample="complete"><ab part="N"><lb n="1"/>Her<supplied reason="lost" instant="false">culi <expan instant="false"><abbr>et</abbr><ex cert="low" instant="false"/></expan></supplied><lb n="2"/>Gesa<gap reason="lost" extent="unknown" unit="character" instant="false"/><lb n="3"/>R<gap reason="lost" extent="unknown" unit="character" instant="false"/></ab></div>
            <div type="translation" xml:lang="de" org="uniform" part="N" sample="complete">
                <p part="N">Für  <rs type="divine">Hercules</rs> und die  <rs type="divine">Gesa…!</rs> <lb/> 
R…</p>
            </div>
            <div type="translation" xml:lang="en" org="uniform" part="N" sample="complete">
                <p part="N">To  <rs type="divine">Hercules</rs> and the  <rs type="divine">Gesa…!</rs> <lb/> 
R…</p>
            </div>
            <div type="apparatus" org="uniform" part="N" sample="complete">
            
            <app loc="1">
                <note anchored="true">Her[culi et] – Ferlut</note>
            </app>
        
            <app loc="2">
                <note anchored="true">Gesa[henis(?)] – Scheungraber; Gesa[henis] – Ferlut</note>
            </app>
        </div>
            <div type="commentary" subtype="deity" org="uniform" part="N" sample="complete">                                                <p part="N"> <rs type="divine">Gesa…:</rs> vermutlich Rest von  <rs type="divine">Gesachenae:</rs> <span lang="pt-PT">keltisch: </span>
                    <span lang="pt-PT">‚</span>Z<font face="Arial, serif">
                        <span lang="pt-PT">u</span>
                    </font>
                                                    <font face="Arial, serif">
                        <span lang="pt-PT">
den Söldner(truppe)n Gehörende [Muttergöttinnen]’ (</span>
                    </font>
                    <span lang="pt-PT">de
Bernardo Stempel</span>
                    <span lang="pt-PT"> </span>
                    <span lang="pt-PT">Corpus
F.E.R.C.A.N. II/1 288-290</span>
                    <span lang="pt-PT">).</span>
                    <span lang="pt-PT"/> </p>
                                                <p part="N">So auch  <rs type="divine">Gesationum</rs>: <span lang="pt-PT">keltisch: </span>
                    <span lang="pt-PT">‚</span>D<font face="Arial, serif">
                        <span lang="pt-PT">er </span>
                    </font>
                                                    <font face="Arial, serif">
                        <span lang="pt-PT">Söldner bzw. vermutlich der Söldnertruppen’</span>
                    </font>
                    <span lang="pt-PT">
(</span>
                    <span lang="pt-PT">de Bernardo Stempel </span>
                    <span lang="pt-PT">Corpus F.E.R.C.A.N. II/1 286f</span>
                    <span lang="pt-PT">)</span>; anders Alföldy (1967, in BJB 167, 438), der eine germanische Sippe vermutet.  </p>
                                                <p part="N">

Vorkommen in theonymischen Formularen: </p>
                                                <p part="N">
 <rs type="divine">Gesachenae</rs>:  <lb/>
- Germania Inferior: insgesamt 3x belegt (CF-GeI-16, CF-GeI-53 und CF-GeI-54), wobei sich jedoch in CF-GeI-53 das in der Inschrift weiter vorne genannte  <rs type="divine">Matronae</rs> möglicherweise auch auf die  <rs type="divine">Gesachenae</rs> bezieht.; die Ergänzung zu  <rs type="divine">Gesachenae</rs> in der hier behandelten Inschrift ist sehr unsicher. „Gesa“ könnte auch ein auf  <rs type="divine">Hercules</rs> bezogener Beiname oder der Anfang des Namens des Stifters sein. <lb/> 
- außerhalb der Germania Inferior: - </p>
                                                <p part="N">
 <rs type="divine">Matronae Gesachenae</rs>:   <lb/>
- Germania Inferior: 2x belegt (CF-GeI-52 und CF-GeI-55) <lb/> 
- außerhalb der Germania Inferior: - </p>
                                                <p part="N">
 <rs type="divine">Matronae Gesationum</rs>:  <lb/>
- Germania Inferior: nur in CF-GeI-56 bezeugt <lb/> 
- außerhalb der Germania Inferior: - </p>
                                                <p part="N">

*** </p>
                                                <p part="N">

Nicht keltische Götternamen: </p>
                                                <p part="N">

 <rs type="divine">Hercules:</rs> <lb/>
Am Anfang der Inschrift des Altars, wo üblicherweise der Name des geehrten Gottes steht, ist eine Ergänzung auf Hercules wahrscheinlich. </p>
            </div>
            <linkGrp type="alignment" domains="#majuscule #minuscule">
                <link target="#MAJ.1 #MIN.1"/>
                <link target="#MAJ.2 #MIN.2"/>
                <link target="#MAJ.3 #MIN.3"/>
            </linkGrp>
        </body>
        <back>
            <tei:note xmlns:tei="http://www.tei-c.org/ns/1.0" type="Objbeschr_note" anchored="true"/>
            <tei:note xmlns:tei="http://www.tei-c.org/ns/1.0" type="ArchKlass_note" anchored="true"/>
            <tei:note xmlns:tei="http://www.tei-c.org/ns/1.0" type="Material_note" anchored="true"/>
            <tei:note xmlns:tei="http://www.tei-c.org/ns/1.0" type="Inschrifttraeger_note" anchored="true"/>
            <tei:note xmlns:tei="http://www.tei-c.org/ns/1.0" type="VerwahrortOrt_note" anchored="true"/>
            <tei:note xmlns:tei="http://www.tei-c.org/ns/1.0" type="InvNr_note" anchored="true"/>
            <tei:note xmlns:tei="http://www.tei-c.org/ns/1.0" type="Fundstelle_note" anchored="true"/>
            <tei:note xmlns:tei="http://www.tei-c.org/ns/1.0" type="Fundumst_note" anchored="true"/>
            <tei:note xmlns:tei="http://www.tei-c.org/ns/1.0" type="Fundjahr_note" anchored="true"/>
            <tei:note xmlns:tei="http://www.tei-c.org/ns/1.0" type="FOantik_note" anchored="true"/>
            <tei:note xmlns:tei="http://www.tei-c.org/ns/1.0" type="FOmodern_note" anchored="true"/>
            <tei:note xmlns:tei="http://www.tei-c.org/ns/1.0" type="civitas_note" anchored="true"/>
            <tei:note xmlns:tei="http://www.tei-c.org/ns/1.0" type="Autopsie_note" anchored="true"/>
            <tei:note xmlns:tei="http://www.tei-c.org/ns/1.0" type="Appcrit_note" anchored="true"/>
            <tei:note xmlns:tei="http://www.tei-c.org/ns/1.0" type="Abb_note" anchored="true"/>
            <tei:note xmlns:tei="http://www.tei-c.org/ns/1.0" type="englUEbers_note" anchored="true"/>
            <tei:note xmlns:tei="http://www.tei-c.org/ns/1.0" type="dtUEbers_note" anchored="true"/>
            <tei:note xmlns:tei="http://www.tei-c.org/ns/1.0" type="Editionen_note" anchored="true"/>
            <tei:note xmlns:tei="http://www.tei-c.org/ns/1.0" type="ErhzustObj_note" anchored="true"/>
            <tei:note xmlns:tei="http://www.tei-c.org/ns/1.0" type="Masse_note" anchored="true"/>
            <tei:note xmlns:tei="http://www.tei-c.org/ns/1.0" type="Ikonogr_note" anchored="true"/>
            <tei:note xmlns:tei="http://www.tei-c.org/ns/1.0" type="Inschrtext_note" anchored="true"/>
            <tei:note xmlns:tei="http://www.tei-c.org/ns/1.0" type="ErhzustInschr_note" anchored="true"/>
            <tei:note xmlns:tei="http://www.tei-c.org/ns/1.0" type="Schrifttechnik_note" anchored="true"/>
            <tei:note xmlns:tei="http://www.tei-c.org/ns/1.0" type="Buchsthoehe_note" anchored="true"/>
            <tei:note xmlns:tei="http://www.tei-c.org/ns/1.0" type="Notvar_note" anchored="true"/>
            <tei:note xmlns:tei="http://www.tei-c.org/ns/1.0" type="SonstKomm_note" anchored="true"/>
            <tei:note xmlns:tei="http://www.tei-c.org/ns/1.0" type="Datierung_note" anchored="true"/>
            <tei:note xmlns:tei="http://www.tei-c.org/ns/1.0" type="KommGoettern_note" anchored="true">
                <p part="N">Für Alte Version (13.04.23) siehe CF-GeI-16<br/>
                </p>
            </tei:note>
        </back>
    </text>
</TEI>