<?xml-model href="https://gams.uni-graz.at/context:fercan/SCHEMA_EPIDOC_9.1" type="application/xml" schematypens="http://relaxng.org/ns/structure/1.0"?><TEI xmlns="http://www.tei-c.org/ns/1.0" xmlns:xsi="http://www.w3.org/2001/XMLSchema-instance" xml:id="inferior362">
    <teiHeader>
        <fileDesc>
            <titleStmt>
                <title type="full">
                    <title type="main">Nehalennia</title>
                    <title type="sub">CF-GeI-362</title>
                </title>
                <respStmt>
                    <resp>Inschriftenedition</resp>
                    <persName instant="false" full="yes">
                        <forename full="yes">Werner</forename>
                        <surname full="yes">Petermandl</surname>
                    </persName>
                </respStmt>
                <respStmt>
                    <resp>Archäologische Beschreibung und geografische Daten</resp>
                    <persName instant="false" full="yes">
                        <forename full="yes">Astrid</forename>
                        <surname full="yes">Schmölzer</surname>
                    </persName>
                </respStmt>
                <funder ref="https://www.fwf.ac.at">Austrian Science Fund (FWF): P
                  29274-G25</funder>
            </titleStmt>
            <publicationStmt>
                <publisher>
                    <link target="https://antike.uni-graz.at"/>
                    <orgName ref="https://d-nb.info/gnd/1213531357" instant="false" full="yes">Institut für Antike, Fachbereich
                    Alte Geschichte und Epigraphik, Karl-Franzens-Universität Graz</orgName>
                </publisher>
                <authority>
                    <link target="https://informationsmodellierung.uni-graz.at"/>
                    <orgName ref="http://d-nb.info/gnd/1137284463" instant="false" full="yes">Zentrum für
                    Informationsmodellierung - Austrian Centre for Digital Humanities,
                    Karl-Franzens-Universität Graz</orgName>
                </authority>
                <distributor>
                    <link target="https://gams.uni-graz.at"/>
                    <orgName instant="false" full="yes">GAMS - Geisteswissenschaftliches Asset Management System</orgName>
                </distributor>
                <date when="2022" instant="false">2022</date>
                <pubPlace>Graz</pubPlace>
                <idno type="PID">o:fercan.362</idno>
                <availability default="false">
                    <licence target="https://creativecommons.org/licenses/by-nc/4.0">Creative Commons
                    BY-NC 4.0</licence>
                </availability>
            </publicationStmt>
            <seriesStmt>
                <title ref="https://gams.uni-graz.at/fercan">FERCAN: Fontes Epigraphici Religionum
                  Celticarum Antiquarum</title>
                <respStmt>
                    <resp>Projektleitung</resp>
                    <persName instant="false" full="yes">
                        <forename full="yes">Wolfgang</forename>
                        <surname full="yes">Spickermann</surname>
                    </persName>
                </respStmt>
            </seriesStmt>
            <sourceDesc default="false">
                <msDesc status="draft">
                    <msIdentifier>
                        <settlement>Middelburg</settlement>
                        <repository>Zeeuws Museum, Sammlung Valster</repository>
                        <idno>GVA 1994-4</idno>
                    </msIdentifier>
                    <msContents>
                        <summary>Weihinschrift</summary>
                    </msContents>
                    <physDesc>
                        <objectDesc>
                            <supportDesc>
                                <support>
                                    <p part="N">Der Weihealtar ist vollständig erhalten. Der schmucklose Altarkörper ist im unteren rechten Bereich durch Ausbrüche zerstört. Gut erhalten hat sich die Bekrönung aus Giebel und seitlichen Pulvini samt Reliefdekor. Oben liegt ein Apfel in der Mitte.</p>
                                    <material>
                                        <ref type="context" target="context:fercan.material.kalkstein" ana="https://gams.uni-graz.at/o:fercan.arch#C.120210">Kalkstein</ref>
                                    </material>
                                    <objectType>Weihealtar</objectType>
                                    <dimensions>
                                        <height unit="cm">63,0</height>
                                        <width unit="cm">35,0</width>
                                        <depth unit="cm">16,5</depth>
                                    </dimensions>
                                </support>
                                <condition>
                                    <ref type="context" target="context:fercan.condition-o.vollstaendig" ana="https://gams.uni-graz.at/o:fercan.arch#C.130400">vollständig</ref>
                                </condition>
                            </supportDesc>
                            <layoutDesc>
                                <layout>
                                    <p part="N">Der Inschriftentext ist bis auf kleine Fehlstellen vollständig erhalten. Er füllt das Inschriftenfeld nicht zur Gänze aus; unten bleibt ein Freiraum von der Höhe ca. einer Zeile. Die Buchstaben der ersten Zeile sind deutlich größer als die übrigen.</p>
                                    <tei:note xmlns:tei="http://www.tei-c.org/ns/1.0" type="condition" anchored="true">weitgehend vollständig</tei:note>
                                </layout>
                            </layoutDesc>
                        </objectDesc>
                        <handDesc>
                            <handNote>
                                <desc type="execution">gemeißelt</desc>
                            </handNote>
                        </handDesc>
                        <decoDesc>
                            <decoNote>
                                <p part="N">Das Giebelfeld wird von einer Rosette geschmückt, die Pulvini von Blattdekor und vorne von Rosetten in Form von vierblättrigen Blüten. <lb/>
Auf der linken Schmalseite ist eine männliche Figur auf einem Podest stehend dargestellt. Der Mann ist in eine Tunika gekleidet und steht nach rechts gewandt in leichtem Kontrapost mit rechtem Stand- und linkem Spielbein da. Er hat in beiden Händen eine Girlande. Mit nach rechts erhobenen Blick und erhobener Hand scheint er eben damit beschäftigt zu sein die Girlande aufzuhängen. <lb/>
Auf der linken Schmalseite ist ebenfalls auf einem Podest eine weitere mit einer Tunika bekleidete Figur zu sehen. Der Opferdiener ist nach links gewandt und steht in leichtem Kontrapost mit linkem Stand- und rechtem Spielbein. In seiner erhobenen linken Hand hält er zwei Gardinen. In der rechten Hand ist der Gegenstand nicht mehr zu erkennen.</p>
                                <term ana="https://gams.uni-graz.at/o:fercan.arch#C.210100">
                                    <ref type="context" target="context:fercan.arch.apfel">Apfel</ref>
                                </term>
                                <term ana="https://gams.uni-graz.at/o:fercan.arch#C.150800">
                                    <ref type="context" target="context:fercan.arch.aufsatzschmuck">Aufsatzschmuck</ref>
                                </term>
                                <term ana="https://gams.uni-graz.at/o:fercan.arch#C.160200">
                                    <ref type="context" target="context:fercan.arch.blattdekor">Blattdekor</ref>
                                </term>
                                <term>
                                    <ref type="context" target="context:fercan.arch.bluete">Blüte</ref>
                                </term>
                                <term ana="https://gams.uni-graz.at/o:fercan.arch#C.210000">
                                    <ref type="context" target="context:fercan.arch.frucht">Frucht</ref>
                                </term>
                                <term ana="https://gams.uni-graz.at/o:fercan.arch#C.253700">
                                    <ref type="context" target="context:fercan.arch.girlande">Girlande</ref>
                                </term>
                                <term ana="https://gams.uni-graz.at/o:fercan.arch#C.230200">
                                    <ref type="context" target="context:fercan.arch.maennliche_figur">männliche Figur</ref>
                                </term>
                                <term ana="https://gams.uni-graz.at/o:fercan.arch#C.230000">
                                    <ref type="context" target="context:fercan.arch.menschliche_figur">menschliche Figur</ref>
                                </term>
                                <term ana="https://gams.uni-graz.at/o:fercan.arch#C.230220">
                                    <ref type="context" target="context:fercan.arch.opferdiener">Opferdiener</ref>
                                </term>
                                <term ana="https://gams.uni-graz.at/o:fercan.arch#C.252500">
                                    <ref type="context" target="context:fercan.arch.podest">Podest</ref>
                                </term>
                                <term ana="https://gams.uni-graz.at/o:fercan.arch#C.150500">
                                    <ref type="context" target="context:fercan.arch.rahmen">Rahmen</ref>
                                </term>
                                <term ana="https://gams.uni-graz.at/o:fercan.arch#C.160000">
                                    <ref type="context" target="context:fercan.arch.reliefdekor">Reliefdekor</ref>
                                </term>
                                <term ana="https://gams.uni-graz.at/o:fercan.arch#C.150400">
                                    <ref type="context" target="context:fercan.arch.reliefschmuck">Reliefschmuck</ref>
                                </term>
                                <term ana="https://gams.uni-graz.at/o:fercan.arch#C.253060">
                                    <ref type="context" target="context:fercan.arch.rosette">Rosette</ref>
                                </term>
                            </decoNote>
                        </decoDesc>
                    </physDesc>
                    <history>
                        <origin instant="false">
                            <origPlace instant="false">
                                <placeName ref="https://pleiades.stoa.org/places/109000" instant="false" full="yes">Ganuenta</placeName>
                                <region>Civitas Frisiavonum</region>
                            </origPlace>
                            <origDate instant="false"/>
                        </origin>
                        <provenance type="found">
                            <placeName instant="false" full="yes">
                                <ref type="context" target="context:fercan.geog.modern.oosterschelde_bei_colijnsplaat">Oosterschelde bei Colijnsplaat</ref>
                            </placeName>
                            <tei:location xmlns:tei="http://www.tei-c.org/ns/1.0" instant="false">
                                <geo decls="#WGS">51.599839 3.849262</geo>
                            </tei:location>
                            <tei:note xmlns:tei="http://www.tei-c.org/ns/1.0" anchored="true">aus dem Meer geborgen</tei:note>
                        </provenance>
                        <provenance type="observed" subtype="autopsied">
                            <p part="N">non vidimus<lb>
                                    <br/>
                                </lb>Lesung gründet auf: Stuart/Bogaers 2001</p>
                        </provenance>
                    </history>
                </msDesc>
                <listPlace default="false">
                    <place instant="false"/>
                </listPlace>
                <listPerson default="false">
                    <person instant="false">
                        <persName type="gentilnomen" instant="false" full="yes">
                            <ref type="context" target="context:fercan.person.gentilnomen.patruitius">Patruitius</ref>
                        </persName>
                    </person>
                    <person instant="false">
                        <persName type="cognomen" instant="false" full="yes">
                            <ref type="context" target="context:fercan.person.cognomen.saturninus">Saturninus</ref>
                        </persName>
                    </person>
                    <person instant="false">
                        <persName type="divine" subtype="celtic_normalized" instant="false" full="yes">
                            <ref type="context" target="context:fercan.dcn.nehalennia">Nehalennia</ref>
                        </persName>
                    </person>
                    <person instant="false">
                        <persName type="divine" subtype="celtic_diplomatic" instant="false" full="yes">
                            <ref type="context" target="context:fercan.dcd.nehalennia.deae_nechaleniae">deae Nechaleniae</ref>
                        </persName>
                    </person>
                    <person instant="false">
                        <persName type="divine" subtype="celtic_element" instant="false" full="yes">
                            <ref type="context" target="context:fercan.dce.nehalennia">Nehalennia</ref>
                        </persName>
                    </person>
                </listPerson>
                <listOrg default="false">
                    <org instant="false"/>
                </listOrg>
            </sourceDesc>
        </fileDesc>
        <encodingDesc>
            <geoDecl xml:id="WGS" datum="WGS84" default="false">World Geodetic System</geoDecl>
            <editorialDecl default="false">
                <p part="N">Digitale Repräsentation konform mit EpiDoc: http://epidoc.sourceforge.net</p>
                <p part="N">Majuskel und Minuskel ausgeführt nach Leidener Klammersystem, Majuskel bildet
                  Inschrift originalgetreu ab, Minuskel enthält editorische Hinzufügungen</p>
            </editorialDecl>
            <projectDesc default="false">
                <p part="N">Die keltischen Götternamen in den Inschriften der römischen Provinz Germania
                  Inferior. Eine Fallstudie zu Religion im Kontext von Kulturkontakt und
                  Kulturtransfer (FWF – Projekt P 29274-G25 )</p>
                <p part="N">Das Forschungsprojekt beabsichtigt, sämtliche keltischen Götternamen, die sich in
                  lateinischen Inschriften der römischen Provinz Germania Inferior erhaltenen haben,
                  zusammenzustellen und auszuwerten. Die gewählte Quellengrundlage erscheint
                  besonders geeignet Erscheinungsformen zu untersuchen, welche auf religiöser Ebene
                  durch das Zusammentreffen von verschiedenen kulturellen Einflüssen entstanden
                  sind. Diese sind hier einerseits definiert durch die Verwendung der keltischen
                  Sprache, andererseits durch die lateinische Sprache und durch Formen aus dem
                  Inneren des Imperium Romanum, die man mit dem Etikett „römisch“ versehen kann. Das
                  Interesse gilt dabei nicht nur religiösen, sondern auch damit verbundenen
                  gesellschaftlichen Aspekten und den entsprechenden Mentalitäten. Doch soll damit
                  auch zu einem verbesserten Gesamtbild der Provinzialreligion in Niedergermanien
                  beigetragen werden.<lb/> Die Abschlusspublikation wird ergänzt um einen
                  ausführlichen sprachwissenschaftlichen Kommentar (von Patrizia de Bernardo
                  Stempel) in der Reihe ‚Corpus - F.E.R.C.AN. (Fontes epigraphici religionum
                  Celticarum antiquarum)‘ erscheinen. </p>
            </projectDesc>
        </encodingDesc>
        <profileDesc>
            <langUsage default="false">
                <language ident="la">Latein</language>
            </langUsage>
            <textClass default="false">
                <keywords>
                    <list>
                        <item>
                            <ref type="context" target="context:fercan.dedication.votum_solvit_libens_merito">votum solvit libens merito</ref>
                        </item>
                        <item/> <!-- Belegform gesamt  --> <item> <ref target="context:fercan.divinepart." type="context"> </ref> </item></list></keywords>
            </textClass>
        </profileDesc>
        <revisionDesc status="draft">
            <change when="2019" n="1" corresp="https://gams.uni-graz.at/o:fercan.362/TEI_SOURCE.2020-02-26" status="draft">Initial Version</change>
            <change when="2020" n="2" corresp="https://gams.uni-graz.at/o:fercan.362/TEI_SOURCE.2022-03-07" status="draft">Version 2</change>
            <change when="2022" n="3" status="draft">Version 3</change>
        </revisionDesc>
    </teiHeader>
    <facsimile>
        <graphic mimeType="image/png" xml:id="IMAGE.1" url="file:///0362_Front.PNG">
            <desc>Front, Stuart/Bogaers 2001, Taf.57, B5, Rechte vorbehalten</desc>
        </graphic>
        <graphic mimeType="image/png" xml:id="IMAGE.2" url="file:///0362_li.PNG">
            <desc>links, Stuart/Bogaers 2001, Taf.57, B5, Rechte vorbehalten</desc>
        </graphic>
        <graphic mimeType="image/png" xml:id="IMAGE.3" url="file:///0362_re.PNG">
            <desc>rechts, Stuart/Bogaers 2001, Taf.57, B5, Rechte vorbehalten</desc>
        </graphic>
    </facsimile>
    <text>
        <body>
            <ab part="N">
                <ref target="context:fercan" type="context">FERCAN</ref>
            </ab>
            <div subtype="editions" type="bibliography" org="uniform" part="N" sample="complete">
                <listBibl default="false">
                    <bibl xml:id="LIT.1" default="false" status="draft">Stuart 1997, 46</bibl>
                    <bibl xml:id="LIT.2" default="false" status="draft">AE 1997, 1160</bibl>
                    <bibl xml:id="LIT.3" default="false" status="draft">Stuart/Bogaers 2001, B5</bibl>
                
            <bibl xml:id="4">Scheungraber 2020, 403 Nr.81</bibl>
        
            <bibl xml:id="5">Ferlut 2022, Nr.996</bibl>
        </listBibl>
            </div>
            <div subtype="concordances" type="bibliography" org="uniform" part="N" sample="complete">
                <listBibl>
                    <bibl type="EDCS">
                        <idno>EDCS-23400596</idno>
                        <date>zuletzt aufgerufen am 24. Februar 2020</date>
                    </bibl>
                    <bibl type="EDH">
                        <idno>HD049712</idno>
                        <date>Version vom 12. Juni 2017</date>
                    </bibl>
                    <bibl type="trismegistos">
                        <idno>www.trismegistos.org/text/209678</idno>
                        <date>zuletzt aufgerufen am 30. Juni 2021</date>
                    </bibl>
                </listBibl>
            </div>
            <div type="edition" subtype="diplomatic" xml:id="majuscule" xml:lang="la" xml:space="preserve" org="uniform" part="N" sample="complete"><ab part="N"><orig><lb n="1"/>DEAE  <lb n="2"/>
NECHALENIAE  <lb n="3"/>
L PATRVITI<gap reason="lost" quantity="1" unit="character" instant="false"/>S  <lb n="4"/>
SATVRN<unclear instant="false">I</unclear>N<gap reason="lost" extent="unknown" unit="character" instant="false"/>  <lb n="5"/>
V S <unclear instant="false">L</unclear> M</orig></ab></div>
            <div type="edition" xml:lang="la" xml:id="minuscule" subtype="normalised" xml:space="preserve" org="uniform" part="N" sample="complete"><ab part="N"><lb n="1"/>Deae<lb n="2"/>Nechaleniae<lb n="3"/><expan instant="false"><abbr>L</abbr><ex instant="false">ucius</ex></expan> Patruiti<supplied reason="lost" instant="false">u</supplied>s<lb n="4"/>Saturnin<supplied reason="lost" instant="false">us</supplied><lb n="5"/><expan instant="false"><abbr>v</abbr><ex instant="false">otum</ex></expan> <expan instant="false"><abbr>s</abbr><ex instant="false">olvit</ex></expan> <expan instant="false"><abbr>l</abbr><ex instant="false">ibens</ex></expan> <expan instant="false"><abbr>m</abbr><ex instant="false">erito</ex></expan></ab></div>
            <div type="translation" xml:lang="de" org="uniform" part="N" sample="complete">
                <p part="N">Für die Göttin  <rs type="divine">Nechalenia!</rs>   <lb/> 
Lucius Patruitius Saturninus hat das Gelübde gerne und verdientermaßen erfüllt.  </p>
            </div>
            <div type="translation" xml:lang="en" org="uniform" part="N" sample="complete">
                <p part="N">To the goddess  <rs type="divine">Nechalenia!</rs>   <lb/> 
Lucius Patruitius Saturninus has fulfilled a vow willingly and deservedly.   </p>
            </div>
            <div type="apparatus" org="uniform" part="N" sample="complete">
                <app loc="#MIN.3 #MAJ.3">
                    <tei:note xmlns:tei="http://www.tei-c.org/ns/1.0" anchored="true">Patruitius – Stuart 1997, AE</tei:note>
                </app>
                <app loc="#MIN.4 #MAJ.4">
                    <tei:note xmlns:tei="http://www.tei-c.org/ns/1.0" anchored="true">Saturninus – Stuart 1997, AE</tei:note>
                </app>
            
            <app loc="2">
                <note anchored="true">Ne{c}halen(n)iae – Scheungraber; Ne{c}haleniae – Ferlut</note>
            </app>
        </div>
            <div type="commentary" subtype="general" org="uniform" part="N" sample="complete">
                <p part="N">Lucius Patruitius Saturninus: tria nomina <lb/>
Patruitius: einheimisches Pseudogentilnomen, abgeleitet vom lateinischen Cognomen Patruitus; der Name ist bislang nur hier belegt (Kakoschke 2006, GN 932). <lb/>
Saturninus: lateinisches Cognomen, Weiterbildung des Cognomens Saturnus, überall äußerst gängiger Name (Kakoschke 2008, CN 2720)</p>
            </div>
            <div type="commentary" subtype="deity" org="uniform" part="N" sample="complete">                                                <p part="N"> <rs type="divine">Nechalenia</rs>: Variante von  <rs type="divine">Nehalennia</rs>: keltisch erklärbar: ‚Die [Göttin] im Salzwasser bzw. in der See‘ (de Bernardo Stempel Corpus F.E.R.C.A.N. II/1 145f).</p>
                                                <p part="N">

Vorkommen in theonymischen Formularen: </p>
                                                <p part="N">
 <rs type="divine">Nehalennia</rs>: <lb/>
- Germania Inferior: Belege sind überaus häufig. Zwei Inschriften stammen aus Köln alle anderen aus Domburg und Colijnsplaat. Die Göttin wird dabei, bis auf wenige Ausnahmen, stets als  <rs type="divine">dea Nehalennia</rs> angesprochen. <lb/> 
- außerhalb der Germania Inferior: -</p>
            </div>
            <linkGrp type="alignment" domains="#majuscule #minuscule">
                <link target="#MAJ.1 #MIN.1"/>
                <link target="#MAJ.2 #MIN.2"/>
                <link target="#MAJ.3 #MIN.3"/>
                <link target="#MAJ.4 #MIN.4"/>
                <link target="#MAJ.5 #MIN.5"/>
            </linkGrp>
        </body>
        <back>
            <tei:note xmlns:tei="http://www.tei-c.org/ns/1.0" type="Objbeschr_note" anchored="true"/>
            <tei:note xmlns:tei="http://www.tei-c.org/ns/1.0" type="ArchKlass_note" anchored="true"/>
            <tei:note xmlns:tei="http://www.tei-c.org/ns/1.0" type="Material_note" anchored="true"/>
            <tei:note xmlns:tei="http://www.tei-c.org/ns/1.0" type="Inschrifttraeger_note" anchored="true"/>
            <tei:note xmlns:tei="http://www.tei-c.org/ns/1.0" type="VerwahrortOrt_note" anchored="true"/>
            <tei:note xmlns:tei="http://www.tei-c.org/ns/1.0" type="InvNr_note" anchored="true"/>
            <tei:note xmlns:tei="http://www.tei-c.org/ns/1.0" type="Fundstelle_note" anchored="true"/>
            <tei:note xmlns:tei="http://www.tei-c.org/ns/1.0" type="Fundumst_note" anchored="true"/>
            <tei:note xmlns:tei="http://www.tei-c.org/ns/1.0" type="Fundjahr_note" anchored="true"/>
            <tei:note xmlns:tei="http://www.tei-c.org/ns/1.0" type="FOantik_note" anchored="true"/>
            <tei:note xmlns:tei="http://www.tei-c.org/ns/1.0" type="FOmodern_note" anchored="true"/>
            <tei:note xmlns:tei="http://www.tei-c.org/ns/1.0" type="civitas_note" anchored="true"/>
            <tei:note xmlns:tei="http://www.tei-c.org/ns/1.0" type="Autopsie_note" anchored="true"/>
            <tei:note xmlns:tei="http://www.tei-c.org/ns/1.0" type="Appcrit_note" anchored="true"/>
            <tei:note xmlns:tei="http://www.tei-c.org/ns/1.0" type="Abb_note" anchored="true"/>
            <tei:note xmlns:tei="http://www.tei-c.org/ns/1.0" type="englUEbers_note" anchored="true"/>
            <tei:note xmlns:tei="http://www.tei-c.org/ns/1.0" type="dtUEbers_note" anchored="true"/>
            <tei:note xmlns:tei="http://www.tei-c.org/ns/1.0" type="Editionen_note" anchored="true"/>
            <tei:note xmlns:tei="http://www.tei-c.org/ns/1.0" type="ErhzustObj_note" anchored="true"/>
            <tei:note xmlns:tei="http://www.tei-c.org/ns/1.0" type="Masse_note" anchored="true"/>
            <tei:note xmlns:tei="http://www.tei-c.org/ns/1.0" type="Ikonogr_note" anchored="true"/>
            <tei:note xmlns:tei="http://www.tei-c.org/ns/1.0" type="Inschrtext_note" anchored="true"/>
            <tei:note xmlns:tei="http://www.tei-c.org/ns/1.0" type="ErhzustInschr_note" anchored="true"/>
            <tei:note xmlns:tei="http://www.tei-c.org/ns/1.0" type="Schrifttechnik_note" anchored="true"/>
            <tei:note xmlns:tei="http://www.tei-c.org/ns/1.0" type="Buchsthoehe_note" anchored="true"/>
            <tei:note xmlns:tei="http://www.tei-c.org/ns/1.0" type="Notvar_note" anchored="true"/>
            <tei:note xmlns:tei="http://www.tei-c.org/ns/1.0" type="SonstKomm_note" anchored="true"/>
            <tei:note xmlns:tei="http://www.tei-c.org/ns/1.0" type="Datierung_note" anchored="true"/>
            <tei:note xmlns:tei="http://www.tei-c.org/ns/1.0" type="KommGoettern_note" anchored="true">
                <p part="N">Für die Alte Version (25.04.23) siehe CF-GeI-286<br/>
                </p>
            </tei:note>
        </back>
    </text>
</TEI>