<?xml-model href="https://gams.uni-graz.at/context:fercan/SCHEMA_EPIDOC_9.1" type="application/xml" schematypens="http://relaxng.org/ns/structure/1.0"?><TEI xmlns="http://www.tei-c.org/ns/1.0" xmlns:xsi="http://www.w3.org/2001/XMLSchema-instance" xml:id="inferior52">
    <teiHeader>
        <fileDesc>
            <titleStmt>
                <title type="full">
                    <title type="main">Matronae Gesachenae</title>
                    <title type="sub">CF-GeI-52</title>
                </title>
                <respStmt>
                    <resp>Inschriftenedition</resp>
                    <persName instant="false" full="yes">
                        <forename full="yes">Werner</forename>
                        <surname full="yes">Petermandl</surname>
                    </persName>
                </respStmt>
                <respStmt>
                    <resp>Archäologische Beschreibung und geografische Daten</resp>
                    <persName instant="false" full="yes">
                        <forename full="yes">Astrid</forename>
                        <surname full="yes">Schmölzer</surname>
                    </persName>
                </respStmt>
                <funder ref="https://www.fwf.ac.at">Austrian Science Fund (FWF): P
                  29274-G25</funder>
            </titleStmt>
            <publicationStmt>
                <publisher>
                    <link target="https://antike.uni-graz.at"/>
                    <orgName ref="https://d-nb.info/gnd/1213531357" instant="false" full="yes">Institut für Antike, Fachbereich
                    Alte Geschichte und Epigraphik, Karl-Franzens-Universität Graz</orgName>
                </publisher>
                <authority>
                    <link target="https://informationsmodellierung.uni-graz.at"/>
                    <orgName ref="http://d-nb.info/gnd/1137284463" instant="false" full="yes">Zentrum für
                    Informationsmodellierung - Austrian Centre for Digital Humanities,
                    Karl-Franzens-Universität Graz</orgName>
                </authority>
                <distributor>
                    <link target="https://gams.uni-graz.at"/>
                    <orgName instant="false" full="yes">GAMS - Geisteswissenschaftliches Asset Management System</orgName>
                </distributor>
                <date when="2022" instant="false">2022</date>
                <pubPlace>Graz</pubPlace>
                <idno type="PID">o:fercan.52</idno>
                <availability default="false">
                    <licence target="https://creativecommons.org/licenses/by-nc/4.0">Creative Commons
                    BY-NC 4.0</licence>
                </availability>
            </publicationStmt>
            <seriesStmt>
                <title ref="https://gams.uni-graz.at/fercan">FERCAN: Fontes Epigraphici Religionum
                  Celticarum Antiquarum</title>
                <respStmt>
                    <resp>Projektleitung</resp>
                    <persName instant="false" full="yes">
                        <forename full="yes">Wolfgang</forename>
                        <surname full="yes">Spickermann</surname>
                    </persName>
                </respStmt>
            </seriesStmt>
            <sourceDesc default="false">
                <msDesc status="draft">
                    <msIdentifier>
                        <settlement>Bonn</settlement>
                        <repository>Rheinisches Landesmuseum (Abguss); Original ehemals im Antiquarium von Mannheim</repository>
                        <idno>16271</idno>
                    </msIdentifier>
                    <msContents>
                        <summary>Weihinschrift</summary>
                    </msContents>
                    <physDesc>
                        <objectDesc>
                            <supportDesc>
                                <support>
                                    <p part="N">Der fast vollständig erhaltene Aedicula-Altar ist an der oberen linken Seite neben der Nische stark bestoßen, die rechte Seite fehlt in einem schrägen Bruch nach oben hin, das Götterbild ist jedoch vorhanden. Die Matronen sind größtenteils erhalten, allerdings fehlt der mittleren der Kopf und das Gesicht der rechten ist stark zerstört.<lb/>Auf den Sockel folgt das gerahmte Inschriftenfeld, darüber nach einem kleinen Absatz die Götterbildnische. Die Nische war vermutlich architektonisch gestaltet, wie links die Reste eines Pilasters samt Basis verraten. Die Nische hat einen erhaltenen geradlinigen Abschluss. Die Bekrönung ist nicht mehr erhalten, eventuell endete der Altar mit einem flachen Aufsatz. Auffallend ist das Kapitell direkt über dem Kopf der mittleren Matrone an der Nischenwand. Nach der Umzeichnung ist es möglicherweise ein korinthisches Kapitell gewesen.</p>
                                    <material>
                                        <ref type="context" target="context:fercan.material.kalkstein" ana="https://gams.uni-graz.at/o:fercan.arch#C.120210">Kalkstein</ref>
                                    </material>
                                    <objectType>Aedicula-Altar</objectType>
                                    <dimensions>
                                        <height unit="cm">119,0</height>
                                        <width unit="cm">83,0</width>
                                        <depth unit="cm">34,0</depth>
                                    </dimensions>
                                </support>
                                <condition>
                                    <ref type="context" target="context:fercan.condition-o.weitgehend_vollstaendig" ana="https://gams.uni-graz.at/o:fercan.arch#C.130500">weitgehend vollständig</ref>
                                </condition>
                            </supportDesc>
                            <layoutDesc>
                                <layout>
                                    <p part="N">Der Inschriftentext ist bis auf den abgebrochenen rechten Rand vollständig erhalten. Der rechte Teil ist nur mehr schwer lesbar.<lb/>Ligaturen: s. Majuskeltext. Besondere Zeichen: in Z.1 ist ein N ins O eingeschrieben, in Z.1 Zeichen für einen velaren Reibelaut</p>
                                    <tei:note xmlns:tei="http://www.tei-c.org/ns/1.0" type="condition" anchored="true">weitgehend vollständig</tei:note>
                                </layout>
                            </layoutDesc>
                        </objectDesc>
                        <handDesc>
                            <handNote>
                                <desc type="execution">gemeißelt</desc>
                            </handNote>
                        </handDesc>
                        <decoDesc>
                            <decoNote>
                                <p part="N">Die beiden äußeren Matronen weisen die charakteristischen voluminösen Hauben auf. Der Kopf der mittleren Göttin fehlt, aber der Ansatz der offenen Haare ist nachvollziehbar. Am besten ist die Kleidung der linken Matrone erhalten. Der Mantel wird von einer großen Spange unter der Brust gehalten und fällt in tiefen Falten über ihre Arme und Knie zu Boden. Etwas verwaschener ähnelt diese der Darstellungen der anderen beiden. <lb/>
Alle drei Matronen haben vermutlich Körbe oder Schüsseln auf dem Schoß, der Inhalt kann nicht eindeutig identifiziert werden, vermutlich handelt es sich um Obstkörbe. Die rechte Matrone hat ihre linke Hand auf den Arm der neben ihr sitzenden Matrone bzw. deren Korb gelegt. <lb/>
Die auf der linken Seite erkennbare Lehne der Sitzbank, laut Lehner ein Delphin (Lehner 1918, 151f.), kann als Fisch erkannt werden, dessen Flosse geschwungen nach oben ragt, während er mit dem Kopf auf der Sitzbank ruht. Vermutlich entsprach dieser Darstellung auch die rechte, nicht mehr vorhandene Seite. <lb/>
Die Sitzbank ist jedoch leicht gerundet, wodurch die Nische etwas exedrenartig wirkt. Der obere Abschluss ist jedoch geradlinig. Etwa auf Schulterhöhe der sitzenden Frauen ist der Rand der Sitzlehne festzustellen. <lb/>
Beide Relieffelder sind durch einen glatten einfachen Rahmen eingefasst, der jedoch an mehreren Rändern zerstört wurde. Die linke Schmalseite zeigt ein untergliedertes Relief. Im unteren kleinen Feld sind Akanthusblätter vorhanden. Darüber, getrennt durch eine Perlstableiste, steht ein Mann, der ein gegürtetes Gewand trägt. Seine linke Seite ist stark bestoßen und sein Gesicht nicht mehr zu erkennen. In seiner erhaltenen, herabhängenden Hand hält er eine Opferschale und kann auch als Opferdiener bzw. Opfernder angesprochen werden. Meiner Meinung nach wäre ein dargestellter Stifter, der wohl einer höhergestellten sozialen Schicht angehört, nicht so einfach gewandet dargestellt, sondern mit angemessenem reichen Gewand und ev. ‚capite velato‘ nach römischem Brauch. <lb/>
Die rechte Schmalseite ist ab der Mitte stark zerstört. Erkennbar ist ein menschliches Bein, nach Lehner eine Frau, allerdings kann kein Rest ihres Gewandes erkannt werden. Sie steht auf einem durch eine stark bestoßene Perlstableiste abgetrennten Akanthus-Motiv.</p>
                                <term ana="https://gams.uni-graz.at/o:fercan.arch#C.253020">
                                    <ref type="context" target="context:fercan.arch.akanthus">Akanthus</ref>
                                </term>
                                <term ana="https://gams.uni-graz.at/o:fercan.arch#C.220000">
                                    <ref type="context" target="context:fercan.arch.architektur">Architektur</ref>
                                </term>
                                <term ana="https://gams.uni-graz.at/o:fercan.arch#C.252400">
                                    <ref type="context" target="context:fercan.arch.bank">Bank</ref>
                                </term>
                                <term ana="https://gams.uni-graz.at/o:fercan.arch#C.254171">
                                    <ref type="context" target="context:fercan.arch.delphin">Delphin</ref>
                                </term>
                                <term ana="https://gams.uni-graz.at/o:fercan.arch#C.254170">
                                    <ref type="context" target="context:fercan.arch.fisch">Fisch</ref>
                                </term>
                                <term ana="https://gams.uni-graz.at/o:fercan.arch#C.240100">
                                    <ref type="context" target="context:fercan.arch.goetterbild">Götterbild</ref>
                                </term>
                                <term ana="https://gams.uni-graz.at/o:fercan.arch#C.220200">
                                    <ref type="context" target="context:fercan.arch.kapitell">Kapitell</ref>
                                </term>
                                <term ana="https://gams.uni-graz.at/o:fercan.arch#C.220210">
                                    <ref type="context" target="context:fercan.arch.korinthisches_kapitell">korinthisches Kapitell</ref>
                                </term>
                                <term ana="https://gams.uni-graz.at/o:fercan.arch#C.230200">
                                    <ref type="context" target="context:fercan.arch.maennliche_figur">männliche Figur</ref>
                                </term>
                                <term ana="https://gams.uni-graz.at/o:fercan.arch#C.230000">
                                    <ref type="context" target="context:fercan.arch.menschliche_figur">menschliche Figur</ref>
                                </term>
                                <term ana="https://gams.uni-graz.at/o:fercan.arch#C.251700">
                                    <ref type="context" target="context:fercan.arch.obstschale">Obstschale</ref>
                                </term>
                                <term ana="https://gams.uni-graz.at/o:fercan.arch#C.230220">
                                    <ref type="context" target="context:fercan.arch.opferdiener">Opferdiener</ref>
                                </term>
                                <term ana="https://gams.uni-graz.at/o:fercan.arch#C.151000 https://gams.uni-graz.at/o:fercan.arch#C.252810">
                                    <ref type="context" target="context:fercan.arch.opferschale">Opferschale</ref>
                                </term>
                                <term ana="https://gams.uni-graz.at/o:fercan.arch#C.252600">
                                    <ref type="context" target="context:fercan.arch.opferszene">Opferszene</ref>
                                </term>
                                <term ana="https://gams.uni-graz.at/o:fercan.arch#C.150610">
                                    <ref type="context" target="context:fercan.arch.perlstab">Perlstab</ref>
                                </term>
                                <term ana="https://gams.uni-graz.at/o:fercan.arch#C.253000">
                                    <ref type="context" target="context:fercan.arch.pflanzenornament">Pflanzenornament</ref>
                                </term>
                                <term ana="https://gams.uni-graz.at/o:fercan.arch#C.220500">
                                    <ref type="context" target="context:fercan.arch.pilaster">Pilaster</ref>
                                </term>
                                <term ana="https://gams.uni-graz.at/o:fercan.arch#C.150500">
                                    <ref type="context" target="context:fercan.arch.rahmen">Rahmen</ref>
                                </term>
                                <term ana="https://gams.uni-graz.at/o:fercan.arch#C.253010">
                                    <ref type="context" target="context:fercan.arch.ranke">Ranke</ref>
                                </term>
                                <term ana="https://gams.uni-graz.at/o:fercan.arch#C.150700">
                                    <ref type="context" target="context:fercan.arch.register">Register</ref>
                                </term>
                                <term ana="https://gams.uni-graz.at/o:fercan.arch#C.150400">
                                    <ref type="context" target="context:fercan.arch.reliefschmuck">Reliefschmuck</ref>
                                </term>
                                <term ana="https://gams.uni-graz.at/o:fercan.arch#C.254100">
                                    <ref type="context" target="context:fercan.arch.tier">Tier</ref>
                                </term>
                                <term ana="https://gams.uni-graz.at/o:fercan.arch#C.130200">
                                    <ref type="context" target="context:fercan.arch.umzeichnung">Umzeichnung</ref>
                                </term>
                            </decoNote>
                        </decoDesc>
                    </physDesc>
                    <history>
                        <origin instant="false">
                            <origPlace instant="false">
                                <region>CCAA</region>
                            </origPlace>
                            <origDate instant="false"/>
                        </origin>
                        <provenance type="found" when="1785">
                            <placeName instant="false" full="yes">
                                <ref type="context" target="context:fercan.geog.modern.roedingen">Rödingen</ref>
                            </placeName>
                            <p part="N">in der Flur „in der Hölle“</p>
                            <tei:location xmlns:tei="http://www.tei-c.org/ns/1.0" instant="false">
                                <geo decls="#WGS">50.955607 6.466480</geo>
                            </tei:location>
                            <tei:note xmlns:tei="http://www.tei-c.org/ns/1.0" anchored="true">„in quo reperti sunt an. 1785 lapides literati plures“  (CIL)</tei:note>
                        </provenance>
                        <provenance type="observed" subtype="autopsied">vidimus (CIL XIII Projekt)</provenance>
                    </history>
                </msDesc>
                <listPlace default="false">
                    <place instant="false"/>
                </listPlace>
                <listPerson default="false">
                    <person instant="false">
                        <persName type="gentilnomen" instant="false" full="yes">
                            <ref type="context" target="context:fercan.person.gentilnomen.iulia">Iulia</ref>
                        </persName>
                    </person>
                    <person instant="false">
                        <persName type="gentilnomen" instant="false" full="yes">
                            <ref type="context" target="context:fercan.person.gentilnomen.iulius">Iulius</ref>
                        </persName>
                    </person>
                    <person instant="false">
                        <persName type="cognomen" instant="false" full="yes">
                            <ref type="context" target="context:fercan.person.cognomen.valentinus">Valentinus</ref>
                        </persName>
                    </person>
                    <person instant="false">
                        <persName type="cognomen" instant="false" full="yes">
                            <ref type="context" target="context:fercan.person.cognomen.iustina">Iustina</ref>
                        </persName>
                    </person>
                    <person instant="false">
                        <persName type="divine" subtype="celtic_normalized" instant="false" full="yes">
                            <ref type="context" target="context:fercan.dcn.matronae_gesachenae">Matronae Gesachenae</ref>
                        </persName>
                    </person>
                    <person instant="false">
                        <persName type="divine" subtype="celtic_diplomatic" instant="false" full="yes">
                            <ref type="context" target="context:fercan.dcd.matronae_gesachenae.matron_is__gesachen_is">Matron(is) Gesachen[is]</ref>
                        </persName>
                    </person>
                    <person instant="false">
                        <persName type="divine" subtype="celtic_element" instant="false" full="yes">
                            <ref type="context" target="context:fercan.dce.gesachenae">Gesachenae</ref>
                        </persName>
                    </person>
                </listPerson>
                <listOrg default="false">
                    <org instant="false"/>
                </listOrg>
            </sourceDesc>
        </fileDesc>
        <encodingDesc>
            <geoDecl xml:id="WGS" datum="WGS84" default="false">World Geodetic System</geoDecl>
            <editorialDecl default="false">
                <p part="N">Digitale Repräsentation konform mit EpiDoc: http://epidoc.sourceforge.net</p>
                <p part="N">Majuskel und Minuskel ausgeführt nach Leidener Klammersystem, Majuskel bildet
                  Inschrift originalgetreu ab, Minuskel enthält editorische Hinzufügungen</p>
            </editorialDecl>
            <projectDesc default="false">
                <p part="N">Die keltischen Götternamen in den Inschriften der römischen Provinz Germania
                  Inferior. Eine Fallstudie zu Religion im Kontext von Kulturkontakt und
                  Kulturtransfer (FWF – Projekt P 29274-G25 )</p>
                <p part="N">Das Forschungsprojekt beabsichtigt, sämtliche keltischen Götternamen, die sich in
                  lateinischen Inschriften der römischen Provinz Germania Inferior erhaltenen haben,
                  zusammenzustellen und auszuwerten. Die gewählte Quellengrundlage erscheint
                  besonders geeignet Erscheinungsformen zu untersuchen, welche auf religiöser Ebene
                  durch das Zusammentreffen von verschiedenen kulturellen Einflüssen entstanden
                  sind. Diese sind hier einerseits definiert durch die Verwendung der keltischen
                  Sprache, andererseits durch die lateinische Sprache und durch Formen aus dem
                  Inneren des Imperium Romanum, die man mit dem Etikett „römisch“ versehen kann. Das
                  Interesse gilt dabei nicht nur religiösen, sondern auch damit verbundenen
                  gesellschaftlichen Aspekten und den entsprechenden Mentalitäten. Doch soll damit
                  auch zu einem verbesserten Gesamtbild der Provinzialreligion in Niedergermanien
                  beigetragen werden.<lb/> Die Abschlusspublikation wird ergänzt um einen
                  ausführlichen sprachwissenschaftlichen Kommentar (von Patrizia de Bernardo
                  Stempel) in der Reihe ‚Corpus - F.E.R.C.AN. (Fontes epigraphici religionum
                  Celticarum antiquarum)‘ erscheinen. </p>
            </projectDesc>
        </encodingDesc>
        <profileDesc>
            <langUsage default="false">
                <language ident="la">Latein</language>
            </langUsage>
            <textClass default="false">
                <keywords>
                    <list>
                        <item>
                            <ref type="context" target="context:fercan.dedication.ex_imperio_ipsarum">ex imperio ipsarum</ref>
                        </item>
                        <item>
                            <ref type="context" target="context:fercan.dedication.libentes_merito">libentes merito</ref>
                        </item>
                        <item>
                            <ref type="context" target="context:fercan.character.sonderzeichen_fuer_velaren_reibelaut">Sonderzeichen für velaren Reibelaut</ref>
                        </item>
                        <item/> <!-- Belegform gesamt  --> <item> <ref target="context:fercan.divinepart." type="context"> </ref> </item></list></keywords>
            </textClass>
        </profileDesc>
        <revisionDesc status="draft">
            <change when="2019" n="1" corresp="https://gams.uni-graz.at/o:fercan.52/TEI_SOURCE.2020-02-26" status="draft">Initial Version</change>
            <change when="2020" n="2" corresp="https://gams.uni-graz.at/o:fercan.52/TEI_SOURCE.2022-03-07" status="draft">Version 2</change>
            <change when="2022" n="3" status="draft">Version 3</change>
        </revisionDesc>
    </teiHeader>
    <facsimile>
        <graphic mimeType="image/jpeg" xml:id="IMAGE.1" url="file:///0052_Front.jpg">
            <desc>Front, CIL XIII Projekt, CC BY-NC</desc>
        </graphic>
        <graphic mimeType="image/jpeg" xml:id="IMAGE.2" url="file:///0052_li.jpg">
            <desc>links, CIL XIII Projekt, CC BY-NC</desc>
        </graphic>
        <graphic mimeType="image/jpeg" xml:id="IMAGE.3" url="file:///0052_re.jpg">
            <desc>rechts, CIL XIII Projekt, CC BY-NC</desc>
        </graphic>
        <graphic mimeType="image/png" xml:id="IMAGE.4" url="file:///0052_Abschrift.PNG">
            <desc>links, Front (Zeichnung), Ihm 1887, 38, Rechte vorbehalten</desc>
        </graphic>
    </facsimile>
    <text>
        <body>
            <ab part="N">
                <ref target="context:fercan" type="context">FERCAN</ref>
            </ab>
            <div subtype="editions" type="bibliography" org="uniform" part="N" sample="complete">
                <listBibl default="false">
                    <bibl xml:id="LIT.1" default="false" status="draft">ILS 4803</bibl>
                    <bibl xml:id="LIT.2" default="false" status="draft">CIL XIII 7889</bibl>
                    <bibl xml:id="LIT.3" default="false" status="draft">Lehner 1918, Nr.332</bibl>
                    <bibl xml:id="LIT.4" default="false" status="draft">Espérandieu VIII 6336</bibl>
                    <bibl xml:id="LIT.5" default="false" status="draft">Alföldy 1967, 2 Nr.1</bibl>
                
            <bibl xml:id="6">Scheungraber 2020, 301 Nr.2</bibl>
        
            <bibl xml:id="7">Ferlut 2022, Nr.894</bibl>
        </listBibl>
            </div>
            <div subtype="concordances" type="bibliography" org="uniform" part="N" sample="complete">
                <listBibl>
                    <bibl type="EDCS">
                        <idno>EDCS-11100114</idno>
                        <date>zuletzt aufgerufen am 24. Februar 2020</date>
                    </bibl>
                    <bibl type="trismegistos">
                        <idno>www.trismegistos.org/text/414952</idno>
                        <date>zuletzt aufgerufen am 26. Juli 2021</date>
                    </bibl>
                </listBibl>
            </div>
            <div type="edition" subtype="diplomatic" xml:id="majuscule" xml:lang="la" xml:space="preserve" org="uniform" part="N" sample="complete"><ab part="N"><orig><lb n="1"/>MATR<hi rend="ligature">ON</hi> GESA˧EN<gap reason="lost" extent="unknown" unit="character" instant="false"/> <lb n="2"/> 
M · IVL · VALENTINV<gap reason="lost" extent="unknown" unit="character" instant="false"/> <lb n="3"/> 
ET IVLIA · IVSTIN<gap reason="lost" extent="unknown" unit="character" instant="false"/> <lb n="4"/> 
EX IMPERIO IPSAR<hi rend="ligature">VM</hi> L M</orig></ab></div>
            <div type="edition" xml:lang="la" xml:id="minuscule" subtype="normalised" xml:space="preserve" org="uniform" part="N" sample="complete"><ab part="N"><lb n="1"/><expan instant="false"><abbr>Matron</abbr><ex instant="false">is</ex></expan> Gesachen<supplied reason="lost" instant="false">is</supplied><lb n="2"/><expan instant="false"><abbr>M</abbr><ex instant="false">arcus</ex></expan> <expan instant="false"><abbr>Iul</abbr><ex instant="false">ius</ex></expan> Valentinu<supplied reason="lost" instant="false">s</supplied><lb n="3"/>et Iulia Iustin<supplied reason="lost" instant="false">a</supplied><lb n="4"/>ex imperio ipsarum <expan instant="false"><abbr>l</abbr><ex instant="false">ibentes</ex></expan> <expan instant="false"><abbr>m</abbr><ex instant="false">erito</ex></expan></ab></div>
            <div type="translation" xml:lang="de" org="uniform" part="N" sample="complete">
                <p part="N">Für die  <rs type="divine">Matronae Gesachenae!</rs> <lb/> 
Marcus Iulius Valentinus und Iulia Iustina auf deren Geheiß gerne und verdientermaßen.</p>
            </div>
            <div type="translation" xml:lang="en" org="uniform" part="N" sample="complete">
                <p part="N">To the  <rs type="divine">Matronae Gesachenae!</rs> <lb/> 
Marcus Iulius Valentinus and Iulia Iustina willingly and deservedly in response to an order of the goddesses.</p>
            </div>
            <div type="apparatus" org="uniform" part="N" sample="complete">
                <app loc="#MIN.1 #MAJ.1">
                    <tei:note xmlns:tei="http://www.tei-c.org/ns/1.0" anchored="true">ohne Ligatur, Gesaien[is] – ILS; Gesaien[i]s – CIL; Matro(nis) Gesahen[is] – Espérandieu; ohne Ligatur, Gesahenis – Alföldy; Gesahen[i]s – Scheungraber; Matr(o)n(is) Gesaienis – Ferlut</tei:note>
                </app>
                <app loc="#MIN.2 #MAJ.2">
                    <tei:note xmlns:tei="http://www.tei-c.org/ns/1.0" anchored="true">Valentinus – CIL, Scheungraber, Ferlut</tei:note>
                </app>
                <app loc="#MIN.3 #MAJ.3">
                    <tei:note xmlns:tei="http://www.tei-c.org/ns/1.0" anchored="true">Iustina – ILS, Espérandieu, Alföldy; Iustina – priores CIL; Iu[li]nna – CIL; Iu[sti]na – Ferlut</tei:note>
                </app>
                <app loc="#MIN.4 #MAJ.4">
                    <tei:note xmlns:tei="http://www.tei-c.org/ns/1.0" anchored="true">ohne Ligatur – ILS, Espérandieu, Alföldy</tei:note>
                </app>
            </div>
            <div type="commentary" subtype="general" org="uniform" part="N" sample="complete">
                <p part="N">Marcus Iulius Valentinus und Iulia Iustina: tria nomina und weibliches römisches Namensformular; aufgrund der Häufigkeit des Gentilnomens muss nicht an Geschwister gedacht werden, eher an ein Ehepaar (Spickermann 1994, 342). <lb/>
Iulius: lateinisches kaiserliches Gentilnomen, überall äußerst gängig (Kakoschke 2006, GN 621) <lb/>
Valentinus: lateinisches Cognomen; Weiterbildung des Cognomens Valens; überall gängiger Name (Kakoschke 2008, CN 3197) <lb/>
Iustina: weibliche Form von Iustinus: lateinisches Cognomen; Weiterbildung des Cognomens Iustus; äußerst gängiger Name (Kakoschke 2007, CN 1648)</p>
            </div>
            <div type="commentary" subtype="deity" org="uniform" part="N" sample="complete">                                                <p part="N"> <rs type="divine">Gesachenae:</rs> <span lang="pt-PT">keltisch:<font face="Arial, serif"> ‚</font>
                    </span>
                    <font face="Arial, serif">Z<span lang="pt-PT">u
den Söldner(truppe)n Gehörende [Muttergöttinnen]’ (</span>
                    </font>
                    <span lang="pt-PT">de
Bernardo Stempel </span>
                    <span lang="pt-PT">Corpus
F.E.R.C.A.N. II/1 288-290</span>
                    <span lang="pt-PT">).</span>
                    <span lang="pt-PT"/> </p>
                                                <p part="N">So auch <rs type="divine"> Gesationum</rs>: <span lang="pt-PT">keltisch:<font face="Arial, serif"> ‚</font>
                    </span>
                    <font face="Arial, serif">D<span lang="pt-PT">er
Söldner bzw. vermutlich der Söldnertruppen’</span>
                    </font>
                    <span lang="pt-PT">
(</span>
                    <span lang="pt-PT">de Bernardo Stempel</span>
                    <span lang="pt-PT">
</span>
                    <span lang="pt-PT">Corpus F.E.R.C.A.N. II/1 286f</span>
                    <span lang="pt-PT">).</span>
                </p>
                                                <p part="N">

Vorkommen in theonymischen Formularen: </p>
                                                <p part="N">
 <rs type="divine">Matronae Gesachenae</rs>: <lb/>
- Germania Inferior insgesamt 2x belegt (CF-GeI-52 und CF-GeI-55) <lb/> 
- außerhalb der Germania Inferior: - </p>
                                                <p part="N">
 <rs type="divine">Gesachenae</rs>: <lb/>
- Germania Inferior: insgesamt 3x belegt (CF-GeI-16, CF-GeI-53 und CF-GeI-54), wobei sich jedoch in CF-GeI-53 das in der Inschrift weiter vorne genannte  <rs type="divine">Matronae</rs> möglicherweise auch auf die  <rs type="divine">Gesachenae</rs> bezieht <lb/> 
- außerhalb der Germania Inferior: -  </p>
                                                <p part="N">
 <rs type="divine">Matronae Gesationum</rs>:  <lb/>
- Germania Inferior: nur in CF-GeI-56 bezeugt <lb/> 
- außerhalb der Germania Inferior: - </p>
            </div>
            <linkGrp type="alignment" domains="#majuscule #minuscule">
                <link target="#MAJ.1 #MIN.1"/>
                <link target="#MAJ.2 #MIN.2"/>
                <link target="#MAJ.3 #MIN.3"/>
                <link target="#MAJ.4 #MIN.4"/>
            </linkGrp>
        </body>
        <back>
            <tei:note xmlns:tei="http://www.tei-c.org/ns/1.0" type="Objbeschr_note" anchored="true"/>
            <tei:note xmlns:tei="http://www.tei-c.org/ns/1.0" type="ArchKlass_note" anchored="true"/>
            <tei:note xmlns:tei="http://www.tei-c.org/ns/1.0" type="Material_note" anchored="true"/>
            <tei:note xmlns:tei="http://www.tei-c.org/ns/1.0" type="Inschrifttraeger_note" anchored="true"/>
            <tei:note xmlns:tei="http://www.tei-c.org/ns/1.0" type="VerwahrortOrt_note" anchored="true"/>
            <tei:note xmlns:tei="http://www.tei-c.org/ns/1.0" type="InvNr_note" anchored="true"/>
            <tei:note xmlns:tei="http://www.tei-c.org/ns/1.0" type="Fundstelle_note" anchored="true"/>
            <tei:note xmlns:tei="http://www.tei-c.org/ns/1.0" type="Fundumst_note" anchored="true"/>
            <tei:note xmlns:tei="http://www.tei-c.org/ns/1.0" type="Fundjahr_note" anchored="true"/>
            <tei:note xmlns:tei="http://www.tei-c.org/ns/1.0" type="FOantik_note" anchored="true"/>
            <tei:note xmlns:tei="http://www.tei-c.org/ns/1.0" type="FOmodern_note" anchored="true"/>
            <tei:note xmlns:tei="http://www.tei-c.org/ns/1.0" type="civitas_note" anchored="true"/>
            <tei:note xmlns:tei="http://www.tei-c.org/ns/1.0" type="Autopsie_note" anchored="true"/>
            <tei:note xmlns:tei="http://www.tei-c.org/ns/1.0" type="Appcrit_note" anchored="true"/>
            <tei:note xmlns:tei="http://www.tei-c.org/ns/1.0" type="Abb_note" anchored="true"/>
            <tei:note xmlns:tei="http://www.tei-c.org/ns/1.0" type="englUEbers_note" anchored="true"/>
            <tei:note xmlns:tei="http://www.tei-c.org/ns/1.0" type="dtUEbers_note" anchored="true"/>
            <tei:note xmlns:tei="http://www.tei-c.org/ns/1.0" type="Editionen_note" anchored="true"/>
            <tei:note xmlns:tei="http://www.tei-c.org/ns/1.0" type="ErhzustObj_note" anchored="true"/>
            <tei:note xmlns:tei="http://www.tei-c.org/ns/1.0" type="Masse_note" anchored="true"/>
            <tei:note xmlns:tei="http://www.tei-c.org/ns/1.0" type="Ikonogr_note" anchored="true"/>
            <tei:note xmlns:tei="http://www.tei-c.org/ns/1.0" type="Inschrtext_note" anchored="true"/>
            <tei:note xmlns:tei="http://www.tei-c.org/ns/1.0" type="ErhzustInschr_note" anchored="true"/>
            <tei:note xmlns:tei="http://www.tei-c.org/ns/1.0" type="Schrifttechnik_note" anchored="true"/>
            <tei:note xmlns:tei="http://www.tei-c.org/ns/1.0" type="Buchsthoehe_note" anchored="true"/>
            <tei:note xmlns:tei="http://www.tei-c.org/ns/1.0" type="Notvar_note" anchored="true"/>
            <tei:note xmlns:tei="http://www.tei-c.org/ns/1.0" type="SonstKomm_note" anchored="true"/>
            <tei:note xmlns:tei="http://www.tei-c.org/ns/1.0" type="Datierung_note" anchored="true"/>
            <tei:note xmlns:tei="http://www.tei-c.org/ns/1.0" type="KommGoettern_note" anchored="true">
                <p part="N">Für Alte Version (13.04.23) siehe CF-GeI-16<br/>
                </p>
            </tei:note>
        </back>
    </text>
</TEI>