<?xml-model href="https://gams.uni-graz.at/context:fercan/SCHEMA_EPIDOC_9.1" type="application/xml" schematypens="http://relaxng.org/ns/structure/1.0"?><TEI xmlns="http://www.tei-c.org/ns/1.0" xmlns:xsi="http://www.w3.org/2001/XMLSchema-instance" xml:id="inferior338">
    <teiHeader>
        <fileDesc>
            <titleStmt>
                <title type="full">
                    <title type="main">Nehalennia</title>
                    <title type="sub">CF-GeI-338</title>
                </title>
                <respStmt>
                    <resp>Inschriftenedition</resp>
                    <persName instant="false" full="yes">
                        <forename full="yes">Werner</forename>
                        <surname full="yes">Petermandl</surname>
                    </persName>
                </respStmt>
                <respStmt>
                    <resp>Archäologische Beschreibung und geografische Daten</resp>
                    <persName instant="false" full="yes">
                        <forename full="yes">Astrid</forename>
                        <surname full="yes">Schmölzer</surname>
                    </persName>
                </respStmt>
                <funder ref="https://www.fwf.ac.at">Austrian Science Fund (FWF): P
                  29274-G25</funder>
            </titleStmt>
            <publicationStmt>
                <publisher>
                    <link target="https://antike.uni-graz.at"/>
                    <orgName ref="https://d-nb.info/gnd/1213531357" instant="false" full="yes">Institut für Antike, Fachbereich
                    Alte Geschichte und Epigraphik, Karl-Franzens-Universität Graz</orgName>
                </publisher>
                <authority>
                    <link target="https://informationsmodellierung.uni-graz.at"/>
                    <orgName ref="http://d-nb.info/gnd/1137284463" instant="false" full="yes">Zentrum für
                    Informationsmodellierung - Austrian Centre for Digital Humanities,
                    Karl-Franzens-Universität Graz</orgName>
                </authority>
                <distributor>
                    <link target="https://gams.uni-graz.at"/>
                    <orgName instant="false" full="yes">GAMS - Geisteswissenschaftliches Asset Management System</orgName>
                </distributor>
                <date when="2022" instant="false">2022</date>
                <pubPlace>Graz</pubPlace>
                <idno type="PID">o:fercan.338</idno>
                <availability default="false">
                    <licence target="https://creativecommons.org/licenses/by-nc/4.0">Creative Commons
                    BY-NC 4.0</licence>
                </availability>
            </publicationStmt>
            <seriesStmt>
                <title ref="https://gams.uni-graz.at/fercan">FERCAN: Fontes Epigraphici Religionum
                  Celticarum Antiquarum</title>
                <respStmt>
                    <resp>Projektleitung</resp>
                    <persName instant="false" full="yes">
                        <forename full="yes">Wolfgang</forename>
                        <surname full="yes">Spickermann</surname>
                    </persName>
                </respStmt>
            </seriesStmt>
            <sourceDesc default="false">
                <msDesc status="draft">
                    <msIdentifier>
                        <settlement>Leiden</settlement>
                        <repository>Rijksmuseum van Oudheden</repository>
                        <idno>i 1970/12.5</idno>
                    </msIdentifier>
                    <msContents>
                        <summary>Weihinschrift</summary>
                    </msContents>
                    <physDesc>
                        <objectDesc>
                            <supportDesc>
                                <support>
                                    <p part="N">Der Aedicula-Altar ist vollständig erhalten. Über dem einfach profilierten Sockel schließt das nicht gerahmte Inschriftenfeld an, darüber, durch ein Gesims abgetrennt, die architektonisch gerahmte Nische mit der sitzenden #Nehalennia#.<lb/>Die Nische ist durch kannelierte Pilaster auf profilierter Basis und mit korinthisch anmutendem Kapitell gerahmt. Die Muschel ist mit flachen Zacken am Nischendach aufgespannt. Das Muschelschloss ist nicht mehr erhalten, da die linke bis mittlere Kante des Giebels abgebrochen ist. Die Nische wirkt flach. In der Mitte oben am Aufsatz lagen hinten zwei Birnen und vorne zwei Äpfel, wobei der linke Apfel abgebrochen ist.<lb/>Die unverzierte Rückseite und die Seitenflächen sind leicht verwittert. (Stuart/Bogaers 2001, 78; Stuart/Bogaers 1971, 63).</p>
                                    <material>
                                        <ref type="context" target="context:fercan.material.kalkstein" ana="https://gams.uni-graz.at/o:fercan.arch#C.120210">Kalkstein</ref>
                                    </material>
                                    <objectType>Aedicula-Altar</objectType>
                                    <dimensions>
                                        <height unit="cm">91,0</height>
                                        <width unit="cm">53,0</width>
                                        <depth unit="cm">26,0</depth>
                                    </dimensions>
                                </support>
                                <condition>
                                    <ref type="context" target="context:fercan.condition-o.vollstaendig" ana="https://gams.uni-graz.at/o:fercan.arch#C.130400">vollständig</ref>
                                </condition>
                            </supportDesc>
                            <layoutDesc>
                                <layout>
                                    <p part="N">Der Text ist bis auf die letzte – getilgte – Zeile vollständig erhalten. Z.1 befindet sich außerhalb des Inschriftenfeldes am Architrav über dem Relief.<lb/>Ligaturen: s. Majuskeltext. Besondere Zeichen: In Z.1 findet sich eine Ligatur von N und I mit erhöhter rechter senkrechter Haste, in Z.1 eine Ligatur von T und I, wobei ein kleines I rechts außen auf der Querhaste des T aufsitzt.</p>
                                    <tei:note xmlns:tei="http://www.tei-c.org/ns/1.0" type="condition" anchored="true">weitgehend vollständig</tei:note>
                                </layout>
                            </layoutDesc>
                        </objectDesc>
                        <handDesc>
                            <handNote>
                                <desc type="execution">gemeißelt</desc>
                            </handNote>
                        </handDesc>
                        <decoDesc>
                            <decoNote>
                                <p part="N">Die Pulvini am Aufsatz waren reliefverziert, wie der rechte beweist. Auch den Seiten ist das Reliefdekor nachvollziehbar. <lb/>
 <rs type="divine">Nehalennia</rs> ist sitzend auf einem Thron mit Armlehnen und hoher Rückenlehne dargestellt. Sie trägt vermutlich eine Haube (Stuart/Bogaers 1971, 63). Ihre Pelerine reicht ihr fast bis zu den angewinkelten Ellbögen. Der lange Mantel fällt ihr über die Arme und die Knie zwischen den Beinen in schweren Falten herab. Sie trägt ein bodenlanges Kleid darunter. In der rechten Hand hält sie ein abgebrochenes Füllhorn, dessen Überreste neben ihrer Schulter nach oben ragen. In der anderen Hand hält sie einen unkenntlichen Gegenstand; möglicherweise handelt es sich um das untere Ende eines Füllhorns. <lb/>
Die erhalten gebliebenen Vorderpfoten auf der rechten Seite sind wohl als Rest des Hundes zu deuten. Der Obstkorb mit Henkel und dem gut erkennbaren Flechtwerkmuster und den hoch aufgeschichteten Äpfeln steht links. Sowohl der Hund als auch der Korb scheinen hinter den jeweiligen Pilaster zu rücken, wodurch der räumliche Eindruck der eigentlich flachen Nische verstärkt wird <lb/>
Auf der linken Schmalseite ist im unteren Reliefregister, das auf Höhe des Nischenbildes durch eine einfache Rahmenleiste endet, mit einer Akanthuspflanze gefüllt. Darüber steht ein nach rechts gewandter Mann. Er ist in eine Tunika gekleidet und trägt in der rechten Hand eine Griffschale und links eine Kanne. Es handelt sich wohl um einen Opferdiener. <lb/>
Auch die rechte Schmalseite ist von einem Relief in zwei Registern geschmückt. Das untere wird hierbei durch eine Akanthusranke eingenommen, die sich von der linken Ausführung ein wenig unterscheidet. Im oberen Register ist eine Frau in einem bodenlangen Kleid (und anscheinend auch einer Palla, die sich vor ihrer Hüfte abzeichnet) zu sehen. Sie trägt die Haare wohl zu einem Knoten zusammengefasst und ist nach links gewandt. In ihren Händen scheint sie eine Schale mit Geflügel zu halten (Stuart/Bogaers 2001, 78). Die rechte Seite der linken Schmalseite ist leider stärker verwittert, sodass die Ränder der beiden Reliefregister verschwommen sind. </p>
                                <term ana="https://gams.uni-graz.at/o:fercan.arch#C.253020">
                                    <ref type="context" target="context:fercan.arch.akanthus">Akanthus</ref>
                                </term>
                                <term ana="https://gams.uni-graz.at/o:fercan.arch#C.210100">
                                    <ref type="context" target="context:fercan.arch.apfel">Apfel</ref>
                                </term>
                                <term ana="https://gams.uni-graz.at/o:fercan.arch#C.220000">
                                    <ref type="context" target="context:fercan.arch.architektur">Architektur</ref>
                                </term>
                                <term ana="https://gams.uni-graz.at/o:fercan.arch#C.150800">
                                    <ref type="context" target="context:fercan.arch.aufsatzschmuck">Aufsatzschmuck</ref>
                                </term>
                                <term ana="https://gams.uni-graz.at/o:fercan.arch#C.210200">
                                    <ref type="context" target="context:fercan.arch.birne">Birne</ref>
                                </term>
                                <term ana="https://gams.uni-graz.at/o:fercan.arch#C.160200">
                                    <ref type="context" target="context:fercan.arch.blattdekor">Blattdekor</ref>
                                </term>
                                <term ana="https://gams.uni-graz.at/o:fercan.arch#C.210000">
                                    <ref type="context" target="context:fercan.arch.frucht">Frucht</ref>
                                </term>
                                <term ana="https://gams.uni-graz.at/o:fercan.arch#C.251500">
                                    <ref type="context" target="context:fercan.arch.fuellhorn">Füllhorn</ref>
                                </term>
                                <term ana="https://gams.uni-graz.at/o:fercan.arch#C.220110">
                                    <ref type="context" target="context:fercan.arch.gebrochener_giebel">gebrochener Giebel</ref>
                                </term>
                                <term ana="https://gams.uni-graz.at/o:fercan.arch#C.252840">
                                    <ref type="context" target="context:fercan.arch.gefaesz">Gefäß</ref>
                                </term>
                                <term ana="https://gams.uni-graz.at/o:fercan.arch#C.254131">
                                    <ref type="context" target="context:fercan.arch.gefluegel">Geflügel</ref>
                                </term>
                                <term ana="https://gams.uni-graz.at/o:fercan.arch#C.240100">
                                    <ref type="context" target="context:fercan.arch.goetterbild">Götterbild</ref>
                                </term>
                                <term ana="https://gams.uni-graz.at/o:fercan.arch#C.2528407">
                                    <ref type="context" target="context:fercan.arch.griffschale">Griffschale</ref>
                                </term>
                                <term ana="https://gams.uni-graz.at/o:fercan.arch#C.254110">
                                    <ref type="context" target="context:fercan.arch.hund">Hund</ref>
                                </term>
                                <term ana="https://gams.uni-graz.at/o:fercan.arch#C.2528408">
                                    <ref type="context" target="context:fercan.arch.kanne">Kanne</ref>
                                </term>
                                <term ana="https://gams.uni-graz.at/o:fercan.arch#C.220800">
                                    <ref type="context" target="context:fercan.arch.kanneliert">kanneliert</ref>
                                </term>
                                <term ana="https://gams.uni-graz.at/o:fercan.arch#C.230200">
                                    <ref type="context" target="context:fercan.arch.maennliche_figur">männliche Figur</ref>
                                </term>
                                <term ana="https://gams.uni-graz.at/o:fercan.arch#C.230000">
                                    <ref type="context" target="context:fercan.arch.menschliche_figur">menschliche Figur</ref>
                                </term>
                                <term ana="https://gams.uni-graz.at/o:fercan.arch#C.220600">
                                    <ref type="context" target="context:fercan.arch.muschelnische">Muschelnische</ref>
                                </term>
                                <term ana="https://gams.uni-graz.at/o:fercan.arch#C.251600">
                                    <ref type="context" target="context:fercan.arch.obstkorb">Obstkorb</ref>
                                </term>
                                <term ana="https://gams.uni-graz.at/o:fercan.arch#C.230220">
                                    <ref type="context" target="context:fercan.arch.opferdiener">Opferdiener</ref>
                                </term>
                                <term ana="https://gams.uni-graz.at/o:fercan.arch#C.230320">
                                    <ref type="context" target="context:fercan.arch.opferdienerin">Opferdienerin</ref>
                                </term>
                                <term ana="https://gams.uni-graz.at/o:fercan.arch#C.252700">
                                    <ref type="context" target="context:fercan.arch.opfergabe">Opfergabe</ref>
                                </term>
                                <term ana="https://gams.uni-graz.at/o:fercan.arch#C.252800">
                                    <ref type="context" target="context:fercan.arch.opfergeraet">Opfergerät</ref>
                                </term>
                                <term ana="https://gams.uni-graz.at/o:fercan.arch#C.220500">
                                    <ref type="context" target="context:fercan.arch.pilaster">Pilaster</ref>
                                </term>
                                <term ana="https://gams.uni-graz.at/o:fercan.arch#C.253010">
                                    <ref type="context" target="context:fercan.arch.ranke">Ranke</ref>
                                </term>
                                <term ana="https://gams.uni-graz.at/o:fercan.arch#C.150700">
                                    <ref type="context" target="context:fercan.arch.register">Register</ref>
                                </term>
                                <term ana="https://gams.uni-graz.at/o:fercan.arch#C.160000">
                                    <ref type="context" target="context:fercan.arch.reliefdekor">Reliefdekor</ref>
                                </term>
                                <term ana="https://gams.uni-graz.at/o:fercan.arch#C.150400">
                                    <ref type="context" target="context:fercan.arch.reliefschmuck">Reliefschmuck</ref>
                                </term>
                                <term ana="https://gams.uni-graz.at/o:fercan.arch#C.252300">
                                    <ref type="context" target="context:fercan.arch.thron">Thron</ref>
                                </term>
                                <term ana="https://gams.uni-graz.at/o:fercan.arch#C.254100">
                                    <ref type="context" target="context:fercan.arch.tier">Tier</ref>
                                </term>
                                <term ana="https://gams.uni-graz.at/o:fercan.arch#C.230300">
                                    <ref type="context" target="context:fercan.arch.weibliche_figur">weibliche Figur</ref>
                                </term>
                            </decoNote>
                        </decoDesc>
                    </physDesc>
                    <history>
                        <origin instant="false">
                            <origPlace instant="false">
                                <placeName ref="https://pleiades.stoa.org/places/109000" instant="false" full="yes">Ganuenta</placeName>
                                <region>Civitas Frisiavonum</region>
                            </origPlace>
                            <origDate instant="false"/>
                        </origin>
                        <provenance type="found" when="1970">
                            <placeName instant="false" full="yes">
                                <ref type="context" target="context:fercan.geog.modern.oosterschelde_bei_colijnsplaat">Oosterschelde bei Colijnsplaat</ref>
                            </placeName>
                            <tei:location xmlns:tei="http://www.tei-c.org/ns/1.0" instant="false">
                                <geo decls="#WGS">51.599839 3.849262</geo>
                            </tei:location>
                            <tei:note xmlns:tei="http://www.tei-c.org/ns/1.0" anchored="true">aus dem Meer geborgen</tei:note>
                        </provenance>
                        <provenance type="observed" subtype="autopsied">
                            <p part="N">non vidimus</p>
                            <p part="N">
                                <lb/>Lesung gründet auf: Stuart/Bogaers 2001</p>
                        </provenance>
                    </history>
                </msDesc>
                <listPlace default="false">
                    <place instant="false"/>
                </listPlace>
                <listPerson default="false">
                    <person instant="false">
                        <persName type="gentilnomen" instant="false" full="yes">
                            <ref type="context" target="context:fercan.person.gentilnomen.carinius">Carinius</ref>
                        </persName>
                    </person>
                    <person instant="false">
                        <persName type="gentilnomen" instant="false" full="yes">
                            <ref type="context" target="context:fercan.person.gentilnomen.secundius">Secundius</ref>
                        </persName>
                    </person>
                    <person instant="false">
                        <persName type="cognomen" instant="false" full="yes">
                            <ref type="context" target="context:fercan.person.cognomen.gratus">Gratus</ref>
                        </persName>
                    </person>
                    <person instant="false">
                        <persName type="cognomen" instant="false" full="yes">
                            <ref type="context" target="context:fercan.person.cognomen.similis">Similis</ref>
                        </persName>
                    </person>
                    <person instant="false">
                        <persName type="divine" subtype="celtic_normalized" instant="false" full="yes">
                            <ref type="context" target="context:fercan.dcn.nehalennia">Nehalennia</ref>
                        </persName>
                    </person>
                    <person instant="false">
                        <persName type="divine" subtype="celtic_diplomatic" instant="false" full="yes">
                            <ref type="context" target="context:fercan.dcd.nehalennia.de_ae__nehalenniae">de(ae) Nehalenniae</ref>
                        </persName>
                    </person>
                    <person instant="false">
                        <persName type="divine" subtype="celtic_element" instant="false" full="yes">
                            <ref type="context" target="context:fercan.dce.nehalennia">Nehalennia</ref>
                        </persName>
                    </person>
                    <person instant="false">
                        <persName instant="false" full="yes">
                            <roleName type="other" full="yes">
                                <ref type="context" target="context:fercan.person.other.negotiatores_allecarii">negotiatores allecarii</ref>
                            </roleName>
                        </persName>
                    </person>
                </listPerson>
                <listOrg default="false">
                    <org instant="false"/>
                </listOrg>
            </sourceDesc>
        </fileDesc>
        <encodingDesc>
            <geoDecl xml:id="WGS" datum="WGS84" default="false">World Geodetic System</geoDecl>
            <editorialDecl default="false">
                <p part="N">Digitale Repräsentation konform mit EpiDoc: http://epidoc.sourceforge.net</p>
                <p part="N">Majuskel und Minuskel ausgeführt nach Leidener Klammersystem, Majuskel bildet
                  Inschrift originalgetreu ab, Minuskel enthält editorische Hinzufügungen</p>
            </editorialDecl>
            <projectDesc default="false">
                <p part="N">Die keltischen Götternamen in den Inschriften der römischen Provinz Germania
                  Inferior. Eine Fallstudie zu Religion im Kontext von Kulturkontakt und
                  Kulturtransfer (FWF – Projekt P 29274-G25 )</p>
                <p part="N">Das Forschungsprojekt beabsichtigt, sämtliche keltischen Götternamen, die sich in
                  lateinischen Inschriften der römischen Provinz Germania Inferior erhaltenen haben,
                  zusammenzustellen und auszuwerten. Die gewählte Quellengrundlage erscheint
                  besonders geeignet Erscheinungsformen zu untersuchen, welche auf religiöser Ebene
                  durch das Zusammentreffen von verschiedenen kulturellen Einflüssen entstanden
                  sind. Diese sind hier einerseits definiert durch die Verwendung der keltischen
                  Sprache, andererseits durch die lateinische Sprache und durch Formen aus dem
                  Inneren des Imperium Romanum, die man mit dem Etikett „römisch“ versehen kann. Das
                  Interesse gilt dabei nicht nur religiösen, sondern auch damit verbundenen
                  gesellschaftlichen Aspekten und den entsprechenden Mentalitäten. Doch soll damit
                  auch zu einem verbesserten Gesamtbild der Provinzialreligion in Niedergermanien
                  beigetragen werden.<lb/> Die Abschlusspublikation wird ergänzt um einen
                  ausführlichen sprachwissenschaftlichen Kommentar (von Patrizia de Bernardo
                  Stempel) in der Reihe ‚Corpus - F.E.R.C.AN. (Fontes epigraphici religionum
                  Celticarum antiquarum)‘ erscheinen. </p>
            </projectDesc>
        </encodingDesc>
        <profileDesc>
            <langUsage default="false">
                <language ident="la">Latein</language>
            </langUsage>
            <textClass default="false">
                <keywords>
                    <list>
                        <item>
                            <ref type="context" target="context:fercan.dedication.votum_solverunt_libentes_merito">votum solverunt libentes merito</ref>
                        </item>
                        <item/> <!-- Belegform gesamt  --> <item> <ref target="context:fercan.divinepart." type="context"> </ref> </item></list></keywords>
            </textClass>
        </profileDesc>
        <revisionDesc status="draft">
            <change when="2019" n="1" corresp="https://gams.uni-graz.at/o:fercan.338/TEI_SOURCE.2020-02-26" status="draft">Initial Version</change>
            <change when="2020" n="2" corresp="https://gams.uni-graz.at/o:fercan.338/TEI_SOURCE.2022-03-07" status="draft">Version 2</change>
            <change when="2022" n="3" status="draft">Version 3</change>
        </revisionDesc>
    </teiHeader>
    <facsimile>
        <graphic mimeType="image/png" xml:id="IMAGE.1" url="file:///0338_Front.PNG">
            <desc>Front, Stuart/Bogaers 2001, Taf.31, A39, Rechte vorbehalten</desc>
        </graphic>
        <graphic mimeType="image/png" xml:id="IMAGE.2" url="file:///0338_li.PNG">
            <desc>links, Stuart/Bogaers 2001, Taf.31, A39, Rechte vorbehalten</desc>
        </graphic>
        <graphic mimeType="image/png" xml:id="IMAGE.3" url="file:///0338_re.PNG">
            <desc>rechts, Stuart/Bogaers 2001, Taf.31, A39, Rechte vorbehalten</desc>
        </graphic>
    </facsimile>
    <text>
        <body>
            <ab part="N">
                <ref target="context:fercan" type="context">FERCAN</ref>
            </ab>
            <div subtype="editions" type="bibliography" org="uniform" part="N" sample="complete">
                <listBibl default="false">
                    <bibl xml:id="LIT.1" default="false" status="draft">Stuart/Bogaers 1971, Nr.5</bibl>
                    <bibl xml:id="LIT.2" default="false" status="draft">Stuart/Bogaers 2001, A39</bibl>
                    <bibl xml:id="LIT.3" default="false" status="draft">AE 1973, 365</bibl>
                
            <bibl xml:id="4">Scheungraber 2020, 400 Nr.57</bibl>
        
            <bibl xml:id="5">Ferlut 2022, Nr.1089</bibl>
        </listBibl>
            </div>
            <div subtype="concordances" type="bibliography" org="uniform" part="N" sample="complete">
                <listBibl>
                    <bibl type="EDCS">
                        <idno>EDCS-09401490</idno>
                        <date>zuletzt aufgerufen am 24. Februar 2020</date>
                    </bibl>
                    <bibl type="EDH">
                        <idno>HD011198</idno>
                        <date>Version vom 12. Juni 2017</date>
                    </bibl>
                    <bibl type="trismegistos">
                        <idno>www.trismegistos.org/text/208905</idno>
                        <date>zuletzt aufgerufen am 30. Juni 2021</date>
                    </bibl>
                </listBibl>
            </div>
            <div type="edition" subtype="diplomatic" xml:id="majuscule" xml:lang="la" xml:space="preserve" org="uniform" part="N" sample="complete"><ab part="N"><orig><lb n="1"/>DE <lb n="2"/>
NEHALEN<hi rend="ligature">NI</hi>AE · L SECVNDIVS <lb n="3"/>
SIMILIS · ET · T · CARINIVS <lb n="4"/>
GRATVS NEGO<hi rend="ligature">TI</hi>ATORES <lb n="5"/>
ALLECARI · V · S · L · M <lb n="6"/>
<del rend="erasure" instant="false" status="unremarkable"><gap reason="lost" quantity="1" unit="line" instant="false"/></del></orig></ab></div>
            <div type="edition" xml:lang="la" xml:id="minuscule" subtype="normalised" xml:space="preserve" org="uniform" part="N" sample="complete"><ab part="N"><lb n="1"/><expan instant="false"><abbr>De</abbr><ex instant="false">ae</ex></expan><lb n="2"/>Nehalenniae <expan instant="false"><abbr>L</abbr><ex instant="false">ucius</ex></expan> Secundius<lb n="3"/>Similis et <expan instant="false"><abbr>T</abbr><ex instant="false">itus</ex></expan> Carinius<lb n="4"/>Gratus negotiatores<lb n="5"/>allecari <expan instant="false"><abbr>v</abbr><ex instant="false">otum</ex></expan> <expan instant="false"><abbr>s</abbr><ex instant="false">olverunt</ex></expan> <expan instant="false"><abbr>l</abbr><ex instant="false">ibentes</ex></expan> <expan instant="false"><abbr>m</abbr><ex instant="false">erito</ex></expan><lb n="6"/><del rend="erasure" instant="false" status="unremarkable"><gap reason="lost" quantity="1" unit="line" instant="false"/></del></ab></div>
            <div type="translation" xml:lang="de" org="uniform" part="N" sample="complete">
                <p part="N">Für die Göttin  <rs type="divine">Nehalennia!</rs>  <lb/>
Lucius Secundius Similis und Titus Carinius Gratus, die Händler mit allec, haben das Gelübde gerne und verdientermaßen erfüllt. …</p>
            </div>
            <div type="translation" xml:lang="en" org="uniform" part="N" sample="complete">
                <p part="N">To the goddess  <rs type="divine">Nehalennia!</rs>  <lb/>
Lucius Secundius Similis and Titus Carinius Gratus, the merchants with allec, have fulfilled a vow willingly and deservedly. …</p>
            </div>
            <div type="apparatus" org="uniform" part="N" sample="complete">
                <app loc="#MIN.1 #MAJ.1">
                    <tei:note xmlns:tei="http://www.tei-c.org/ns/1.0" anchored="true">fehlt in Stuart/Bogaers 1971, AE, EDH</tei:note>
                </app>
                <app loc="#MIN.2 #MAJ.2">
                    <tei:note xmlns:tei="http://www.tei-c.org/ns/1.0" anchored="true">ohne Ligatur – AE, EDH; Secun̂dius – Stuart/Bogaers 1971</tei:note>
                </app>
                <app loc="#MIN.4 #MAJ.4">
                    <tei:note xmlns:tei="http://www.tei-c.org/ns/1.0" anchored="true">ohne Ligatur – Stuart/Bogaers 1971, AE, EDH</tei:note>
                </app>
                <app loc="#MIN.6 #MAJ.6">
                    <tei:note xmlns:tei="http://www.tei-c.org/ns/1.0" anchored="true">die Zeile fehlt bei Stuart/Bogaers 1971, EDH; die getilgte Zeile enthielt eine Konsuldatierung – Stuart/Bogaers 2001</tei:note>
                </app>
            </div>
            <div type="commentary" subtype="general" org="uniform" part="N" sample="complete">
                <p part="N">Lucius Secundius Similis: tria nomina <lb/>
Secundius: einheimisches Pseudogentilnomen, abgeleitet vom lateinischen Cognomen Secundus; der Name tritt verstärkt im keltischen Bereich auf, bes. in den germanischen Provinzen und der Belgica (Kakoschke 2006, GN 1132). <lb/> 
Similis: lateinisches Cognomen, tritt besonders in der Germania Inferior auf, vor allem im Gebiet der CCAA (Kakoschke 2008, CN 2868) </p>
                <p part="N">

Titus Carinius Gratus: tria nomina <lb/>
Carinius: italisches Gentilnomen oder einheimisches Pseudogentilnomen, abgeleitet vom lateinischen Cognomen Carinus (Kakoschke 2006, GN 280) <lb/>
Gratus: lateinischer Übersetzungsname nach keltischer Vorlage; als solcher von Mullen (2008, 76) erwiesen in einer Widmung an die Aufaniae in Jülich; überall gängiges lateinisches Cognomen (Kakoschke 2007, CN 1464) </p>
                <p part="N">

allec: Fischsauce; „sauces de poisson, typique du nord de la Gaule“ (AE 2001, 1460; vgl. auch RE I 1584).  </p>
            </div>
            <div type="commentary" subtype="language" org="uniform" part="N" sample="complete">
                <p part="N">v.5: „allecari“ pro „allecarii“</p>
            </div>
            <div type="commentary" subtype="deity" org="uniform" part="N" sample="complete">                                                <p part="N"> <rs type="divine">Nehalennia:</rs> keltisch erklärbar: ‚Die [Göttin] im Salzwasser bzw. in der See‘ (de Bernardo Stempel Corpus F.E.R.C.A.N. II/1 145f). </p>
                                                <p part="N">

Vorkommen in theonymischen Formularen: </p>
                                                <p part="N">
 <rs type="divine">Nehalennia</rs>: <lb/>
- Germania Inferior: Belege sind überaus häufig. Zwei Inschriften stammen aus Köln alle anderen aus Domburg und Colijnsplaat. Die Göttin wird dabei, bis auf wenige Ausnahmen, stets als  <rs type="divine">dea Nehalennia</rs> angesprochen. <lb/> 
- außerhalb der Germania Inferior: -</p>
            </div>
            <linkGrp type="alignment" domains="#majuscule #minuscule">
                <link target="#MAJ.1 #MIN.1"/>
                <link target="#MAJ.2 #MIN.2"/>
                <link target="#MAJ.3 #MIN.3"/>
                <link target="#MAJ.4 #MIN.4"/>
                <link target="#MAJ.5 #MIN.5"/>
                <link target="#MAJ.6 #MIN.6"/>
            </linkGrp>
        </body>
        <back>
            <tei:note xmlns:tei="http://www.tei-c.org/ns/1.0" type="Objbeschr_note" anchored="true"/>
            <tei:note xmlns:tei="http://www.tei-c.org/ns/1.0" type="ArchKlass_note" anchored="true"/>
            <tei:note xmlns:tei="http://www.tei-c.org/ns/1.0" type="Material_note" anchored="true"/>
            <tei:note xmlns:tei="http://www.tei-c.org/ns/1.0" type="Inschrifttraeger_note" anchored="true"/>
            <tei:note xmlns:tei="http://www.tei-c.org/ns/1.0" type="VerwahrortOrt_note" anchored="true"/>
            <tei:note xmlns:tei="http://www.tei-c.org/ns/1.0" type="InvNr_note" anchored="true"/>
            <tei:note xmlns:tei="http://www.tei-c.org/ns/1.0" type="Fundstelle_note" anchored="true"/>
            <tei:note xmlns:tei="http://www.tei-c.org/ns/1.0" type="Fundumst_note" anchored="true"/>
            <tei:note xmlns:tei="http://www.tei-c.org/ns/1.0" type="Fundjahr_note" anchored="true"/>
            <tei:note xmlns:tei="http://www.tei-c.org/ns/1.0" type="FOantik_note" anchored="true"/>
            <tei:note xmlns:tei="http://www.tei-c.org/ns/1.0" type="FOmodern_note" anchored="true"/>
            <tei:note xmlns:tei="http://www.tei-c.org/ns/1.0" type="civitas_note" anchored="true"/>
            <tei:note xmlns:tei="http://www.tei-c.org/ns/1.0" type="Autopsie_note" anchored="true"/>
            <tei:note xmlns:tei="http://www.tei-c.org/ns/1.0" type="Appcrit_note" anchored="true"/>
            <tei:note xmlns:tei="http://www.tei-c.org/ns/1.0" type="Abb_note" anchored="true"/>
            <tei:note xmlns:tei="http://www.tei-c.org/ns/1.0" type="englUEbers_note" anchored="true"/>
            <tei:note xmlns:tei="http://www.tei-c.org/ns/1.0" type="dtUEbers_note" anchored="true"/>
            <tei:note xmlns:tei="http://www.tei-c.org/ns/1.0" type="Editionen_note" anchored="true"/>
            <tei:note xmlns:tei="http://www.tei-c.org/ns/1.0" type="ErhzustObj_note" anchored="true"/>
            <tei:note xmlns:tei="http://www.tei-c.org/ns/1.0" type="Masse_note" anchored="true"/>
            <tei:note xmlns:tei="http://www.tei-c.org/ns/1.0" type="Ikonogr_note" anchored="true"/>
            <tei:note xmlns:tei="http://www.tei-c.org/ns/1.0" type="Inschrtext_note" anchored="true"/>
            <tei:note xmlns:tei="http://www.tei-c.org/ns/1.0" type="ErhzustInschr_note" anchored="true"/>
            <tei:note xmlns:tei="http://www.tei-c.org/ns/1.0" type="Schrifttechnik_note" anchored="true"/>
            <tei:note xmlns:tei="http://www.tei-c.org/ns/1.0" type="Buchsthoehe_note" anchored="true"/>
            <tei:note xmlns:tei="http://www.tei-c.org/ns/1.0" type="Notvar_note" anchored="true"/>
            <tei:note xmlns:tei="http://www.tei-c.org/ns/1.0" type="SonstKomm_note" anchored="true"/>
            <tei:note xmlns:tei="http://www.tei-c.org/ns/1.0" type="Datierung_note" anchored="true"/>
            <tei:note xmlns:tei="http://www.tei-c.org/ns/1.0" type="KommGoettern_note" anchored="true">
                <p part="N">Für die Alte Version (25.04.23) siehe CF-GeI-286</p>
            </tei:note>
        </back>
    </text>
</TEI>