<?xml-model href="https://gams.uni-graz.at/context:fercan/SCHEMA_EPIDOC_9.1" type="application/xml" schematypens="http://relaxng.org/ns/structure/1.0"?><TEI xmlns="http://www.tei-c.org/ns/1.0" xmlns:xsi="http://www.w3.org/2001/XMLSchema-instance" xml:id="inferior85">
    <teiHeader>
        <fileDesc>
            <titleStmt>
                <title type="full">
                    <title type="main">Gabinae</title>
                    <title type="sub">CF-GeI-85</title>
                </title>
                <respStmt>
                    <resp>Inschriftenedition</resp>
                    <persName instant="false" full="yes">
                        <forename full="yes">Werner</forename>
                        <surname full="yes">Petermandl</surname>
                    </persName>
                </respStmt>
                <respStmt>
                    <resp>Archäologische Beschreibung und geografische Daten</resp>
                    <persName instant="false" full="yes">
                        <forename full="yes">Astrid</forename>
                        <surname full="yes">Schmölzer</surname>
                    </persName>
                </respStmt>
                <funder ref="https://www.fwf.ac.at">Austrian Science Fund (FWF): P
                  29274-G25</funder>
            </titleStmt>
            <publicationStmt>
                <publisher>
                    <link target="https://antike.uni-graz.at"/>
                    <orgName ref="https://d-nb.info/gnd/1213531357" instant="false" full="yes">Institut für Antike, Fachbereich
                    Alte Geschichte und Epigraphik, Karl-Franzens-Universität Graz</orgName>
                </publisher>
                <authority>
                    <link target="https://informationsmodellierung.uni-graz.at"/>
                    <orgName ref="http://d-nb.info/gnd/1137284463" instant="false" full="yes">Zentrum für
                    Informationsmodellierung - Austrian Centre for Digital Humanities,
                    Karl-Franzens-Universität Graz</orgName>
                </authority>
                <distributor>
                    <link target="https://gams.uni-graz.at"/>
                    <orgName instant="false" full="yes">GAMS - Geisteswissenschaftliches Asset Management System</orgName>
                </distributor>
                <date when="2022" instant="false">2022</date>
                <pubPlace>Graz</pubPlace>
                <idno type="PID">o:fercan.85</idno>
                <availability default="false">
                    <licence target="https://creativecommons.org/licenses/by-nc/4.0">Creative Commons
                    BY-NC 4.0</licence>
                </availability>
            </publicationStmt>
            <seriesStmt>
                <title ref="https://gams.uni-graz.at/fercan">FERCAN: Fontes Epigraphici Religionum
                  Celticarum Antiquarum</title>
                <respStmt>
                    <resp>Projektleitung</resp>
                    <persName instant="false" full="yes">
                        <forename full="yes">Wolfgang</forename>
                        <surname full="yes">Spickermann</surname>
                    </persName>
                </respStmt>
            </seriesStmt>
            <sourceDesc default="false">
                <msDesc status="draft">
                    <msIdentifier>
                        <settlement>Bonn</settlement>
                        <repository>Rheinisches Landesmuseum</repository>
                        <idno>641923</idno>
                    </msIdentifier>
                    <msContents>
                        <summary>Weihinschrift</summary>
                    </msContents>
                    <physDesc>
                        <objectDesc>
                            <supportDesc>
                                <support>
                                    <p part="N">Der vollständig erhaltene Weihealtar wurde aus einigen Bruchteilen rekonstruiert bzw. einige Fehlstellen wurden modern ergänzt. Der Stein ist stellenweise sehr bestoßen. Er besteht aus einem einfachen Sockel, dem geraden Altarkörper mit nicht gerahmter Inschrift und dem Aufsatz, der durch ein profiliertes umlaufendes Gesims vom Körper getrennt ist.<lb/>Erkennbar sind die oberflächlich verwitterten Pulvini. In der Mitte ist ein kleiner Rest erhalten. Am Aufsatz ist kein Dekor mehr erkennbar. In der Mitte der linken Schmalseite weist das einfach gefertigte Relief eine Beschädigung auf.</p>
                                    <material>
                                        <ref type="context" target="context:fercan.material.sandstein" ana="https://gams.uni-graz.at/o:fercan.arch#C.120220">Sandstein</ref>
                                    </material>
                                    <objectType>Weihealtar</objectType>
                                    <dimensions>
                                        <height unit="cm">70,0</height>
                                        <width unit="cm">34,0</width>
                                        <depth unit="cm">16,0</depth>
                                    </dimensions>
                                </support>
                                <condition>
                                    <ref type="context" target="context:fercan.condition-o.weitgehend_vollstaendig" ana="https://gams.uni-graz.at/o:fercan.arch#C.130500">weitgehend vollständig</ref>
                                </condition>
                            </supportDesc>
                            <layoutDesc>
                                <layout>
                                    <p part="N">Der Text füllt das Inschriftenfeld nicht zur Gänze aus (unter dem Text bleibt ein Freiraum). Er ist in seiner ganzen Ausdehnung erhalten, doch weist er einige größere Fehlstellen auf. Im Freiraum unter dem Text ist ein schwer zu deutendes Zeichen, vielleicht eine hedera.</p>
                                    <tei:note xmlns:tei="http://www.tei-c.org/ns/1.0" type="condition" anchored="true">größere Fehlstelle/n</tei:note>
                                </layout>
                            </layoutDesc>
                        </objectDesc>
                        <handDesc>
                            <handNote>
                                <desc type="execution">gemeißelt</desc>
                                <height unit="cm" atLeast="4.0" atMost="4.5">4,0–4,5 cm</height>
                            </handNote>
                        </handDesc>
                        <decoDesc>
                            <decoNote>
                                <p part="N">An den Seiten lassen die Pulvini noch Blattdekor erkennen. <lb/>
Die linke Schmalseite zeigt einen Baum mit dünnem Stamm, der mit länglich nach oben ragenden Blättern bekrönt ist, auf deren Spitzen runde Früchte sitzen. Vermutlich ist ein Lorbeerbaum oder eher -zweig dargestellt. <lb/>
Die Darstellung der rechten Seite ist der linken ähnlich. Abgebildet ist ein einfach reliefierter Lorbeerbaum oder -zweig mit Früchten, den geraden Blättern und dem schmalen Stamm. Auch hier trägt das Relief einige leichte Beschädigungen, die Form ist jedoch gut erkennbar. Die Baumdarstellungen wirken sehr einfach und sind simpel eingemeißelt. </p>
                                <term ana="https://gams.uni-graz.at/o:fercan.arch#C.150800">
                                    <ref type="context" target="context:fercan.arch.aufsatzschmuck">Aufsatzschmuck</ref>
                                </term>
                                <term ana="https://gams.uni-graz.at/o:fercan.arch#C.253200">
                                    <ref type="context" target="context:fercan.arch.baum">Baum</ref>
                                </term>
                                <term ana="https://gams.uni-graz.at/o:fercan.arch#C.160200">
                                    <ref type="context" target="context:fercan.arch.blattdekor">Blattdekor</ref>
                                </term>
                                <term ana="https://gams.uni-graz.at/o:fercan.arch#C.130300">
                                    <ref type="context" target="context:fercan.arch.fragment">Fragment</ref>
                                </term>
                                <term ana="https://gams.uni-graz.at/o:fercan.arch#C.253210">
                                    <ref type="context" target="context:fercan.arch.laubbaum">Laubbaum</ref>
                                </term>
                                <term ana="https://gams.uni-graz.at/o:fercan.arch#C.253211">
                                    <ref type="context" target="context:fercan.arch.lorbeer">Lorbeer</ref>
                                </term>
                                <term ana="https://gams.uni-graz.at/o:fercan.arch#C.160000">
                                    <ref type="context" target="context:fercan.arch.reliefdekor">Reliefdekor</ref>
                                </term>
                                <term ana="https://gams.uni-graz.at/o:fercan.arch#C.150400">
                                    <ref type="context" target="context:fercan.arch.reliefschmuck">Reliefschmuck</ref>
                                </term>
                                <term ana="https://gams.uni-graz.at/o:fercan.arch#C.253300">
                                    <ref type="context" target="context:fercan.arch.zweig">Zweig</ref>
                                </term>
                            </decoNote>
                        </decoDesc>
                    </physDesc>
                    <history>
                        <origin instant="false">
                            <origPlace instant="false">
                                <region>CCAA</region>
                            </origPlace>
                            <origDate instant="false"/>
                        </origin>
                        <provenance type="found">
                            <placeName instant="false" full="yes">
                                <ref type="context" target="context:fercan.geog.modern.bornheim_buschdorf">Bornheim-Buschdorf</ref>
                            </placeName>
                            <p part="N">vor der Kirche</p>
                            <tei:location xmlns:tei="http://www.tei-c.org/ns/1.0" instant="false">
                                <geo decls="#WGS">50.754615 7.058780</geo>
                            </tei:location>
                            <tei:note xmlns:tei="http://www.tei-c.org/ns/1.0" anchored="true">zwischen 1975 und 1979 bei Straßenarbeiten </tei:note>
                        </provenance>
                        <provenance type="observed" subtype="autopsied">
                            <p part="N">non vidimus</p>
                            <p part="N">
                                <lb/>Lesung gründet auf: Photo und Rüger</p>
                        </provenance>
                    </history>
                </msDesc>
                <listPlace default="false">
                    <place instant="false"/>
                </listPlace>
                <listPerson default="false">
                    <person instant="false">
                        <persName type="gentilnomen" instant="false" full="yes">
                            <ref type="context" target="context:fercan.person.gentilnomen.fonteius">Fonteius</ref>
                        </persName>
                    </person>
                    <person instant="false">
                        <persName type="cognomen" instant="false" full="yes">
                            <ref type="context" target="context:fercan.person.cognomen.firmus">Firmus</ref>
                        </persName>
                    </person>
                    <person instant="false">
                        <persName type="divine" subtype="celtic_normalized" instant="false" full="yes">
                            <ref type="context" target="context:fercan.dcn.gabiae">Gabinae</ref>
                        </persName>
                    </person>
                    <person instant="false">
                        <persName type="divine" subtype="celtic_diplomatic" instant="false" full="yes">
                            <ref type="context" target="context:fercan.dcd.gabiae.gabin_i_s">Gabin[i]s</ref>
                        </persName>
                    </person>
                    <person instant="false">
                        <persName type="divine" subtype="celtic_element" instant="false" full="yes">
                            <ref type="context" target="context:fercan.dce.gabiae">Gabinae</ref>
                        </persName>
                    </person>
                </listPerson>
                <listOrg default="false">
                    <org instant="false"/>
                </listOrg>
            </sourceDesc>
        </fileDesc>
        <encodingDesc>
            <geoDecl xml:id="WGS" datum="WGS84" default="false">World Geodetic System</geoDecl>
            <editorialDecl default="false">
                <p part="N">Digitale Repräsentation konform mit EpiDoc: http://epidoc.sourceforge.net</p>
                <p part="N">Majuskel und Minuskel ausgeführt nach Leidener Klammersystem, Majuskel bildet
                  Inschrift originalgetreu ab, Minuskel enthält editorische Hinzufügungen</p>
            </editorialDecl>
            <projectDesc default="false">
                <p part="N">Die keltischen Götternamen in den Inschriften der römischen Provinz Germania
                  Inferior. Eine Fallstudie zu Religion im Kontext von Kulturkontakt und
                  Kulturtransfer (FWF – Projekt P 29274-G25 )</p>
                <p part="N">Das Forschungsprojekt beabsichtigt, sämtliche keltischen Götternamen, die sich in
                  lateinischen Inschriften der römischen Provinz Germania Inferior erhaltenen haben,
                  zusammenzustellen und auszuwerten. Die gewählte Quellengrundlage erscheint
                  besonders geeignet Erscheinungsformen zu untersuchen, welche auf religiöser Ebene
                  durch das Zusammentreffen von verschiedenen kulturellen Einflüssen entstanden
                  sind. Diese sind hier einerseits definiert durch die Verwendung der keltischen
                  Sprache, andererseits durch die lateinische Sprache und durch Formen aus dem
                  Inneren des Imperium Romanum, die man mit dem Etikett „römisch“ versehen kann. Das
                  Interesse gilt dabei nicht nur religiösen, sondern auch damit verbundenen
                  gesellschaftlichen Aspekten und den entsprechenden Mentalitäten. Doch soll damit
                  auch zu einem verbesserten Gesamtbild der Provinzialreligion in Niedergermanien
                  beigetragen werden.<lb/> Die Abschlusspublikation wird ergänzt um einen
                  ausführlichen sprachwissenschaftlichen Kommentar (von Patrizia de Bernardo
                  Stempel) in der Reihe ‚Corpus - F.E.R.C.AN. (Fontes epigraphici religionum
                  Celticarum antiquarum)‘ erscheinen. </p>
            </projectDesc>
        </encodingDesc>
        <profileDesc>
            <langUsage default="false">
                <language ident="la">Latein</language>
            </langUsage>
            <textClass default="false">
                <keywords>
                    <list>
                        <item>
                            <ref type="context" target="context:fercan.dedication.ex_imperio_ipsarum">ex imperio ipsarum</ref>
                        </item>
                        <item>
                            <ref type="context" target="context:fercan.dedication.sacrum">sacrum</ref>
                        </item>
                        <item>
                            <ref type="context" target="context:fercan.dedication.votum_solvit_libens_merito">votum solvit libens merito</ref>
                        </item>
                        <item/> <!-- Belegform gesamt  --> <item> <ref target="context:fercan.divinepart." type="context"> </ref> </item></list></keywords>
            </textClass>
        </profileDesc>
        <revisionDesc status="draft">
            <change when="2019" n="1" corresp="https://gams.uni-graz.at/o:fercan.85/TEI_SOURCE.2020-02-26" status="draft">Initial Version</change>
            <change when="2020" n="2" corresp="https://gams.uni-graz.at/o:fercan.85/TEI_SOURCE.2022-03-07" status="draft">Version 2</change>
            <change when="2022" n="3" status="draft">Version 3</change>
        </revisionDesc>
    </teiHeader>
    <facsimile>
        <graphic mimeType="image/jpeg" xml:id="IMAGE.1" url="file:///0085_Front.jpg">
            <desc>Front, CIL XIII Projekt, CC BY-NC</desc>
        </graphic>
        <graphic mimeType="image/jpeg" xml:id="IMAGE.2" url="file:///0085_li.jpg">
            <desc>links, CIL XIII Projekt, CC BY-NC</desc>
        </graphic>
        <graphic mimeType="image/jpeg" xml:id="IMAGE.3" url="file:///0085_re.jpg">
            <desc>rechts, CIL XIII Projekt, CC BY-NC</desc>
        </graphic>
    </facsimile>
    <text>
        <body>
            <ab part="N">
                <ref target="context:fercan" type="context">FERCAN</ref>
            </ab>
            <div subtype="editions" type="bibliography" org="uniform" part="N" sample="complete">
                <listBibl default="false">
                    <bibl xml:id="LIT.1" default="false" status="draft">Rüger 1981, Nr.7</bibl>
                    <bibl xml:id="LIT.2" default="false" status="draft">AE 1981, 678</bibl>
                
            <bibl xml:id="3">Scheungraber 2020, 287</bibl>
        
            <bibl xml:id="4">Ferlut 2022, Nr.718</bibl>
        </listBibl>
            </div>
            <div subtype="concordances" type="bibliography" org="uniform" part="N" sample="complete">
                <listBibl>
                    <bibl type="EDCS">
                        <idno>EDCS-09001541</idno>
                        <date>zuletzt aufgerufen am 24. Februar 2020</date>
                    </bibl>
                    <bibl type="EDH">
                        <idno>HD005754</idno>
                        <date>Version vom 7. April 2015</date>
                    </bibl>
                    <bibl type="trismegistos">
                        <idno>www.trismegistos.org/text/208807</idno>
                        <date>zuletzt aufgerufen am 29. Juni 2021</date>
                    </bibl>
                </listBibl>
            </div>
            <div type="edition" subtype="diplomatic" xml:id="majuscule" xml:lang="la" xml:space="preserve" org="uniform" part="N" sample="complete"><ab part="N"><orig><lb n="1"/>GABIN<gap reason="lost" quantity="1" unit="character" instant="false"/>S · SA <lb n="2"/> 
CRVM EX <lb n="3"/> 
IM<gap reason="lost" quantity="1" unit="character" instant="false"/>ERIO · I<unclear instant="false">P</unclear> <lb n="4"/> 
SA<unclear instant="false">R</unclear><gap reason="lost" extent="unknown" unit="character" instant="false"/>M · L · FO <lb n="5"/> 
NTE<gap reason="lost" extent="unknown" unit="character" instant="false"/>FIR <lb n="6"/> 
MVS · V<gap reason="lost" extent="unknown" unit="character" instant="false"/></orig></ab></div>
            <div type="edition" xml:lang="la" xml:id="minuscule" subtype="normalised" xml:space="preserve" org="uniform" part="N" sample="complete"><ab part="N"><lb n="1"/>Gabin<supplied reason="lost" instant="false">i</supplied>s sa<lb n="2" break="no"/>crum ex<lb n="3"/>im<supplied reason="lost" instant="false">p</supplied>erio ip<lb n="4" break="no"/>sar<supplied reason="lost" instant="false">u</supplied>m <expan instant="false"><abbr>L</abbr><ex instant="false">ucius</ex></expan> Fo<lb n="5" break="no"/>nte<supplied reason="lost" instant="false">ius</supplied> Fir<lb n="6" break="no"/>mus <expan instant="false"><abbr>v</abbr><ex instant="false">otum</ex></expan> <supplied reason="lost" instant="false"><expan instant="false"><abbr>s</abbr><ex instant="false">olvit</ex></expan> <expan instant="false"><abbr>l</abbr><ex instant="false">ibens</ex></expan> <expan instant="false"><abbr>m</abbr><ex instant="false">erito</ex></expan></supplied></ab></div>
            <div type="translation" xml:lang="de" org="uniform" part="N" sample="complete">
                <p part="N">Den  <rs type="divine">Gabinae</rs> geheiligt! <lb/> 
Auf deren Geheiß hat Lucius Fonteius Firmus das Gelübde gerne und vedientermaßen erfüllt.</p>
            </div>
            <div type="translation" xml:lang="en" org="uniform" part="N" sample="complete">
                <p part="N">Sacred to the  <rs type="divine">Gabinae!</rs> <lb/> 
Lucius Fonteius Firmus has fulfilled a vow willingly and deservedly in response to an order of the goddesses. </p>
            </div>
            <div type="apparatus" org="uniform" part="N" sample="complete">
            
            <app loc="1">
                <note anchored="true">Gabian[i]s – Ferlut</note>
            </app>
        </div>
            <div type="commentary" subtype="general" org="uniform" part="N" sample="complete">
                <p part="N">Lucius Fonteius Firmus: tria nomina <lb/>
Fonteius: lateinisches Gentilnomen (Kakoschke 2006, GN 504) <lb/>
Firmus: lateinisches Cognomen, überall gängig (Kakoschke 2007, CN 1308)</p>
            </div>
            <div type="commentary" subtype="deity" org="uniform" part="N" sample="complete">                                                <p part="N"> <rs type="divine">Gabinae:</rs> keltisch: ‚Liebe Gebende [Muttergöttinnen]’ (de Bernardo Stempel Corpus F.E.R.C.A.N. II/1 217f). Früher: Nebenform von  <rs type="divine">Gabiae</rs>: keltisch: ‚die Gebenden‘ (de Bernardo Stempel in Spickermann 2005, 140; de Bernardo Stempel 2005). </p>
                                                <p part="N">

Vorkommen in theonymischen Formularen: </p>
                                                <p part="N">
 <rs type="divine">Gabinae</rs>: <lb/>
- Germania Inferior: nur in dieser Inschrift belegt <lb/>
- außerhalb der Germania Inferior: -  </p>
            </div>
            <linkGrp type="alignment" domains="#majuscule #minuscule">
                <link target="#MAJ.1 #MIN.1"/>
                <link target="#MAJ.2 #MIN.2"/>
                <link target="#MAJ.3 #MIN.3"/>
                <link target="#MAJ.4 #MIN.4"/>
                <link target="#MAJ.5 #MIN.5"/>
                <link target="#MAJ.6 #MIN.6"/>
            </linkGrp>
        </body>
        <back>
            <tei:note xmlns:tei="http://www.tei-c.org/ns/1.0" type="Objbeschr_note" anchored="true"/>
            <tei:note xmlns:tei="http://www.tei-c.org/ns/1.0" type="ArchKlass_note" anchored="true"/>
            <tei:note xmlns:tei="http://www.tei-c.org/ns/1.0" type="Material_note" anchored="true"/>
            <tei:note xmlns:tei="http://www.tei-c.org/ns/1.0" type="Inschrifttraeger_note" anchored="true"/>
            <tei:note xmlns:tei="http://www.tei-c.org/ns/1.0" type="VerwahrortOrt_note" anchored="true"/>
            <tei:note xmlns:tei="http://www.tei-c.org/ns/1.0" type="InvNr_note" anchored="true"/>
            <tei:note xmlns:tei="http://www.tei-c.org/ns/1.0" type="Fundstelle_note" anchored="true"/>
            <tei:note xmlns:tei="http://www.tei-c.org/ns/1.0" type="Fundumst_note" anchored="true"/>
            <tei:note xmlns:tei="http://www.tei-c.org/ns/1.0" type="Fundjahr_note" anchored="true"/>
            <tei:note xmlns:tei="http://www.tei-c.org/ns/1.0" type="FOantik_note" anchored="true"/>
            <tei:note xmlns:tei="http://www.tei-c.org/ns/1.0" type="FOmodern_note" anchored="true"/>
            <tei:note xmlns:tei="http://www.tei-c.org/ns/1.0" type="civitas_note" anchored="true"/>
            <tei:note xmlns:tei="http://www.tei-c.org/ns/1.0" type="Autopsie_note" anchored="true"/>
            <tei:note xmlns:tei="http://www.tei-c.org/ns/1.0" type="Appcrit_note" anchored="true"/>
            <tei:note xmlns:tei="http://www.tei-c.org/ns/1.0" type="Abb_note" anchored="true"/>
            <tei:note xmlns:tei="http://www.tei-c.org/ns/1.0" type="englUEbers_note" anchored="true"/>
            <tei:note xmlns:tei="http://www.tei-c.org/ns/1.0" type="dtUEbers_note" anchored="true"/>
            <tei:note xmlns:tei="http://www.tei-c.org/ns/1.0" type="Editionen_note" anchored="true"/>
            <tei:note xmlns:tei="http://www.tei-c.org/ns/1.0" type="ErhzustObj_note" anchored="true"/>
            <tei:note xmlns:tei="http://www.tei-c.org/ns/1.0" type="Masse_note" anchored="true"/>
            <tei:note xmlns:tei="http://www.tei-c.org/ns/1.0" type="Ikonogr_note" anchored="true"/>
            <tei:note xmlns:tei="http://www.tei-c.org/ns/1.0" type="Inschrtext_note" anchored="true"/>
            <tei:note xmlns:tei="http://www.tei-c.org/ns/1.0" type="ErhzustInschr_note" anchored="true"/>
            <tei:note xmlns:tei="http://www.tei-c.org/ns/1.0" type="Schrifttechnik_note" anchored="true"/>
            <tei:note xmlns:tei="http://www.tei-c.org/ns/1.0" type="Buchsthoehe_note" anchored="true"/>
            <tei:note xmlns:tei="http://www.tei-c.org/ns/1.0" type="Notvar_note" anchored="true"/>
            <tei:note xmlns:tei="http://www.tei-c.org/ns/1.0" type="SonstKomm_note" anchored="true"/>
            <tei:note xmlns:tei="http://www.tei-c.org/ns/1.0" type="Datierung_note" anchored="true"/>
            <tei:note xmlns:tei="http://www.tei-c.org/ns/1.0" type="KommGoettern_note" anchored="true">
                <p part="N">Alte Version (17.04.23):</p>
                <p part="N">Gabinae: Nebenform von  Gabiae: keltisch ‚die Gebenden‘ (de Bernardo Stempel in Spickermann 2005, 140; de Bernardo Stempel 2005) </p>
                <p part="N">
 Gabiae: 
- Germania Inferior: Dieses eingliedrige theonymische Formular ist 5x 
bezeugt, 1x davon – in der hier vorgelegten Inschrift – in der Form  Gabinae. In CF-GeI-89 werden außerdem  Iunones sive Gabiae genannt. 
- außerhalb der Germania Inferior: -  </p>
                                                <p part="N">
 Matronae Gabiae: 
- Germania Inferior: insgesamt 3x belegt (CF-GeI-87, CF-GeI-93, CF-GeI-94)  
- außerhalb der Germania Inferior: - </p>
                                                <p part="N">
 Iunones Gabiae: 
- Germania Inferior: Dieses theonymische Formular ist nur 1x bezeugt (CF-GeI-86). In CF-GeI-89 werden aber außerdem  Iunones sive Gabiae genannt. 
- außerhalb der Germania Inferior:  - </p>
                                                <p part="N">
 Idb…? Gabia: 
- Germania Inferior: Das Votivformular „deae Idbans Gabiae“ ist nur in 
einer schwer lesbaren Inschrift (CF-GeI-92) belegt. Die Bedeutung und 
die Nominativform von „Idbans“ sind bislang unbekannt. Schwierigkeiten 
bereitet auch der Dativ Singular „Gabiae“. 
Letzteres Problem würde hinfällig, wenn Kamp (1866, 195), der im letzten
 Buchstaben der zweiten Zeile „nach wiederholter Untersuchung“ ein B 
gelesen hat, recht hat: Die Auflösung „Gabiab(us)“ läge damit auf der 
Hand (was auch Lehner 1918, Nr.240 vermutet hat) und es bliebe nur noch 
zu klären, welche Einzelgottheit davor mit „deae Idbans“ auf der 
Inschrift angesprochen ist, doch wurde auch hier das „deae“ von Kamp als
 „deab“ gelesen.  
- außerhalb der Germania Inferior: - </p>
                <p part="N"/>
            </tei:note>
        </back>
    </text>
</TEI>