<?xml-model href="https://gams.uni-graz.at/context:fercan/SCHEMA_EPIDOC_9.1" type="application/xml" schematypens="http://relaxng.org/ns/structure/1.0"?><TEI xmlns="http://www.tei-c.org/ns/1.0" xmlns:xsi="http://www.w3.org/2001/XMLSchema-instance" xml:id="inferior97">
    <teiHeader>
        <fileDesc>
            <titleStmt>
                <title type="full">
                    <title type="main">Matronae Vallabneihiae</title>
                    <title type="sub">CF-GeI-97</title>
                </title>
                <respStmt>
                    <resp>Inschriftenedition</resp>
                    <persName instant="false" full="yes">
                        <forename full="yes">Werner</forename>
                        <surname full="yes">Petermandl</surname>
                    </persName>
                </respStmt>
                <respStmt>
                    <resp>Archäologische Beschreibung und geografische Daten</resp>
                    <persName instant="false" full="yes">
                        <forename full="yes">Astrid</forename>
                        <surname full="yes">Schmölzer</surname>
                    </persName>
                </respStmt>
                <funder ref="https://www.fwf.ac.at">Austrian Science Fund (FWF): P
                  29274-G25</funder>
            </titleStmt>
            <publicationStmt>
                <publisher>
                    <link target="https://antike.uni-graz.at"/>
                    <orgName ref="https://d-nb.info/gnd/1213531357" instant="false" full="yes">Institut für Antike, Fachbereich
                    Alte Geschichte und Epigraphik, Karl-Franzens-Universität Graz</orgName>
                </publisher>
                <authority>
                    <link target="https://informationsmodellierung.uni-graz.at"/>
                    <orgName ref="http://d-nb.info/gnd/1137284463" instant="false" full="yes">Zentrum für
                    Informationsmodellierung - Austrian Centre for Digital Humanities,
                    Karl-Franzens-Universität Graz</orgName>
                </authority>
                <distributor>
                    <link target="https://gams.uni-graz.at"/>
                    <orgName instant="false" full="yes">GAMS - Geisteswissenschaftliches Asset Management System</orgName>
                </distributor>
                <date when="2022" instant="false">2022</date>
                <pubPlace>Graz</pubPlace>
                <idno type="PID">o:fercan.97</idno>
                <availability default="false">
                    <licence target="https://creativecommons.org/licenses/by-nc/4.0">Creative Commons
                    BY-NC 4.0</licence>
                </availability>
            </publicationStmt>
            <seriesStmt>
                <title ref="https://gams.uni-graz.at/fercan">FERCAN: Fontes Epigraphici Religionum
                  Celticarum Antiquarum</title>
                <respStmt>
                    <resp>Projektleitung</resp>
                    <persName instant="false" full="yes">
                        <forename full="yes">Wolfgang</forename>
                        <surname full="yes">Spickermann</surname>
                    </persName>
                </respStmt>
            </seriesStmt>
            <sourceDesc default="false">
                <msDesc status="draft">
                    <msIdentifier>
                        <settlement>Köln</settlement>
                        <repository>Römisch-Germanisches Museum</repository>
                        <idno>21</idno>
                    </msIdentifier>
                    <msContents>
                        <summary>Weihinschrift</summary>
                    </msContents>
                    <physDesc>
                        <objectDesc>
                            <supportDesc>
                                <support>
                                    <p part="N">Sockel und Aufsatz fehlen, nur der einfache rechteckige Altarkörper mit nicht gerahmter Inschrift ist vorhanden. Die Buchstaben wurden mit Farbe nachgezogen. Laut Literatur auch die Rückseite abgearbeitet.</p>
                                    <material>
                                        <ref type="context" target="context:fercan.material.kalkstein" ana="https://gams.uni-graz.at/o:fercan.arch#C.120210">Kalkstein</ref>
                                    </material>
                                    <objectType>Weihestein</objectType>
                                    <dimensions>
                                        <height unit="cm">67,0</height>
                                        <width unit="cm">30,5</width>
                                        <depth unit="cm">13,5</depth>
                                    </dimensions>
                                </support>
                                <condition>
                                    <ref type="context" target="context:fercan.condition-o.groeszere_fehlstelle_n" ana="https://gams.uni-graz.at/o:fercan.arch#C.130600">größere Fehlstelle/n</ref>
                                </condition>
                            </supportDesc>
                            <layoutDesc>
                                <layout>
                                    <p part="N">Der Text füllt das Inschriftenfeld nicht zur Gänze aus (unter dem Text bleibt ein Freiraum von ca. der Höhe einer Zeile). Er ist bis auf eine Bruchstelle im rechten unteren Eck vollständig erhalten. Die Buchstabengröße nimmt von oben nach unten ab.<lb/>Ligaturen: s. Majuskeltext. Besondere Zeichen: In Z. 1 und 4 Z. findet sich eine Ligatur von N und I mit verlängerter rechter senkrechter Haste des N; in Z.2 eine Ligatur von E und I mit verlängerter senkrechter Haste; in Z.4 eine leichte Überschneidung von V und S; in Z.7 ein langes I in suis</p>
                                    <tei:note xmlns:tei="http://www.tei-c.org/ns/1.0" type="condition" anchored="true">weitgehend vollständig</tei:note>
                                </layout>
                            </layoutDesc>
                        </objectDesc>
                        <handDesc>
                            <handNote>
                                <desc type="execution">gemeißelt</desc>
                                <height unit="cm" atLeast="3.5" atMost="5.5">3,5–5,5 cm</height>
                            </handNote>
                        </handDesc>
                        <decoDesc>
                            <decoNote>
                                <p part="N">Laut Literatur (Galsterer/Galsterer 2010, 151) sind Baumdarstellungen an den Seiten zu sehen. Es handelt sich auf beiden Seiten um einen geradstämmigen Baum mit drei Blattpaaren, wobei jedoch die hintere Hälfte des Steins fehlt und demnach nur eine Seite des Reliefs erhalten geblieben ist. Die Darstellung ist sehr einfach gehalten.</p>
                                <term ana="https://gams.uni-graz.at/o:fercan.arch#C.253200">
                                    <ref type="context" target="context:fercan.arch.baum">Baum</ref>
                                </term>
                                <term ana="https://gams.uni-graz.at/o:fercan.arch#C.253210">
                                    <ref type="context" target="context:fercan.arch.laubbaum">Laubbaum</ref>
                                </term>
                                <term ana="https://gams.uni-graz.at/o:fercan.arch#C.140200">
                                    <ref type="context" target="context:fercan.arch.nachgezogen">nachgezogen</ref>
                                </term>
                                <term ana="https://gams.uni-graz.at/o:fercan.arch#C.150400">
                                    <ref type="context" target="context:fercan.arch.reliefschmuck">Reliefschmuck</ref>
                                </term>
                            </decoNote>
                        </decoDesc>
                    </physDesc>
                    <history>
                        <origin instant="false">
                            <origPlace instant="false">
                                <placeName ref="https://pleiades.stoa.org/places/108751" instant="false" full="yes">CCAA</placeName>
                                <region>CCAA</region>
                            </origPlace>
                            <origDate instant="false"/>
                        </origin>
                        <provenance type="found" when="1892">
                            <placeName instant="false" full="yes">
                                <ref type="context" target="context:fercan.geog.modern.koeln">Köln</ref>
                            </placeName>
                            <p part="N">Unter Fettenhennen 8</p>
                            <tei:location xmlns:tei="http://www.tei-c.org/ns/1.0" instant="false">
                                <geo decls="#WGS">50.937769 6.958583</geo>
                            </tei:location>
                        </provenance>
                        <provenance type="observed" subtype="autopsied">
                            <p part="N">non vidimus<lb>
                                    <br/>
                                </lb>Lesung gründet auf: Photo</p>
                        </provenance>
                    </history>
                </msDesc>
                <listPlace default="false">
                    <place instant="false"/>
                </listPlace>
                <listPerson default="false">
                    <person instant="false">
                        <persName type="gentilnomen" instant="false" full="yes">
                            <ref type="context" target="context:fercan.person.gentilnomen.acconius">Acconius</ref>
                        </persName>
                    </person>
                    <person instant="false">
                        <persName type="cognomen" instant="false" full="yes">
                            <ref type="context" target="context:fercan.person.cognomen.candidus">Candidus</ref>
                        </persName>
                    </person>
                    <person instant="false">
                        <persName type="divine" subtype="celtic_normalized" instant="false" full="yes">
                            <ref type="context" target="context:fercan.dcn.matronae_vallabneihiae">Matronae Vallabneihiae</ref>
                        </persName>
                    </person>
                    <person instant="false">
                        <persName type="divine" subtype="celtic_diplomatic" instant="false" full="yes">
                            <ref type="context" target="context:fercan.dcd.matronae_vallabneihiae.matronis_vallabneihiab">Matronis Vallabneihiabus</ref>
                        </persName>
                    </person>
                    <person instant="false">
                        <persName type="divine" subtype="celtic_element" instant="false" full="yes">
                            <ref type="context" target="context:fercan.dce.vallabneihiae">Vallabneihiae</ref>
                        </persName>
                    </person>
                </listPerson>
                <listOrg default="false">
                    <org instant="false"/>
                </listOrg>
            </sourceDesc>
        </fileDesc>
        <encodingDesc>
            <geoDecl xml:id="WGS" datum="WGS84" default="false">World Geodetic System</geoDecl>
            <editorialDecl default="false">
                <p part="N">Digitale Repräsentation konform mit EpiDoc: http://epidoc.sourceforge.net</p>
                <p part="N">Majuskel und Minuskel ausgeführt nach Leidener Klammersystem, Majuskel bildet
                  Inschrift originalgetreu ab, Minuskel enthält editorische Hinzufügungen</p>
            </editorialDecl>
            <projectDesc default="false">
                <p part="N">Die keltischen Götternamen in den Inschriften der römischen Provinz Germania
                  Inferior. Eine Fallstudie zu Religion im Kontext von Kulturkontakt und
                  Kulturtransfer (FWF – Projekt P 29274-G25 )</p>
                <p part="N">Das Forschungsprojekt beabsichtigt, sämtliche keltischen Götternamen, die sich in
                  lateinischen Inschriften der römischen Provinz Germania Inferior erhaltenen haben,
                  zusammenzustellen und auszuwerten. Die gewählte Quellengrundlage erscheint
                  besonders geeignet Erscheinungsformen zu untersuchen, welche auf religiöser Ebene
                  durch das Zusammentreffen von verschiedenen kulturellen Einflüssen entstanden
                  sind. Diese sind hier einerseits definiert durch die Verwendung der keltischen
                  Sprache, andererseits durch die lateinische Sprache und durch Formen aus dem
                  Inneren des Imperium Romanum, die man mit dem Etikett „römisch“ versehen kann. Das
                  Interesse gilt dabei nicht nur religiösen, sondern auch damit verbundenen
                  gesellschaftlichen Aspekten und den entsprechenden Mentalitäten. Doch soll damit
                  auch zu einem verbesserten Gesamtbild der Provinzialreligion in Niedergermanien
                  beigetragen werden.<lb/> Die Abschlusspublikation wird ergänzt um einen
                  ausführlichen sprachwissenschaftlichen Kommentar (von Patrizia de Bernardo
                  Stempel) in der Reihe ‚Corpus - F.E.R.C.AN. (Fontes epigraphici religionum
                  Celticarum antiquarum)‘ erscheinen. </p>
            </projectDesc>
        </encodingDesc>
        <profileDesc>
            <langUsage default="false">
                <language ident="la">Latein</language>
            </langUsage>
            <textClass default="false">
                <keywords>
                    <list>
                        <item>
                            <ref type="context" target="context:fercan.dedication.ex_imperio_ipsarum">ex imperio ipsarum</ref>
                        </item>
                        <item>
                            <ref type="context" target="context:fercan.dedication.pro_se_et_suis">pro se et suis</ref>
                        </item>
                        <item>
                            <ref type="context" target="context:fercan.dedication.votum_solvit_libens_merito">votum solvit libens merito</ref>
                        </item>
                        <item/> <!-- Belegform gesamt  --> <item> <ref target="context:fercan.divinepart." type="context"> </ref> </item></list></keywords>
            </textClass>
        </profileDesc>
        <revisionDesc status="draft">
            <change when="2019" n="1" corresp="https://gams.uni-graz.at/o:fercan.97/TEI_SOURCE.2020-02-26" status="draft">Initial Version</change>
            <change when="2020" n="2" corresp="https://gams.uni-graz.at/o:fercan.97/TEI_SOURCE.2022-03-07" status="draft">Version 2</change>
            <change when="2022" n="3" status="draft">Version 3</change>
        </revisionDesc>
    </teiHeader>
    <facsimile>
        <graphic mimeType="image/jpeg" xml:id="IMAGE.1" url="file:///0097_Front(Astrid).jpg">
            <desc>Front, FercanGermaniaInferior, CC BY-NC</desc>
        </graphic>
        <graphic mimeType="image/jpeg" xml:id="IMAGE.2" url="file:///0097_li(Astrid).jpg">
            <desc>links, FercanGermaniaInferior, CC BY-NC</desc>
        </graphic>
        <graphic mimeType="image/jpeg" xml:id="IMAGE.3" url="file:///0097_re(Astrid).jpg">
            <desc>, Rechte vorbehalten</desc>
        </graphic>
    </facsimile>
    <text>
        <body>
            <ab part="N">
                <ref target="context:fercan" type="context">FERCAN</ref>
            </ab>
            <div subtype="editions" type="bibliography" org="uniform" part="N" sample="complete">
                <listBibl default="false">
                    <bibl xml:id="LIT.1" default="false" status="draft">ILS 4808 mit add.</bibl>
                    <bibl xml:id="LIT.2" default="false" status="draft">CIL XIII 8226</bibl>
                    <bibl xml:id="LIT.3" default="false" status="draft">Schoppa 1959, Nr. 74</bibl>
                    <bibl xml:id="LIT.4" default="false" status="draft">Galsterer/Galsterer 1975, Nr. 109</bibl>
                    <bibl xml:id="LIT.5" default="false" status="draft">Galsterer/Galsterer 2010, Nr. 160</bibl>
                    <bibl xml:id="LIT.6" default="false" status="draft">KIK 2012, Nr. 176</bibl>
                
            <bibl xml:id="7">Scheungraber 2020, 577 Nr.2</bibl>
        
            <bibl xml:id="8">Ferlut 2022, Nr.598</bibl>
        </listBibl>
            </div>
            <div subtype="concordances" type="bibliography" org="uniform" part="N" sample="complete">
                <listBibl>
                    <bibl type="EDCS">
                        <idno>EDCS-01200064</idno>
                        <date>zuletzt aufgerufen am 24. Februar 2020</date>
                    </bibl>
                    <bibl type="trismegistos">
                        <idno>www.trismegistos.org/text/415271</idno>
                        <date>zuletzt aufgerufen am 26. Juli 2021</date>
                    </bibl>
                </listBibl>
            </div>
            <div type="edition" subtype="diplomatic" xml:id="majuscule" xml:lang="la" xml:space="preserve" org="uniform" part="N" sample="complete"><ab part="N"><orig><lb n="1"/>
<hi rend="ligature">MA</hi>TRO<hi rend="ligature">NI</hi>S <lb n="2"/> 
<hi rend="ligature">VA</hi>LLABN<hi rend="ligature">EI</hi> <lb n="3"/> 
HIABVS <lb n="4"/> 
L · ACCO<hi rend="ligature">NI</hi><hi rend="ligature">VS</hi> <lb n="5"/> 
CANDIDVS <lb n="6"/> 
PRO SE · ET <lb n="7"/> 
SVIS EX IM<gap reason="lost" quantity="1" unit="character" instant="false"/> <lb n="8"/> 
PPS · V · S · <gap reason="illegible" unit="character" quantity="1" instant="false"/> <gap reason="lost" extent="unknown" unit="character" instant="false"/></orig></ab></div>
            <div type="edition" xml:lang="la" xml:id="minuscule" subtype="normalised" xml:space="preserve" org="uniform" part="N" sample="complete"><ab part="N"><lb n="1"/>Matronis<lb n="2"/>Vallabnei<lb n="3" break="no"/>hiabus<lb n="4"/><expan instant="false"><abbr>L</abbr><ex instant="false">ucius</ex></expan> Acconius<lb n="5"/>Candidus<lb n="6"/>pro se et<lb n="7"/>suis ex im<supplied reason="lost" instant="false"><expan instant="false"><abbr>p</abbr><ex instant="false">erio</ex></expan></supplied><lb n="8"/><supplied reason="omitted" instant="false">i</supplied><expan instant="false"><abbr>ps</abbr><ex instant="false">arum</ex></expan> <expan instant="false"><abbr>v</abbr><ex instant="false">otum</ex></expan> <expan instant="false"><abbr>s</abbr><ex instant="false">olvit</ex></expan> <expan instant="false"><abbr>l</abbr><ex instant="false">ibens</ex></expan> <supplied reason="lost" instant="false"><expan instant="false"><abbr>m</abbr><ex instant="false">erito</ex></expan></supplied></ab></div>
            <div type="translation" xml:lang="de" org="uniform" part="N" sample="complete">
                <p part="N">Für die  <rs type="divine">Matronae Vallabneihiae!</rs> <lb/> 
Lucius Acconius Candidus hat auf deren Geheiß für sich und die Seinen das Gelübde gerne und verdientermaßen erfüllt. </p>
            </div>
            <div type="translation" xml:lang="en" org="uniform" part="N" sample="complete">
                <p part="N">To the  <rs type="divine">Matronae Vallabneihiae!</rs> <lb/> 
Lucius Acconius Candidus by their order has fulfilled a vow willingly and deservedly for himself and for his family.</p>
            </div>
            <div type="apparatus" org="uniform" part="N" sample="complete">
                <app loc="#MIN.1 #MAJ.1">
                    <tei:note xmlns:tei="http://www.tei-c.org/ns/1.0" anchored="true">Matron[i]s – ILS; ohne Ligaturen – Galsterer/Galsterer (2010), KIK2012</tei:note>
                </app>
                <app loc="#MIN.2 #MAJ.2">
                    <tei:note xmlns:tei="http://www.tei-c.org/ns/1.0" anchored="true">ohne Ligaturen – ILS; Galsterer/Galsterer (2010), KIK2012</tei:note>
                </app>
                <app loc="#MIN.4 #MAJ.4">
                    <tei:note xmlns:tei="http://www.tei-c.org/ns/1.0" anchored="true">ohne Ligaturen – ILS, Galsterer/Galsterer (2010), KIK2012; Accon̂ius – Galsterer/Galsterer (1975)</tei:note>
                </app>
                <app loc="#MIN.7 #MAJ.7">
                    <tei:note xmlns:tei="http://www.tei-c.org/ns/1.0" anchored="true">i[mp] – ILS; im[p(erio)] – Galsterer/Galsterer (1975)</tei:note>
                </app>
                <app loc="#MIN.8 #MAJ.8">
                    <tei:note xmlns:tei="http://www.tei-c.org/ns/1.0" anchored="true">p. p. s. s. – ILS; IPS V S [L] – CIL; m(erito) – Scheungraber; (i)ps(arum) – Ferlut</tei:note>
                </app>
            </div>
            <div type="commentary" subtype="general" org="uniform" part="N" sample="complete">
                <p part="N">Lucius Acconius Candidus: tria nomina <lb/>
Acconius: lateinisches Gentilnomen oder einheimisches Pseudogentilnomen, abgeleitet vom keltischen Cognomen Acco (Kakoschke 2006, GN 8) <lb/>
Candidus: lateinisches Cognomen; gängiger Name, der im Rheinland häufig ist (Kakoschke 2007, CN 644) </p>
            </div>
            <div type="commentary" subtype="language" org="uniform" part="N" sample="complete">
                <p part="N">v.2/3: „Vallabneihiabus“ pro „Vallabneihiis“<lb/>v.8: „pps(arum)“ pro „ips(arum)“</p>
            </div>
            <div type="commentary" subtype="deity" org="uniform" part="N" sample="complete">                                                <p part="N"> <rs type="divine">Vallabneihiae:</rs> keltisch mit lautlicher Germanisierung: ,Die Waltenden [Muttergöttinen]‘
 (de Bernardo Stempel Corpus F.E.R.C.A.N. II/1 193f / 195f).  </p>
                                                <p part="N">

Vorkommen in theonymischen Formularen: </p>
                                                <p part="N">
 <rs type="divine">Matronae Vallabneihiae</rs>: <lb/>
- Germania Inferior: Dieses theonymische Formular ist 2x belegt (CF-GeI-97 und 98). <lb/>
- außerhalb der Germania Inferior: - </p>
                                                <p part="N">
 <rs type="divine">Vallabneihiae</rs>: <lb/>
- Germania Inferior: 1x belegt (CF-GeI-99) <lb/>
- außerhalb der Germania Inferior: - </p>
                                                <p part="N">

Sämtliche Belege stammen vom gleichen Fundplatz in Köln (Unter Fettenhennen 8).</p>
                <p part="N">Mit <span>
                        <rs type="divine">Vlavhinehae </rs>(CF-GeI-65) findet sich eine mögliche Variante in Gleich bei Zülpich (</span>
                    <span>
                        <span>ca. 35 Kilometer </span>
                    </span>
                    <span>
                        <span>
                            <span>
                                <span>von Köln </span>
                            </span>entfernt)</span>.<br/>
                    </span>
                </p>
            </div>
            <linkGrp type="alignment" domains="#majuscule #minuscule">
                <link target="#MAJ.1 #MIN.1"/>
                <link target="#MAJ.2 #MIN.2"/>
                <link target="#MAJ.3 #MIN.3"/>
                <link target="#MAJ.4 #MIN.4"/>
                <link target="#MAJ.5 #MIN.5"/>
                <link target="#MAJ.6 #MIN.6"/>
                <link target="#MAJ.7 #MIN.7"/>
                <link target="#MAJ.8 #MIN.8"/>
            </linkGrp>
        </body>
        <back>
            <tei:note xmlns:tei="http://www.tei-c.org/ns/1.0" type="Objbeschr_note" anchored="true"/>
            <tei:note xmlns:tei="http://www.tei-c.org/ns/1.0" type="ArchKlass_note" anchored="true"/>
            <tei:note xmlns:tei="http://www.tei-c.org/ns/1.0" type="Material_note" anchored="true"/>
            <tei:note xmlns:tei="http://www.tei-c.org/ns/1.0" type="Inschrifttraeger_note" anchored="true"/>
            <tei:note xmlns:tei="http://www.tei-c.org/ns/1.0" type="VerwahrortOrt_note" anchored="true"/>
            <tei:note xmlns:tei="http://www.tei-c.org/ns/1.0" type="InvNr_note" anchored="true"/>
            <tei:note xmlns:tei="http://www.tei-c.org/ns/1.0" type="Fundstelle_note" anchored="true"/>
            <tei:note xmlns:tei="http://www.tei-c.org/ns/1.0" type="Fundumst_note" anchored="true"/>
            <tei:note xmlns:tei="http://www.tei-c.org/ns/1.0" type="Fundjahr_note" anchored="true"/>
            <tei:note xmlns:tei="http://www.tei-c.org/ns/1.0" type="FOantik_note" anchored="true"/>
            <tei:note xmlns:tei="http://www.tei-c.org/ns/1.0" type="FOmodern_note" anchored="true"/>
            <tei:note xmlns:tei="http://www.tei-c.org/ns/1.0" type="civitas_note" anchored="true"/>
            <tei:note xmlns:tei="http://www.tei-c.org/ns/1.0" type="Autopsie_note" anchored="true"/>
            <tei:note xmlns:tei="http://www.tei-c.org/ns/1.0" type="Appcrit_note" anchored="true"/>
            <tei:note xmlns:tei="http://www.tei-c.org/ns/1.0" type="Abb_note" anchored="true"/>
            <tei:note xmlns:tei="http://www.tei-c.org/ns/1.0" type="englUEbers_note" anchored="true"/>
            <tei:note xmlns:tei="http://www.tei-c.org/ns/1.0" type="dtUEbers_note" anchored="true"/>
            <tei:note xmlns:tei="http://www.tei-c.org/ns/1.0" type="Editionen_note" anchored="true"/>
            <tei:note xmlns:tei="http://www.tei-c.org/ns/1.0" type="ErhzustObj_note" anchored="true"/>
            <tei:note xmlns:tei="http://www.tei-c.org/ns/1.0" type="Masse_note" anchored="true"/>
            <tei:note xmlns:tei="http://www.tei-c.org/ns/1.0" type="Ikonogr_note" anchored="true"/>
            <tei:note xmlns:tei="http://www.tei-c.org/ns/1.0" type="Inschrtext_note" anchored="true"/>
            <tei:note xmlns:tei="http://www.tei-c.org/ns/1.0" type="ErhzustInschr_note" anchored="true"/>
            <tei:note xmlns:tei="http://www.tei-c.org/ns/1.0" type="Schrifttechnik_note" anchored="true"/>
            <tei:note xmlns:tei="http://www.tei-c.org/ns/1.0" type="Buchsthoehe_note" anchored="true"/>
            <tei:note xmlns:tei="http://www.tei-c.org/ns/1.0" type="Notvar_note" anchored="true"/>
            <tei:note xmlns:tei="http://www.tei-c.org/ns/1.0" type="SonstKomm_note" anchored="true"/>
            <tei:note xmlns:tei="http://www.tei-c.org/ns/1.0" type="Datierung_note" anchored="true"/>
            <tei:note xmlns:tei="http://www.tei-c.org/ns/1.0" type="KommGoettern_note" anchored="true">
                <p part="N">Alte Version (17.04.23):</p>
                <p part="N">keltischer Funktionsbeiname;  ‚die Waltenden‘ (de Bernardo Stempel in Spickermann 2005, 144)</p>
            </tei:note>
        </back>
    </text>
</TEI>