<?xml-model href="https://gams.uni-graz.at/context:fercan/SCHEMA_EPIDOC_9.1" type="application/xml" schematypens="http://relaxng.org/ns/structure/1.0"?><TEI xmlns="http://www.tei-c.org/ns/1.0" xmlns:xsi="http://www.w3.org/2001/XMLSchema-instance" xml:id="inferior352">
    <teiHeader>
        <fileDesc>
            <titleStmt>
                <title type="full">
                    <title type="main">Nehalennia</title>
                    <title type="sub">CF-GeI-352</title>
                </title>
                <respStmt>
                    <resp>Inschriftenedition</resp>
                    <persName instant="false" full="yes">
                        <forename full="yes">Werner</forename>
                        <surname full="yes">Petermandl</surname>
                    </persName>
                </respStmt>
                <respStmt>
                    <resp>Archäologische Beschreibung und geografische Daten</resp>
                    <persName instant="false" full="yes">
                        <forename full="yes">Astrid</forename>
                        <surname full="yes">Schmölzer</surname>
                    </persName>
                </respStmt>
                <funder ref="https://www.fwf.ac.at">Austrian Science Fund (FWF): P
                  29274-G25</funder>
            </titleStmt>
            <publicationStmt>
                <publisher>
                    <link target="https://antike.uni-graz.at"/>
                    <orgName ref="https://d-nb.info/gnd/1213531357" instant="false" full="yes">Institut für Antike, Fachbereich
                    Alte Geschichte und Epigraphik, Karl-Franzens-Universität Graz</orgName>
                </publisher>
                <authority>
                    <link target="https://informationsmodellierung.uni-graz.at"/>
                    <orgName ref="http://d-nb.info/gnd/1137284463" instant="false" full="yes">Zentrum für
                    Informationsmodellierung - Austrian Centre for Digital Humanities,
                    Karl-Franzens-Universität Graz</orgName>
                </authority>
                <distributor>
                    <link target="https://gams.uni-graz.at"/>
                    <orgName instant="false" full="yes">GAMS - Geisteswissenschaftliches Asset Management System</orgName>
                </distributor>
                <date when="2022" instant="false">2022</date>
                <pubPlace>Graz</pubPlace>
                <idno type="PID">o:fercan.352</idno>
                <availability default="false">
                    <licence target="https://creativecommons.org/licenses/by-nc/4.0">Creative Commons
                    BY-NC 4.0</licence>
                </availability>
            </publicationStmt>
            <seriesStmt>
                <title ref="https://gams.uni-graz.at/fercan">FERCAN: Fontes Epigraphici Religionum
                  Celticarum Antiquarum</title>
                <respStmt>
                    <resp>Projektleitung</resp>
                    <persName instant="false" full="yes">
                        <forename full="yes">Wolfgang</forename>
                        <surname full="yes">Spickermann</surname>
                    </persName>
                </respStmt>
            </seriesStmt>
            <sourceDesc default="false">
                <msDesc status="draft">
                    <msIdentifier>
                        <settlement>Leiden</settlement>
                        <repository>Rijksmuseum van Oudheden; Leihgabe an Middelburg, Zeeuws Museum (Stand Stuart/Bogaers 2001, A 56)</repository>
                        <idno>i 1970/12.12</idno>
                    </msIdentifier>
                    <msContents>
                        <summary>Weihinschrift</summary>
                    </msContents>
                    <physDesc>
                        <objectDesc>
                            <supportDesc>
                                <support>
                                    <p part="N">Der Aedciula-Altar wurde aus zwei Teilen zusammengesetzt; der Bruch verläuft von links oben nach rechts unten im mittleren Drittel des Steins. Die Oberfläche ist gut erhalten. Der Stein ist an den Kanten leicht bestoßen, die Bekrönung leicht verwittert.<lb/>#Nehalennia# steht in der mit vom Sockel aufgehenden Pilastern gerahmten Nische. Oben ist ein Muschelschloss im Giebel, allerdings ist die Nischendecke unverziert. Auf der Oberseite liegen vorne nur zwei Äpfel. Besonders auffallend sind die delphinartigen Meerestiere, die anstatt der üblichen Pulvini links und rechts liegen.</p>
                                    <material>
                                        <ref type="context" target="context:fercan.material.kalkstein" ana="https://gams.uni-graz.at/o:fercan.arch#C.120210">Kalkstein</ref>
                                    </material>
                                    <objectType>Aedicula-Altar</objectType>
                                    <dimensions>
                                        <height unit="cm">66,0</height>
                                        <width unit="cm">41,5</width>
                                        <depth unit="cm">18,0</depth>
                                    </dimensions>
                                </support>
                                <condition>
                                    <ref type="context" target="context:fercan.condition-o.vollstaendig" ana="https://gams.uni-graz.at/o:fercan.arch#C.130400">vollständig</ref>
                                </condition>
                            </supportDesc>
                            <layoutDesc>
                                <layout>
                                    <p part="N">Der Inschriftentext ist vollständig erhalten.<lb/>Ligaturen: s. Majuskeltext. Besondere Zeichen: In Z.3 und Z.4 findet sich je eine Ligatur von N und I mit erhöhter rechter senkrechter Haste des N.</p>
                                    <tei:note xmlns:tei="http://www.tei-c.org/ns/1.0" type="condition" anchored="true">vollständig</tei:note>
                                </layout>
                            </layoutDesc>
                        </objectDesc>
                        <handDesc>
                            <handNote>
                                <desc type="execution">gemeißelt</desc>
                            </handNote>
                        </handDesc>
                        <decoDesc>
                            <decoNote>
                                <p part="N"> <rs type="divine">Nehalennia</rs> ist stehend dargestellt. Ihr rechter Fuß steht auf einem Schiffsschnabel. Auf dem erhobenen rechten Knie hat sie einen Korb mit Obst, vermutlich Äpfeln abgestellt, den sie mit der rechten Hand stützt. In der linken Hand, die seitlich auf dem Korb liegt, hält sie einen nicht näher identifizierbaren Gegenstand, eventuell ein Büschel Pflanzen oder einen Blumenstrauß. Ihr Kopf ist nach links gewandt; sie trägt eine kleine runde Haube. Über dem langen Mantel, dessen Enden über das aufgestützte Bein herunterfallen, trägt sie eine Pelerine, die ihr bis zur Mitte der Oberarme reicht. Unter dem Mantel ist das bodenlange Kleid zu erkennen. <lb/>
Links neben ihr sitzt ein von ihr abgewandter großer Hund, der seinen schlecht erhaltenen Kopf zur Göttin herumdreht. <lb/>
Auf der linken Schmalseite ist ein Füllhorn mit Blattkelch in Relief dargestellt. Es ist mit Früchten und einem Kiefernzapfen gefüllt. An der rechten Seite hängt eine Kornähre herab. Das Motiv ist durch den Bruch knapp unter der Krone des Horns leicht beschädigt, aber nach wie vor gut erkennbar. <lb/>
Auf der rechten Seite ist ebenfalls ein Füllhorn mit Blattkelch dargestellt. Es ist mit Äpfeln gefüllt. Links hängt eine Kornähre herab und rechts ein Strang Trauben.</p>
                                <term ana="https://gams.uni-graz.at/o:fercan.arch#C.210100">
                                    <ref type="context" target="context:fercan.arch.apfel">Apfel</ref>
                                </term>
                                <term ana="https://gams.uni-graz.at/o:fercan.arch#C.220000">
                                    <ref type="context" target="context:fercan.arch.architektur">Architektur</ref>
                                </term>
                                <term ana="https://gams.uni-graz.at/o:fercan.arch#C.150800">
                                    <ref type="context" target="context:fercan.arch.aufsatzschmuck">Aufsatzschmuck</ref>
                                </term>
                                <term ana="https://gams.uni-graz.at/o:fercan.arch#C.252100">
                                    <ref type="context" target="context:fercan.arch.blumenstrausz">Blumenstrauß</ref>
                                </term>
                                <term ana="https://gams.uni-graz.at/o:fercan.arch#C.254171">
                                    <ref type="context" target="context:fercan.arch.delphin">Delphin</ref>
                                </term>
                                <term ana="https://gams.uni-graz.at/o:fercan.arch#C.254170">
                                    <ref type="context" target="context:fercan.arch.fisch">Fisch</ref>
                                </term>
                                <term ana="https://gams.uni-graz.at/o:fercan.arch#C.210000">
                                    <ref type="context" target="context:fercan.arch.frucht">Frucht</ref>
                                </term>
                                <term ana="https://gams.uni-graz.at/o:fercan.arch#C.251510">
                                    <ref type="context" target="context:fercan.arch.fuellhorn_mit_blattkelch">Füllhorn mit Blattkelch</ref>
                                </term>
                                <term ana="https://gams.uni-graz.at/o:fercan.arch#C.220110">
                                    <ref type="context" target="context:fercan.arch.gebrochener_giebel">gebrochener Giebel</ref>
                                </term>
                                <term ana="https://gams.uni-graz.at/o:fercan.arch#C.240100">
                                    <ref type="context" target="context:fercan.arch.goetterbild">Götterbild</ref>
                                </term>
                                <term ana="https://gams.uni-graz.at/o:fercan.arch#C.254110">
                                    <ref type="context" target="context:fercan.arch.hund">Hund</ref>
                                </term>
                                <term ana="https://gams.uni-graz.at/o:fercan.arch#C.220200">
                                    <ref type="context" target="context:fercan.arch.kapitell">Kapitell</ref>
                                </term>
                                <term ana="https://gams.uni-graz.at/o:fercan.arch#C.220210">
                                    <ref type="context" target="context:fercan.arch.korinthisches_kapitell">korinthisches Kapitell</ref>
                                </term>
                                <term ana="https://gams.uni-graz.at/o:fercan.arch#C.210800">
                                    <ref type="context" target="context:fercan.arch.kornaehre">Kornähre</ref>
                                </term>
                                <term ana="https://gams.uni-graz.at/o:fercan.arch#C.220700">
                                    <ref type="context" target="context:fercan.arch.muschelschloss">Muschelschloss</ref>
                                </term>
                                <term ana="https://gams.uni-graz.at/o:fercan.arch#C.251700">
                                    <ref type="context" target="context:fercan.arch.obstschale">Obstschale</ref>
                                </term>
                                <term ana="https://gams.uni-graz.at/o:fercan.arch#C.253000">
                                    <ref type="context" target="context:fercan.arch.pflanzenornament">Pflanzenornament</ref>
                                </term>
                                <term ana="https://gams.uni-graz.at/o:fercan.arch#C.220500">
                                    <ref type="context" target="context:fercan.arch.pilaster">Pilaster</ref>
                                </term>
                                <term ana="https://gams.uni-graz.at/o:fercan.arch#C.210700">
                                    <ref type="context" target="context:fercan.arch.pinienzapfen">Pinienzapfen</ref>
                                </term>
                                <term ana="https://gams.uni-graz.at/o:fercan.arch#C.150500">
                                    <ref type="context" target="context:fercan.arch.rahmen">Rahmen</ref>
                                </term>
                                <term ana="https://gams.uni-graz.at/o:fercan.arch#C.160000">
                                    <ref type="context" target="context:fercan.arch.reliefdekor">Reliefdekor</ref>
                                </term>
                                <term ana="https://gams.uni-graz.at/o:fercan.arch#C.150400">
                                    <ref type="context" target="context:fercan.arch.reliefschmuck">Reliefschmuck</ref>
                                </term>
                                <term ana="https://gams.uni-graz.at/o:fercan.arch#C.250740">
                                    <ref type="context" target="context:fercan.arch.schiffsschnabel">Schiffsschnabel</ref>
                                </term>
                                <term ana="https://gams.uni-graz.at/o:fercan.arch#C.254100">
                                    <ref type="context" target="context:fercan.arch.tier">Tier</ref>
                                </term>
                                <term ana="https://gams.uni-graz.at/o:fercan.arch#C.250100">
                                    <ref type="context" target="context:fercan.arch.vorhang">Vorhang</ref>
                                </term>
                            </decoNote>
                        </decoDesc>
                    </physDesc>
                    <history>
                        <origin instant="false">
                            <origPlace instant="false">
                                <placeName ref="https://pleiades.stoa.org/places/109000" instant="false" full="yes">Ganuenta</placeName>
                                <region>Civitas Frisiavonum</region>
                            </origPlace>
                            <origDate instant="false"/>
                        </origin>
                        <provenance type="found" when="1970">
                            <placeName instant="false" full="yes">
                                <ref type="context" target="context:fercan.geog.modern.oosterschelde_bei_colijnsplaat">Oosterschelde bei Colijnsplaat</ref>
                            </placeName>
                            <tei:location xmlns:tei="http://www.tei-c.org/ns/1.0" instant="false">
                                <geo decls="#WGS">51.599839 3.849262</geo>
                            </tei:location>
                            <tei:note xmlns:tei="http://www.tei-c.org/ns/1.0" anchored="true">aus dem Meer geborgen</tei:note>
                        </provenance>
                        <provenance type="observed" subtype="autopsied">
                            <p part="N">non vidimus</p>
                            <p part="N">
                                <lb/>Lesung gründet auf: Stuart/Bogaers 2001</p>
                        </provenance>
                    </history>
                </msDesc>
                <listPlace default="false">
                    <place instant="false"/>
                </listPlace>
                <listPerson default="false">
                    <person instant="false">
                        <persName type="gentilnomen" instant="false" full="yes">
                            <ref type="context" target="context:fercan.person.gentilnomen.sabinianus">Sabinianus</ref>
                        </persName>
                    </person>
                    <person instant="false">
                        <persName type="cognomen" instant="false" full="yes">
                            <ref type="context" target="context:fercan.person.cognomen.saturninus">Saturninus</ref>
                        </persName>
                    </person>
                    <person instant="false">
                        <persName type="divine" subtype="celtic_normalized" instant="false" full="yes">
                            <ref type="context" target="context:fercan.dcn.nehalennia">Nehalennia</ref>
                        </persName>
                    </person>
                    <person instant="false">
                        <persName type="divine" subtype="celtic_diplomatic" instant="false" full="yes">
                            <ref type="context" target="context:fercan.dcd.nehalennia.deae_nehalaenniae">deae Nehalaenniae</ref>
                        </persName>
                    </person>
                    <person instant="false">
                        <persName type="divine" subtype="celtic_element" instant="false" full="yes">
                            <ref type="context" target="context:fercan.dce.nehalennia">Nehalennia</ref>
                        </persName>
                    </person>
                </listPerson>
                <listOrg default="false">
                    <org instant="false"/>
                </listOrg>
            </sourceDesc>
        </fileDesc>
        <encodingDesc>
            <geoDecl xml:id="WGS" datum="WGS84" default="false">World Geodetic System</geoDecl>
            <editorialDecl default="false">
                <p part="N">Digitale Repräsentation konform mit EpiDoc: http://epidoc.sourceforge.net</p>
                <p part="N">Majuskel und Minuskel ausgeführt nach Leidener Klammersystem, Majuskel bildet
                  Inschrift originalgetreu ab, Minuskel enthält editorische Hinzufügungen</p>
            </editorialDecl>
            <projectDesc default="false">
                <p part="N">Die keltischen Götternamen in den Inschriften der römischen Provinz Germania
                  Inferior. Eine Fallstudie zu Religion im Kontext von Kulturkontakt und
                  Kulturtransfer (FWF – Projekt P 29274-G25 )</p>
                <p part="N">Das Forschungsprojekt beabsichtigt, sämtliche keltischen Götternamen, die sich in
                  lateinischen Inschriften der römischen Provinz Germania Inferior erhaltenen haben,
                  zusammenzustellen und auszuwerten. Die gewählte Quellengrundlage erscheint
                  besonders geeignet Erscheinungsformen zu untersuchen, welche auf religiöser Ebene
                  durch das Zusammentreffen von verschiedenen kulturellen Einflüssen entstanden
                  sind. Diese sind hier einerseits definiert durch die Verwendung der keltischen
                  Sprache, andererseits durch die lateinische Sprache und durch Formen aus dem
                  Inneren des Imperium Romanum, die man mit dem Etikett „römisch“ versehen kann. Das
                  Interesse gilt dabei nicht nur religiösen, sondern auch damit verbundenen
                  gesellschaftlichen Aspekten und den entsprechenden Mentalitäten. Doch soll damit
                  auch zu einem verbesserten Gesamtbild der Provinzialreligion in Niedergermanien
                  beigetragen werden.<lb/> Die Abschlusspublikation wird ergänzt um einen
                  ausführlichen sprachwissenschaftlichen Kommentar (von Patrizia de Bernardo
                  Stempel) in der Reihe ‚Corpus - F.E.R.C.AN. (Fontes epigraphici religionum
                  Celticarum antiquarum)‘ erscheinen. </p>
            </projectDesc>
        </encodingDesc>
        <profileDesc>
            <langUsage default="false">
                <language ident="la">Latein</language>
            </langUsage>
            <textClass default="false">
                <keywords>
                    <list>
                        <item>
                            <ref type="context" target="context:fercan.dedication.libens">libens</ref>
                        </item>
                        <item/> <!-- Belegform gesamt  --> <item> <ref target="context:fercan.divinepart." type="context"> </ref> </item></list></keywords>
            </textClass>
        </profileDesc>
        <revisionDesc status="draft">
            <change when="2019" n="1" corresp="https://gams.uni-graz.at/o:fercan.352/TEI_SOURCE.2020-02-26" status="draft">Initial Version</change>
            <change when="2020" n="2" corresp="https://gams.uni-graz.at/o:fercan.352/TEI_SOURCE.2022-03-07" status="draft">Version 2</change>
            <change when="2022" n="3" status="draft">Version 3</change>
        </revisionDesc>
    </teiHeader>
    <facsimile>
        <graphic mimeType="image/png" xml:id="IMAGE.1" url="file:///0352_Front.PNG">
            <desc>Front, Stuart/Bogaers 2001, Taf.46, A56, Rechte vorbehalten</desc>
        </graphic>
        <graphic mimeType="image/png" xml:id="IMAGE.2" url="file:///0352_li.PNG">
            <desc>links, Stuart/Bogaers 2001, Taf.46, A56, Rechte vorbehalten</desc>
        </graphic>
        <graphic mimeType="image/png" xml:id="IMAGE.3" url="file:///0352_re.PNG">
            <desc>rechts, Stuart/Bogaers 2001, Taf.46, A56, Rechte vorbehalten</desc>
        </graphic>
        <graphic mimeType="image/png" xml:id="IMAGE.4" url="file:///0352_hinten.PNG">
            <desc>Rückseite, Stuart/Bogaers 2001, Taf.118, A56, Rechte vorbehalten</desc>
        </graphic>
    </facsimile>
    <text>
        <body>
            <ab part="N">
                <ref target="context:fercan" type="context">FERCAN</ref>
            </ab>
            <div subtype="editions" type="bibliography" org="uniform" part="N" sample="complete">
                <listBibl default="false">
                    <bibl xml:id="LIT.1" default="false" status="draft">AE 1973, 371</bibl>
                    <bibl xml:id="LIT.2" default="false" status="draft">Stuart/Bogaers 1971, Nr.12</bibl>
                    <bibl xml:id="LIT.3" default="false" status="draft">Stuart/Bogaers 2001, A56</bibl>
                
            <bibl xml:id="4">Scheungraber 2020, 402 Nr.71</bibl>
        
            <bibl xml:id="5">Ferlut 2022, Nr.1086</bibl>
        </listBibl>
            </div>
            <div subtype="concordances" type="bibliography" org="uniform" part="N" sample="complete">
                <listBibl>
                    <bibl type="EDCS">
                        <idno>EDCS-09401497</idno>
                        <date>zuletzt aufgerufen am 24. Februar 2020</date>
                    </bibl>
                    <bibl type="EDH">
                        <idno>HD011216</idno>
                        <date>Version vom 12. Juni 2017</date>
                    </bibl>
                    <bibl type="trismegistos">
                        <idno>www.trismegistos.org/text/208917</idno>
                        <date>zuletzt aufgerufen am 30. Juni 2021</date>
                    </bibl>
                </listBibl>
            </div>
            <div type="edition" subtype="diplomatic" xml:id="majuscule" xml:lang="la" xml:space="preserve" org="uniform" part="N" sample="complete"><ab part="N"><orig><lb n="1"/>DEAE · NEHA  <lb n="2"/>
LAENNIAE · C  <lb n="3"/>
SABI<hi rend="ligature">NI</hi>ANVS · SA  <lb n="4"/>
TVR<hi rend="ligature">NI</hi>NVS · L</orig></ab></div>
            <div type="edition" xml:lang="la" xml:id="minuscule" subtype="normalised" xml:space="preserve" org="uniform" part="N" sample="complete"><ab part="N"><lb n="1"/>Deae Neha<lb n="2" break="no"/>laenniae <expan instant="false"><abbr>C</abbr><ex instant="false">aius</ex></expan><lb n="3"/>Sabinianus Sa<lb n="4" break="no"/>turninus <expan instant="false"><abbr>l</abbr><ex instant="false">ibens</ex></expan></ab></div>
            <div type="translation" xml:lang="de" org="uniform" part="N" sample="complete">
                <p part="N">Für die Göttin  <rs type="divine">Nehalaennia!</rs> 
Gaius Sabinianus Saturninus gerne.</p>
            </div>
            <div type="translation" xml:lang="en" org="uniform" part="N" sample="complete">
                <p part="N">To the goddess  <rs type="divine">Nehalaennia!</rs> 
Gaius Sabinianus Saturninus willingly. </p>
            </div>
            <div type="apparatus" org="uniform" part="N" sample="complete">
                <app loc="#MIN.2 #MAJ.2">
                    <tei:note xmlns:tei="http://www.tei-c.org/ns/1.0" anchored="true">lenniae – AE, Scheungraber, Ferlut</tei:note>
                </app>
                <app loc="#MIN.3 #MAJ.3">
                    <tei:note xmlns:tei="http://www.tei-c.org/ns/1.0" anchored="true">ohne Ligatur – AE</tei:note>
                </app>
                <app loc="#MIN.4 #MAJ.4">
                    <tei:note xmlns:tei="http://www.tei-c.org/ns/1.0" anchored="true">ohne Ligatur – AE</tei:note>
                </app>
            </div>
            <div type="commentary" subtype="general" org="uniform" part="N" sample="complete">
                <p part="N">Gaius Sabinianus Saturninus: tria nomina <lb/>
Sabinianus: einheimisches Pseudogentilnomen, abgeleitet vom lateinischen Cognomen Sabin(ian)us (Kakoschke 2006, GN 1077 <lb/>
Saturninus: lateinisches Cognomen, Weiterbildung des Cognomens Saturnus: überall äußerst gängiger Name (Kakoschke 2008, CN 2720)</p>
            </div>
            <div type="commentary" subtype="deity" org="uniform" part="N" sample="complete">                                                <p part="N"> <rs type="divine">Nehalaennia:</rs> keltisch erklärbar: ‚Die [Göttin] im Salzwasser bzw. in der See‘ (de Bernardo Stempel Corpus F.E.R.C.A.N. II/1 145f).</p>
                                                <p part="N">

Vorkommen in theonymischen Formularen: </p>
                                                <p part="N">
 <rs type="divine">Nehalennia</rs>: <lb/>
- Germania Inferior: Belege sind überaus häufig. Zwei Inschriften stammen aus Köln alle anderen aus Domburg und Colijnsplaat. Die Göttin wird dabei, bis auf wenige Ausnahmen, stets als  <rs type="divine">dea Nehalennia</rs> angesprochen. <lb/> 
- außerhalb der Germania Inferior: -</p>
            </div>
            <linkGrp type="alignment" domains="#majuscule #minuscule">
                <link target="#MAJ.1 #MIN.1"/>
                <link target="#MAJ.2 #MIN.2"/>
                <link target="#MAJ.3 #MIN.3"/>
                <link target="#MAJ.4 #MIN.4"/>
            </linkGrp>
        </body>
        <back>
            <tei:note xmlns:tei="http://www.tei-c.org/ns/1.0" type="Objbeschr_note" anchored="true"/>
            <tei:note xmlns:tei="http://www.tei-c.org/ns/1.0" type="ArchKlass_note" anchored="true"/>
            <tei:note xmlns:tei="http://www.tei-c.org/ns/1.0" type="Material_note" anchored="true"/>
            <tei:note xmlns:tei="http://www.tei-c.org/ns/1.0" type="Inschrifttraeger_note" anchored="true"/>
            <tei:note xmlns:tei="http://www.tei-c.org/ns/1.0" type="VerwahrortOrt_note" anchored="true"/>
            <tei:note xmlns:tei="http://www.tei-c.org/ns/1.0" type="InvNr_note" anchored="true"/>
            <tei:note xmlns:tei="http://www.tei-c.org/ns/1.0" type="Fundstelle_note" anchored="true"/>
            <tei:note xmlns:tei="http://www.tei-c.org/ns/1.0" type="Fundumst_note" anchored="true"/>
            <tei:note xmlns:tei="http://www.tei-c.org/ns/1.0" type="Fundjahr_note" anchored="true"/>
            <tei:note xmlns:tei="http://www.tei-c.org/ns/1.0" type="FOantik_note" anchored="true"/>
            <tei:note xmlns:tei="http://www.tei-c.org/ns/1.0" type="FOmodern_note" anchored="true"/>
            <tei:note xmlns:tei="http://www.tei-c.org/ns/1.0" type="civitas_note" anchored="true"/>
            <tei:note xmlns:tei="http://www.tei-c.org/ns/1.0" type="Autopsie_note" anchored="true"/>
            <tei:note xmlns:tei="http://www.tei-c.org/ns/1.0" type="Appcrit_note" anchored="true"/>
            <tei:note xmlns:tei="http://www.tei-c.org/ns/1.0" type="Abb_note" anchored="true"/>
            <tei:note xmlns:tei="http://www.tei-c.org/ns/1.0" type="englUEbers_note" anchored="true"/>
            <tei:note xmlns:tei="http://www.tei-c.org/ns/1.0" type="dtUEbers_note" anchored="true"/>
            <tei:note xmlns:tei="http://www.tei-c.org/ns/1.0" type="Editionen_note" anchored="true"/>
            <tei:note xmlns:tei="http://www.tei-c.org/ns/1.0" type="ErhzustObj_note" anchored="true"/>
            <tei:note xmlns:tei="http://www.tei-c.org/ns/1.0" type="Masse_note" anchored="true"/>
            <tei:note xmlns:tei="http://www.tei-c.org/ns/1.0" type="Ikonogr_note" anchored="true"/>
            <tei:note xmlns:tei="http://www.tei-c.org/ns/1.0" type="Inschrtext_note" anchored="true"/>
            <tei:note xmlns:tei="http://www.tei-c.org/ns/1.0" type="ErhzustInschr_note" anchored="true"/>
            <tei:note xmlns:tei="http://www.tei-c.org/ns/1.0" type="Schrifttechnik_note" anchored="true"/>
            <tei:note xmlns:tei="http://www.tei-c.org/ns/1.0" type="Buchsthoehe_note" anchored="true"/>
            <tei:note xmlns:tei="http://www.tei-c.org/ns/1.0" type="Notvar_note" anchored="true"/>
            <tei:note xmlns:tei="http://www.tei-c.org/ns/1.0" type="SonstKomm_note" anchored="true"/>
            <tei:note xmlns:tei="http://www.tei-c.org/ns/1.0" type="Datierung_note" anchored="true"/>
            <tei:note xmlns:tei="http://www.tei-c.org/ns/1.0" type="KommGoettern_note" anchored="true">
                <p part="N">Für die Alte Version (25.04.23) siehe CF-GeI-286<br/>
                </p>
            </tei:note>
        </back>
    </text>
</TEI>