<?xml-model href="https://gams.uni-graz.at/context:fercan/SCHEMA_EPIDOC_9.1" type="application/xml" schematypens="http://relaxng.org/ns/structure/1.0"?><TEI xmlns="http://www.tei-c.org/ns/1.0" xmlns:xsi="http://www.w3.org/2001/XMLSchema-instance" xml:id="inferior368">
    <teiHeader>
        <fileDesc>
            <titleStmt>
                <title type="full">
                    <title type="main">Nehalennia</title>
                    <title type="sub">CF-GeI-368</title>
                </title>
                <respStmt>
                    <resp>Inschriftenedition</resp>
                    <persName instant="false" full="yes">
                        <forename full="yes">Werner</forename>
                        <surname full="yes">Petermandl</surname>
                    </persName>
                </respStmt>
                <respStmt>
                    <resp>Archäologische Beschreibung und geografische Daten</resp>
                    <persName instant="false" full="yes">
                        <forename full="yes">Astrid</forename>
                        <surname full="yes">Schmölzer</surname>
                    </persName>
                </respStmt>
                <funder ref="https://www.fwf.ac.at">Austrian Science Fund (FWF): P
                  29274-G25</funder>
            </titleStmt>
            <publicationStmt>
                <publisher>
                    <link target="https://antike.uni-graz.at"/>
                    <orgName ref="https://d-nb.info/gnd/1213531357" instant="false" full="yes">Institut für Antike, Fachbereich
                    Alte Geschichte und Epigraphik, Karl-Franzens-Universität Graz</orgName>
                </publisher>
                <authority>
                    <link target="https://informationsmodellierung.uni-graz.at"/>
                    <orgName ref="http://d-nb.info/gnd/1137284463" instant="false" full="yes">Zentrum für
                    Informationsmodellierung - Austrian Centre for Digital Humanities,
                    Karl-Franzens-Universität Graz</orgName>
                </authority>
                <distributor>
                    <link target="https://gams.uni-graz.at"/>
                    <orgName instant="false" full="yes">GAMS - Geisteswissenschaftliches Asset Management System</orgName>
                </distributor>
                <date when="2022" instant="false">2022</date>
                <pubPlace>Graz</pubPlace>
                <idno type="PID">o:fercan.368</idno>
                <availability default="false">
                    <licence target="https://creativecommons.org/licenses/by-nc/4.0">Creative Commons
                    BY-NC 4.0</licence>
                </availability>
            </publicationStmt>
            <seriesStmt>
                <title ref="https://gams.uni-graz.at/fercan">FERCAN: Fontes Epigraphici Religionum
                  Celticarum Antiquarum</title>
                <respStmt>
                    <resp>Projektleitung</resp>
                    <persName instant="false" full="yes">
                        <forename full="yes">Wolfgang</forename>
                        <surname full="yes">Spickermann</surname>
                    </persName>
                </respStmt>
            </seriesStmt>
            <sourceDesc default="false">
                <msDesc status="draft">
                    <msIdentifier>
                        <settlement>Leiden</settlement>
                        <repository>Rijksmuseum van Oudheden; Leihgabe an Middelburg, Zeeuws Museum (Stand Stuart/Bogaers 2001/ B11)</repository>
                        <idno>i 1970/12.29</idno>
                    </msIdentifier>
                    <msContents>
                        <summary>Weihinschrift</summary>
                    </msContents>
                    <physDesc>
                        <objectDesc>
                            <supportDesc>
                                <support>
                                    <p part="N">Der Weihealtar ist vollständig erhalten. Die Vorderseite ist durch Verwitterung besonders am Aufsatz und an der rechten oberen Kante in Mitleidenschaft gezogen. Der Aufsatz weist noch einen Giebel und Pulvini auf, allerdings ist das Reliefdekor nicht mehr nachvollziehbar bzw. im Fall des Giebelfeldes nur mehr schwer als Rosette zu erkennen. Oben lagen ursprünglich sechs oder sieben Früchte. Fünf sind noch erhalten; in der Mitte liegt eine Birne, rundherum, soweit erkennbar, Äpfel.<lb/>Auch an den Schmalseiten ist die Oberfläche, besonders im oberen Bereich, von Verwitterung betroffen.</p>
                                    <material>
                                        <ref type="context" target="context:fercan.material.kalkstein" ana="https://gams.uni-graz.at/o:fercan.arch#C.120210">Kalkstein</ref>
                                    </material>
                                    <objectType>Weihealtar</objectType>
                                    <dimensions>
                                        <height unit="cm">63,0</height>
                                        <width unit="cm">37,5</width>
                                        <depth unit="cm">15,0</depth>
                                    </dimensions>
                                </support>
                                <condition>
                                    <ref type="context" target="context:fercan.condition-o.vollstaendig" ana="https://gams.uni-graz.at/o:fercan.arch#C.130400">vollständig</ref>
                                </condition>
                            </supportDesc>
                            <layoutDesc>
                                <layout>
                                    <p part="N">Der Text füllt das Inschriftenfeld nicht zur Gänze aus; unten bleibt ein Freiraum von der Höhe ca. einer Zeile.<lb/>Ligaturen: s. Majuskeltext. Besondere Zeichen: In Z.2 findet sich eine Ligatur von N und I mit erhöhter rechter vertikaler Haste des N, in Z.5 ein I longum in suis.</p>
                                    <tei:note xmlns:tei="http://www.tei-c.org/ns/1.0" type="condition" anchored="true">vollständig</tei:note>
                                </layout>
                            </layoutDesc>
                        </objectDesc>
                        <handDesc>
                            <handNote>
                                <desc type="execution">gemeißelt</desc>
                            </handNote>
                        </handDesc>
                        <decoDesc>
                            <decoNote>
                                <p part="N">Auf der linken Schmalseite steht ein dünner gerader Baum, an dessen Stamm links knapp unter der Mitte und rechts knapp ober der Mitte ein Aststumpf nach links bzw. rechts auswächst. Die Blattkrone besteht aus insgesamt fünf Blättern, die an ihren Enden oben zerfranst sind und teilweise herunterhängen. Dazwischen sind kleine runde Früchte zu sehen, daher könnte man den Baum auch als Lorbeer deuten, jedoch passen hier die gefransten Blätter nicht dazu. <lb/>
Auf der rechten Schmalseite ist ebenfalls ein Baum zu sehen. Der Stamm ist dünn und weist in der Mitte einen Aststumpf auf der rechten Seite auf. Die Baumkrone gliedert sich in zwei dünne Äste und ist dicht belaubt. Die Blätter sind rundlich und laufen spitz zu. Die Oberfläche ist nur in der linken unteren Ecke leicht ausgebrochen, das Motiv ist oben etwas verwittert, aber sehr gut erkennbar.</p>
                                <term ana="https://gams.uni-graz.at/o:fercan.arch#C.210100">
                                    <ref type="context" target="context:fercan.arch.apfel">Apfel</ref>
                                </term>
                                <term ana="https://gams.uni-graz.at/o:fercan.arch#C.150800">
                                    <ref type="context" target="context:fercan.arch.aufsatzschmuck">Aufsatzschmuck</ref>
                                </term>
                                <term ana="https://gams.uni-graz.at/o:fercan.arch#C.253200">
                                    <ref type="context" target="context:fercan.arch.baum">Baum</ref>
                                </term>
                                <term ana="https://gams.uni-graz.at/o:fercan.arch#C.210200">
                                    <ref type="context" target="context:fercan.arch.birne">Birne</ref>
                                </term>
                                <term ana="https://gams.uni-graz.at/o:fercan.arch#C.210000">
                                    <ref type="context" target="context:fercan.arch.frucht">Frucht</ref>
                                </term>
                                <term ana="https://gams.uni-graz.at/o:fercan.arch#C.253210">
                                    <ref type="context" target="context:fercan.arch.laubbaum">Laubbaum</ref>
                                </term>
                                <term ana="https://gams.uni-graz.at/o:fercan.arch#C.253211">
                                    <ref type="context" target="context:fercan.arch.lorbeer">Lorbeer</ref>
                                </term>
                                <term ana="https://gams.uni-graz.at/o:fercan.arch#C.160000">
                                    <ref type="context" target="context:fercan.arch.reliefdekor">Reliefdekor</ref>
                                </term>
                                <term ana="https://gams.uni-graz.at/o:fercan.arch#C.150400">
                                    <ref type="context" target="context:fercan.arch.reliefschmuck">Reliefschmuck</ref>
                                </term>
                                <term ana="https://gams.uni-graz.at/o:fercan.arch#C.253060">
                                    <ref type="context" target="context:fercan.arch.rosette">Rosette</ref>
                                </term>
                            </decoNote>
                        </decoDesc>
                    </physDesc>
                    <history>
                        <origin instant="false">
                            <origPlace instant="false">
                                <placeName ref="https://pleiades.stoa.org/places/109000" instant="false" full="yes">Ganuenta</placeName>
                                <region>Civitas Frisiavonum</region>
                            </origPlace>
                            <origDate instant="false"/>
                        </origin>
                        <provenance type="found" when="1970">
                            <placeName instant="false" full="yes">
                                <ref type="context" target="context:fercan.geog.modern.oosterschelde_bei_colijnsplaat">Oosterschelde bei Colijnsplaat</ref>
                            </placeName>
                            <tei:location xmlns:tei="http://www.tei-c.org/ns/1.0" instant="false">
                                <geo decls="#WGS">51.599839 3.849262</geo>
                            </tei:location>
                            <tei:note xmlns:tei="http://www.tei-c.org/ns/1.0" anchored="true">aus dem Meer geborgen</tei:note>
                        </provenance>
                        <provenance type="observed" subtype="autopsied">
                            <p part="N">non vidimus<lb>
                                    <br/>
                                </lb>Lesung gründet auf: Stuart/Bogaers 2001</p>
                        </provenance>
                    </history>
                </msDesc>
                <listPlace default="false">
                    <place instant="false"/>
                </listPlace>
                <listPerson default="false">
                    <person instant="false">
                        <persName type="gentilnomen" instant="false" full="yes">
                            <ref type="context" target="context:fercan.person.gentilnomen.tertinius">Tertinius</ref>
                        </persName>
                    </person>
                    <person instant="false">
                        <persName type="cognomen" instant="false" full="yes">
                            <ref type="context" target="context:fercan.person.cognomen.virilis">Virilis</ref>
                        </persName>
                    </person>
                    <person instant="false">
                        <persName type="divine" subtype="celtic_normalized" instant="false" full="yes">
                            <ref type="context" target="context:fercan.dcn.nehalennia">Nehalennia</ref>
                        </persName>
                    </person>
                    <person instant="false">
                        <persName type="divine" subtype="celtic_diplomatic" instant="false" full="yes">
                            <ref type="context" target="context:fercan.dcd.nehalennia.deae_nehalenniae">deae Nehalenniae</ref>
                        </persName>
                    </person>
                    <person instant="false">
                        <persName type="divine" subtype="celtic_element" instant="false" full="yes">
                            <ref type="context" target="context:fercan.dce.nehalennia">Nehalennia</ref>
                        </persName>
                    </person>
                </listPerson>
                <listOrg default="false">
                    <org instant="false"/>
                </listOrg>
            </sourceDesc>
        </fileDesc>
        <encodingDesc>
            <geoDecl xml:id="WGS" datum="WGS84" default="false">World Geodetic System</geoDecl>
            <editorialDecl default="false">
                <p part="N">Digitale Repräsentation konform mit EpiDoc: http://epidoc.sourceforge.net</p>
                <p part="N">Majuskel und Minuskel ausgeführt nach Leidener Klammersystem, Majuskel bildet
                  Inschrift originalgetreu ab, Minuskel enthält editorische Hinzufügungen</p>
            </editorialDecl>
            <projectDesc default="false">
                <p part="N">Die keltischen Götternamen in den Inschriften der römischen Provinz Germania
                  Inferior. Eine Fallstudie zu Religion im Kontext von Kulturkontakt und
                  Kulturtransfer (FWF – Projekt P 29274-G25 )</p>
                <p part="N">Das Forschungsprojekt beabsichtigt, sämtliche keltischen Götternamen, die sich in
                  lateinischen Inschriften der römischen Provinz Germania Inferior erhaltenen haben,
                  zusammenzustellen und auszuwerten. Die gewählte Quellengrundlage erscheint
                  besonders geeignet Erscheinungsformen zu untersuchen, welche auf religiöser Ebene
                  durch das Zusammentreffen von verschiedenen kulturellen Einflüssen entstanden
                  sind. Diese sind hier einerseits definiert durch die Verwendung der keltischen
                  Sprache, andererseits durch die lateinische Sprache und durch Formen aus dem
                  Inneren des Imperium Romanum, die man mit dem Etikett „römisch“ versehen kann. Das
                  Interesse gilt dabei nicht nur religiösen, sondern auch damit verbundenen
                  gesellschaftlichen Aspekten und den entsprechenden Mentalitäten. Doch soll damit
                  auch zu einem verbesserten Gesamtbild der Provinzialreligion in Niedergermanien
                  beigetragen werden.<lb/> Die Abschlusspublikation wird ergänzt um einen
                  ausführlichen sprachwissenschaftlichen Kommentar (von Patrizia de Bernardo
                  Stempel) in der Reihe ‚Corpus - F.E.R.C.AN. (Fontes epigraphici religionum
                  Celticarum antiquarum)‘ erscheinen. </p>
            </projectDesc>
        </encodingDesc>
        <profileDesc>
            <langUsage default="false">
                <language ident="la">Latein</language>
            </langUsage>
            <textClass default="false">
                <keywords>
                    <list>
                        <item>
                            <ref type="context" target="context:fercan.dedication.pro_se_et_suis">pro se et suis</ref>
                        </item>
                        <item>
                            <ref type="context" target="context:fercan.dedication.votum_solvit_libens_merito">votum solvit libens merito</ref>
                        </item>
                        <item/> <!-- Belegform gesamt  --> <item> <ref target="context:fercan.divinepart." type="context"> </ref> </item></list></keywords>
            </textClass>
        </profileDesc>
        <revisionDesc status="draft">
            <change when="2019" n="1" corresp="https://gams.uni-graz.at/o:fercan.368/TEI_SOURCE.2020-02-26" status="draft">Initial Version</change>
            <change when="2020" n="2" corresp="https://gams.uni-graz.at/o:fercan.368/TEI_SOURCE.2022-03-07" status="draft">Version 2</change>
            <change when="2022" n="3" status="draft">Version 3</change>
        </revisionDesc>
    </teiHeader>
    <facsimile>
        <graphic mimeType="image/png" xml:id="IMAGE.1" url="file:///0368_Front.PNG">
            <desc>Front, Stuart/Bogaers 2001, Taf.63, B11, Rechte vorbehalten</desc>
        </graphic>
        <graphic mimeType="image/png" xml:id="IMAGE.2" url="file:///0368_li.PNG">
            <desc>links, Stuart/Bogaers 2001, Taf.63, B11, Rechte vorbehalten</desc>
        </graphic>
        <graphic mimeType="image/png" xml:id="IMAGE.3" url="file:///0368_re.PNG">
            <desc>rechts, Stuart/Bogaers 2001, Taf.63, B11, Rechte vorbehalten</desc>
        </graphic>
    </facsimile>
    <text>
        <body>
            <ab part="N">
                <ref target="context:fercan" type="context">FERCAN</ref>
            </ab>
            <div subtype="editions" type="bibliography" org="uniform" part="N" sample="complete">
                <listBibl default="false">
                    <bibl xml:id="LIT.1" default="false" status="draft">Stuart/Bogaers 1971, Nr.29</bibl>
                    <bibl xml:id="LIT.2" default="false" status="draft">AE 1975, 643</bibl>
                    <bibl xml:id="LIT.3" default="false" status="draft">Stuart/Bogaers 2001, B11</bibl>
                
            <bibl xml:id="4">Scheungraber 2020, 404 Nr.87</bibl>
        
            <bibl xml:id="5">Ferlut 2022, Nr.1008</bibl>
        </listBibl>
            </div>
            <div subtype="concordances" type="bibliography" org="uniform" part="N" sample="complete">
                <listBibl>
                    <bibl type="EDCS">
                        <idno>EDCS-09400561</idno>
                        <date>zuletzt aufgerufen am 24. Februar 2020</date>
                    </bibl>
                    <bibl type="EDH">
                        <idno>HD010780</idno>
                        <date>Version vom 12. Juni 2017</date>
                    </bibl>
                    <bibl type="trismegistos">
                        <idno>www.trismegistos.org/text/208876</idno>
                        <date>zuletzt aufgerufen am 30. Juni 2021</date>
                    </bibl>
                </listBibl>
            </div>
            <div type="edition" subtype="diplomatic" xml:id="majuscule" xml:lang="la" xml:space="preserve" org="uniform" part="N" sample="complete"><ab part="N"><orig><lb n="1"/>DEAE  <lb n="2"/>
<hi rend="ligature">NE</hi>HALEN<hi rend="ligature">NI</hi><hi rend="ligature">AE</hi>̣  <lb n="3"/>
T · <hi rend="ligature">TE</hi>RTINIV<unclear instant="false">S</unclear>  <lb n="4"/>
VIRILIS  <lb n="5"/>
PRO · SE · <hi rend="ligature">ET</hi> · SVIS  <lb n="6"/>
V · S · L · M</orig></ab></div>
            <div type="edition" xml:lang="la" xml:id="minuscule" subtype="normalised" xml:space="preserve" org="uniform" part="N" sample="complete"><ab part="N"><lb n="1"/>Deae<lb n="2"/>Nehalenniae<lb n="3"/><expan instant="false"><abbr>T</abbr><ex instant="false">itus</ex></expan> Tertinius<lb n="4"/>Virilis<lb n="5"/>pro se et suis<lb n="6"/><expan instant="false"><abbr>v</abbr><ex instant="false">otum</ex></expan> <expan instant="false"><abbr>s</abbr><ex instant="false">olvit</ex></expan> <expan instant="false"><abbr>l</abbr><ex instant="false">ibens</ex></expan> <expan instant="false"><abbr>m</abbr><ex instant="false">erito</ex></expan></ab></div>
            <div type="translation" xml:lang="de" org="uniform" part="N" sample="complete">
                <p part="N">Für die Göttin  <rs type="divine">Nehalennia!</rs>   <lb/>
Titus Tertinius Virilis hat für sich und die Seinen das Gelübde gerne und verdientermaßen erfüllt.</p>
            </div>
            <div type="translation" xml:lang="en" org="uniform" part="N" sample="complete">
                <p part="N">To the goddess  <rs type="divine">Nehalennia!</rs>   <lb/>
Titus Tertinius Virilis has fulfilled a vow willingly and deservedly for himself and his family. </p>
            </div>
            <div type="apparatus" org="uniform" part="N" sample="complete">
                <app loc="#MIN.2 #MAJ.2">
                    <tei:note xmlns:tei="http://www.tei-c.org/ns/1.0" anchored="true">ohne Ligaturen – AE, EDH</tei:note>
                </app>
                <app loc="#MIN.3 #MAJ.3">
                    <tei:note xmlns:tei="http://www.tei-c.org/ns/1.0" anchored="true">ohne Ligatur – AE, EDH</tei:note>
                </app>
                <app loc="#MIN.5 #MAJ.5">
                    <tei:note xmlns:tei="http://www.tei-c.org/ns/1.0" anchored="true">ohne Ligatur – AE, EDH</tei:note>
                </app>
            </div>
            <div type="commentary" subtype="general" org="uniform" part="N" sample="complete">
                <p part="N">Titus Tertinius Virilis: tria nomina; ein Tertinius Virilis ist am selben Fundort (in CF-GeI-372) noch einmal belegt. <lb/>
Tertinius: einheimisches Pseudogentilnomen, abgeleitet vom lateinischen Cognomen Tertius/Tertinus; der Name findet sich fast ausschließlich nördlich der Alpen, vor allem im Rheinland (Kakoschke 2006, GN 1281). <lb/>
Virilis: lateinisches Cognomen (Kakoschke 2008, CN 3362) </p>
            </div>
            <div type="commentary" subtype="deity" org="uniform" part="N" sample="complete">                                                <p part="N"> <rs type="divine">Nehalennia:</rs> keltisch erklärbar: ‚Die [Göttin] im Salzwasser bzw. in der See‘ (de Bernardo Stempel Corpus F.E.R.C.A.N. II/1 145f).</p>
                                                <p part="N">

Vorkommen in theonymischen Formularen: </p>
                                                <p part="N">
 <rs type="divine">Nehalennia</rs>: <lb/>
- Germania Inferior: Belege sind überaus häufig. Zwei Inschriften stammen aus Köln alle anderen aus Domburg und Colijnsplaat. Die Göttin wird dabei, bis auf wenige Ausnahmen, stets als  <rs type="divine">dea Nehalennia</rs> angesprochen. <lb/> 
- außerhalb der Germania Inferior: -</p>
            </div>
            <linkGrp type="alignment" domains="#majuscule #minuscule">
                <link target="#MAJ.1 #MIN.1"/>
                <link target="#MAJ.2 #MIN.2"/>
                <link target="#MAJ.3 #MIN.3"/>
                <link target="#MAJ.4 #MIN.4"/>
                <link target="#MAJ.5 #MIN.5"/>
                <link target="#MAJ.6 #MIN.6"/>
            </linkGrp>
        </body>
        <back>
            <tei:note xmlns:tei="http://www.tei-c.org/ns/1.0" type="Objbeschr_note" anchored="true"/>
            <tei:note xmlns:tei="http://www.tei-c.org/ns/1.0" type="ArchKlass_note" anchored="true"/>
            <tei:note xmlns:tei="http://www.tei-c.org/ns/1.0" type="Material_note" anchored="true"/>
            <tei:note xmlns:tei="http://www.tei-c.org/ns/1.0" type="Inschrifttraeger_note" anchored="true"/>
            <tei:note xmlns:tei="http://www.tei-c.org/ns/1.0" type="VerwahrortOrt_note" anchored="true"/>
            <tei:note xmlns:tei="http://www.tei-c.org/ns/1.0" type="InvNr_note" anchored="true"/>
            <tei:note xmlns:tei="http://www.tei-c.org/ns/1.0" type="Fundstelle_note" anchored="true"/>
            <tei:note xmlns:tei="http://www.tei-c.org/ns/1.0" type="Fundumst_note" anchored="true"/>
            <tei:note xmlns:tei="http://www.tei-c.org/ns/1.0" type="Fundjahr_note" anchored="true"/>
            <tei:note xmlns:tei="http://www.tei-c.org/ns/1.0" type="FOantik_note" anchored="true"/>
            <tei:note xmlns:tei="http://www.tei-c.org/ns/1.0" type="FOmodern_note" anchored="true"/>
            <tei:note xmlns:tei="http://www.tei-c.org/ns/1.0" type="civitas_note" anchored="true"/>
            <tei:note xmlns:tei="http://www.tei-c.org/ns/1.0" type="Autopsie_note" anchored="true"/>
            <tei:note xmlns:tei="http://www.tei-c.org/ns/1.0" type="Appcrit_note" anchored="true"/>
            <tei:note xmlns:tei="http://www.tei-c.org/ns/1.0" type="Abb_note" anchored="true"/>
            <tei:note xmlns:tei="http://www.tei-c.org/ns/1.0" type="englUEbers_note" anchored="true"/>
            <tei:note xmlns:tei="http://www.tei-c.org/ns/1.0" type="dtUEbers_note" anchored="true"/>
            <tei:note xmlns:tei="http://www.tei-c.org/ns/1.0" type="Editionen_note" anchored="true"/>
            <tei:note xmlns:tei="http://www.tei-c.org/ns/1.0" type="ErhzustObj_note" anchored="true"/>
            <tei:note xmlns:tei="http://www.tei-c.org/ns/1.0" type="Masse_note" anchored="true"/>
            <tei:note xmlns:tei="http://www.tei-c.org/ns/1.0" type="Ikonogr_note" anchored="true"/>
            <tei:note xmlns:tei="http://www.tei-c.org/ns/1.0" type="Inschrtext_note" anchored="true"/>
            <tei:note xmlns:tei="http://www.tei-c.org/ns/1.0" type="ErhzustInschr_note" anchored="true"/>
            <tei:note xmlns:tei="http://www.tei-c.org/ns/1.0" type="Schrifttechnik_note" anchored="true"/>
            <tei:note xmlns:tei="http://www.tei-c.org/ns/1.0" type="Buchsthoehe_note" anchored="true"/>
            <tei:note xmlns:tei="http://www.tei-c.org/ns/1.0" type="Notvar_note" anchored="true"/>
            <tei:note xmlns:tei="http://www.tei-c.org/ns/1.0" type="SonstKomm_note" anchored="true"/>
            <tei:note xmlns:tei="http://www.tei-c.org/ns/1.0" type="Datierung_note" anchored="true"/>
            <tei:note xmlns:tei="http://www.tei-c.org/ns/1.0" type="KommGoettern_note" anchored="true">
                <p part="N">Für die Alte Version (25.04.23) siehe CF-GeI-286<br/>
                </p>
            </tei:note>
        </back>
    </text>
</TEI>