<?xml-model href="http://www.stoa.org/epidoc/schema/latest/tei-epidoc.rng" schematypens="http://relaxng.org/ns/structure/1.0"?><?xml-model href="http://www.stoa.org/epidoc/schema/latest/tei-epidoc.rng" schematypens="http://purl.oclc.org/dsdl/schematron"?><TEI xmlns="http://www.tei-c.org/ns/1.0" xml:space="preserve" xml:lang="en">
    <teiHeader>
        <fileDesc>
            <titleStmt>
                <title>title of document</title>
            </titleStmt>
            <publicationStmt>
                <authority/>
                <idno type="filename"/>
            </publicationStmt>
            <sourceDesc>
                <msDesc>
                    <msIdentifier>
                        <repository>museum/archive</repository>
                        <idno>inventory number</idno>
                    </msIdentifier>
                    <physDesc>
                        <objectDesc>
                            <supportDesc>
                                <support>description of object/monument (likely to include <material/>
                                    and <objectType/> information, <dimensions/>, etc.)</support>
                            </supportDesc>
                            <layoutDesc>
                                <layout>description of text field/campus</layout>
                            </layoutDesc>
                        </objectDesc>
                        <handDesc>
                            <handNote>description of letters, possibly including <height>letter-heights</height>
                            </handNote>
                        </handDesc>
                    </physDesc>
                    <history>
                        <origin>
                            <origPlace>Place of origin</origPlace>
                            <origDate>Date of origin</origDate>
                        </origin>
                        <provenance type="found"> Findspot and circumstances/context
                        </provenance>
                        <provenance type="observed">Modern location(s) (if different from repository, above)
                        </provenance>
                    </history>
                </msDesc>
            </sourceDesc>
        </fileDesc>
    </teiHeader>
    <facsimile>
        <graphic url="photograph of text or monument"/>
    </facsimile>
    <text>
        <body>
            <div type="edition" xml:space="preserve">
                <ab>
                    <lb n="1"/> <supplied reason="lost">C<expan>n <ex>aeus</ex> </expan> </supplied>  Babbius Philinus aedilispontif <supplied reason="lost">ex</supplied> 
                    <lb n="2"/> <supplied reason="lost">d <abbr>e</abbr> </supplied>  s<expan> <ex>ua</ex> </expan> p<expan> <ex>ecunia</ex></expan> f<expan><ex>aciendum</ex> </expan> c<expan> <ex> uravit</ex></expan> idemque IIvir p <expan> <ex>probavit </ex> </expan>
                        <lb n="4"/> <supplied reason="omitted">Θραικίο φόρο</supplied> <num value="1">α</num> <note> sic </note>
                    <lb n="5"/> <expan> <abbr>Aug</abbr> <ex>ustus</ex></expan>
                    <lb n="6"/> <g type="leaf"/> <del rend="erasure">Sl<hi rend="ligature">av</hi>i</del> <del rend="erasure"><gap reason="lost" quantity="7" unit="character"/></del> 
                </ab>
            </div>
            <div type="apparatus">
                <p>external apparatus criticus (if applicable)</p>
            </div>
            <div type="translation">
                <p>translation(s)</p>
            </div>
            <div type="commentary">
                <p>commentary</p>
            </div>
            <div type="bibliography">
                <p>bibliography of previous editions, discussion, etc.</p>
            </div>
        </body>
    </text>
</TEI>