<TEI xmlns="http://www.tei-c.org/ns/1.0" xml:id="t2">
    <!--    @xml:id must be URI beyond the project and unique at corpus level, and should include reference to project whenever it is possible-->
    <!--    @n should be used to specify the source project-->
    <teiHeader xml:lang="en">
        <!--@xml:lang should be used so that multilingual metadata on a same document could be compiled from different projects-->
        <fileDesc>
            <!--            Each file allows for the encoding of 1 to n texts (as witnesses) attested on an (originally) unique document. It is important to keep in mind that the unit encoded is the original document.-->
            <titleStmt>
                <!--                Metadata about the ancient text(s), as a discrete witness(es) in its/their material context (i.e. not the abstract text, for which see /TEI/teiHeader/fileDesc/sourceDesc/msDesc/msContents-->
                <title>Dedikation eines monumentalen Eingangs im Gymnasium durch den Paidonomos Hermaiskos der Siebte</title>
            </titleStmt>
            <editionStmt>
                <!--                Metadata about the current digital edition-->
                <edition>Digital edition encoded by <ref target="http://gymnasia.huma-num.fr">Project Gymnasia</ref> <date when="2018">2018</date>
                </edition>
                <!--                Plain text summarizing the purpose of the current, digital file.-->
                <!--                A <date>, with a @when in order to be machine readable, should embrace any date related to the edition-->
                <!--                A <ref> should point to web page’s project-->

                <principal>
                    <persName ref="#pfrölich">Pierre Frölich</persName>
                    <!--                    @ref should be used to point to person in /TEI/teiHeader/profileDesc/particDesc/listPerson[@type=”editorial”], below-->
                </principal>
                <!--                @ref should be used to point to person(s) listed in /TEI/teiHeader/profileDesc/particDesc/listPerson[@type=’editorial’], below-->
                <respStmt>
                    <resp>Metadata</resp>
                    <!--                    Name(s) of people responsible for metadata input-->
                    <persName ref="#personID">Name</persName>
                    <persName ref="#personID">Name</persName>
                </respStmt>
                <respStmt>
                    <resp>Text transliteration</resp>
                    <!--                    Names of the people responsible for the translitteration of the Egyptian text-->
                    <persName ref="#personID">Name</persName>
                    <persName ref="#personID">Name</persName>
                </respStmt>
                <respStmt>
                    <resp>Text translation</resp>
                    <!--                    Name(s) of people responsible for the translation of the ancient text-->
                    <persName ref="#personID">Name</persName>
                    <persName ref="#personID">Name</persName>
                </respStmt>
                <respStmt>
                    <resp>Grammatical analysis</resp>
                    <!--                    Name(s) of people responsible for the grammatical and lemmatisation of the ancient Egyptian texts-->
                    <persName ref="#personID">Name</persName>
                    <persName ref="#personID">Name</persName>
                </respStmt>
                <respStmt>
                    <resp>TEI encoding</resp>
                    <!--                    Name of the people responsible for the TEI encoding, if relevant-->
                    <persName ref="#personID">Name</persName>
                </respStmt>
            </editionStmt>
            <publicationStmt>
                <!--                Metadata about the (institutional) publisher of the current, digital file-->
                <publisher>Institut Ausonius (UMR 5607) - Maison de l'archéologie</publisher>
                <!--                Institution or individual responsible for the publication-->
                <pubPlace>
                    <address>
                        <addrLine>8, Esplanade des Antilles</addrLine>
                        <addrLine>33607 Pessac</addrLine>
                        <addrLine>France</addrLine>
                    </address>
                </pubPlace>
                <idno type="URI">s</idno>
                <idno type="tm">xxx</idno>
                <!--                Reference to document’s URI in project online database or similar-->
                <availability xml:lang="en" status="free">
                    <licence target="http://creativecommons.org/licenses/by-sa/4.0/">Metadata and
                        texts are released as Creative Commons, Attribution-ShareAlike 4.0 (CC BY-SA
                        4.0)</licence>
                    <!--                    Public is free to:-->
                    <!--                    •	Share — copy and redistribute the material in any medium or format-->
                    <!--                    •	Adapt — remix, transform, and build upon the material for any purpose, even commercially.-->
                    <!--                    Under the following terms:-->
                    <!--                    •	Attribution — You must give appropriate credit, provide a link to the license, and indicate if changes were made. You may do so in any reasonable manner, but not in any way that suggests                        the licensor endorses you or your use.-->
                    <!--                    •	ShareAlike — If you remix, transform, or build upon the material, you must distribute your contributions under the same license as the original.-->
                </availability>
                <date when="2018"/>
                <!--                Release date of current file-->
            </publicationStmt>
            <sourceDesc>
                <msDesc>
                    <msIdentifier>
                        <msName>Title for the document</msName>
                        <!--                        Name of the “ideal”, reconstructed as original, document bearing the text.-->
                        <!--                        Whether intact or in several fragments, data about the physical object(s) in its present state are to be documented below in /TEI/teiHeader/fileDesc/sourceDesc/msDesc/msPart-->
                    </msIdentifier>
                    <msContents>
                        <!--                        Data about (abstract) texts or sub-texts present on the “ideal” object-->
                        <summary>Text</summary>
                        <!--                        Summary of the ancient Egyptian text(s)-->
                        <msItem xml:id="t2-msItem1" ana="ref-to-canonical-text-uri" class="ref-to-class" defective="true">
                            <!--                            As many msItem as desired. The <div type=’textpart’> refer to the msItem to which they correspond.-->
                            <!--                            @ana (or @class?) to document text type or genre-->
                            <locus scheme="#id-term-from-thesaurus" from="value" to="value"> </locus>
                            <author>
                                <persName cert="unknown" ref="#id-person"/>
                            </author>
                            <title type="ancient"/>
                            <title type="modern">Free text</title>
                            <!--e.g.: "Formule de donation royale"-->
                            <textLang mainLang="grc" otherLangs=""/>
                        </msItem>
                    </msContents>
                    <physDesc>
                        <!--                        Physical description of the “ideal” (and possibly reconstructed) object bearing the text(s)-->
                        <objectDesc>
                            <supportDesc>
                                <support>
                                    <objectType ref="d"/>
                                    <material ref=""/>
                                    <dimensions unit="mm">
                                        <!--                                        Millimetres as default unit, which prevents from using decimal-->
                                        <!--                                        Max dimensions to be recorded-->
                                        <height/>
                                        <width/>
                                        <depth/>
                                    </dimensions>
                                </support>
                                <condition>Physical condition: <rs ref="#no_entry-see-text">complet</rs>
                                </condition>
                            </supportDesc>
                            <layoutDesc>
                                <summary/>
                                <!--                                Free text description of general text layout-->
                                <layout xml:id="t2-layout1" corresp="#t2-surface1" columns="1">
                                    <!--                                    1 discrete zone of text, identified by a URI-->
                                    <!--                                    Indication of the number of columns and/or lines (@writtenLines)-->
                                    <!--                                    Link can be done to: 1) physical location on the object and 2) to a figure, which has to be described in <decoNote> (see below)-->
                                    <desc/>
                                    <!--                                    Free text description of the layout-->
                                </layout>
                            </layoutDesc>
                        </objectDesc>
                        <decoDesc>
                            
                        </decoDesc>
                    </physDesc>
                    <history>
                        <!--                        Metadata about the history of the ‘ideal’ document-->
                        <origin>
                            <!--                            Metadata related to the place of origin and date of creation of the document, i.e. where it was erected and used in the ancient times-->
                            <origDate>
                                <!--                                Date of creation of the object-->
                                <date type="earliest" datingPoint="#id-date-in-thesaurus" notBefore="-0875"/>
                                <!--                                @datingPoint points to entry in meta-Egypt thesaurus-->
                                <!--                                @notBefore and @notAfter start with a 0 (zero) if date comprised between -1000 and 1000-->
                                <!--                                if one is able to specify the regnal year or similar, use of @ when-custom and @datingMethod,-->
                                <!--								e.g. <date when-custom="Ptolemaios_III:11" datingMethod="#regnal_year" notBefore="-0236" notAfter="-0235" precision="high">ḥsb.t 11</date>-->
                                <date type="latest" datingPoint="#id-date-in-thesaurus" notAfter="-0816"/>
                                <certainty match="date/@notBefore|date/@notAfter" locus="value" degree="0.5"/>
                                <note/>
                            </origDate>
                            <origPlace cert="medium" ref="#ancient-place-topbib-no" type="foundation"> </origPlace>
                            <!--                            Place of origin (not necessarily place of provenance (i.e. where the object was found).-->
                            <!--                            Reference to ancient place in TopBib is made through @ref.-->
                        </origin>
                        <provenance type="enumerated-value" cert="high">
                            <!--                                At the level <msDesc>, i.e., the ideal-reconstructed document, the element <provenance> is used to refer to an Ancient provenance, like an archive or a foundation deposit-->
                            <!--                                @type: e.g. "archive", "foundation deposit", etc.-->
                            <!--                                The actual geographic provenance of (each part of) the document is described in the <msFrag>, which refers to the physical object(s)-->
                        </provenance>
                    </history>
                    <additional>
                        <surrogates>
                            <!--                            Provides links to images of the object-->
                            <list>
                                <item>Fonds CLES : 3 clichés = IFAO NU_2006_8222-8224</item>
                                <item>
                                    <graphic url="http://www.globalegyptianmuseum.org/large.aspx?img=images/EMC/310-9-EM-5-9158-_800x800[1].jpg"/>
                                </item>
                                <item/>
                            </list>
                        </surrogates>
                        <listBibl>
                            <!--                            Lists the bibliography relating to the object and texts-->
                            <!--                            Collaboration with OEB will be investigated to make reference compilation easier.-->

                        </listBibl>
                    </additional>
                    <msFrag>
                        <!--                        Use msFrag for describing the physical object or each single part/fragment of it in its modern state.-->
                        <!--                        msPart is understood with a broad meaning in order to describe dispersed fragments of an originally unique object. It might be the case that msFrag will have to be used instead, if this element is added to the next TEI release; see discussions under https://sourceforge.net/p/tei/feature-requests/505/ and https://listserv.brown.edu/archives/cgi-bin/wa?A3=ind1503&L=TEI-L&E=8bit&P=82593&B=-\-&T=text%2Fplain;%20charset=windows-1252&header=1-->
                        <!--                        As a physical object, this comes with data about provenance(s), place(s) of repository and a physical description specific to the fragment.-->
                        <msIdentifier>
                            <country ref=""/>
                            <!--                            Reference to geonames.org entry for country where monument is kept (URI root = www.geonames.org, which has to be followed by country or place id, after a slash; for instance Egypt = http://www.geonames.org/357994-->
                            <settlement ref=""/>
                            <institution/>
                            <!--                            To be used if Institution and repository are different-->
                            <repository ref=""/>
                            <!--Physical place where the document is kept, in contrast to the institution in charge of it, and which can be the same-->
                            <collection/>
                            <!--                            Name of the collection to which a document belong, if relevant-->
                            <idno type="JE"/>
                            <!--                            Label of the main inventory number for that repository.-->
                            <altIdentifier>
                                <!--                                Other inventory numbers have to be enclosed in as many couples <altIdentifier><idno> as needed-->
                                <idno type="RT"/>
                            </altIdentifier>
                            <altIdentifier>
                                <idno type="CG"/>
                            </altIdentifier>
                            <altIdentifier>
                                <idno type="SR"/>
                            </altIdentifier>
                        </msIdentifier>
                        <physDesc>
                            <objectDesc>
                                <supportDesc>
                                    <support>
                                        <dimensions unit="mm">
                                            <!--                                            Millimetres as default unit, which prevents from using decimal-->
                                            <!--                                            Max dimensions to be recorded-->
                                            <!--                                            Only if relevant-->
                                            <height/>
                                            <width/>
                                            <depth/>
                                        </dimensions>
                                    </support>
                                    <condition>Physical condition: <rs ref="#id-state-in-ths">complet</rs>
                                    </condition>
                                </supportDesc>
                            </objectDesc>
                        </physDesc>

                        <history>
                            <provenance type="enumerated-value" cert="high">
                                <!--                                One or more provenance can be recorded, in order to document the whole history of the object (excavation, auction, etc.)-->
                                <!--                                @type: e.g. "excavations", "art-market", "museum", "auction"-->
                                <!--                                Reference to TopBib in @ref-->
                                <date notBefore="1904" notAfter="1904"/>
                                <persName cert="high" role="Finder"/>
                                <location cert="high">
                                    <placeName ref=""/>
                                </location>
                            </provenance>

                        </history>
                        <additional>
                            <adminInfo>
                                <!--                                Information about the present custody and availability-->
                                <availability status="restricted">
                                    <!--                                    Availability. If object has been published, this can be recalled here-->
                                    <!--                                    Values for @satus are “free”, “unknown” (default) and “restricted”-->
                                    <p>Free text</p>
                                </availability>
                                <custodialHist>
                                    <!--                                    Description of a manuscript's custodial history, either as running prose or as a series of dated custodial events.-->
                                    <custEvent/>
                                </custodialHist>
                            </adminInfo>

                        </additional>
                    </msFrag>
                </msDesc>
            </sourceDesc>
        </fileDesc>
        <profileDesc>
            <textClass>
                <catRef target=""/>
                <keywords>
                    
                </keywords>
            </textClass>
            <langUsage>
                <!--List of languages used in the XML file-->
                <language ident="en">English</language>
            </langUsage>
            <particDesc>
                <listPerson type="editorial">
                    <!--                    List of people involved in the xml file, such as authors, editors, etc.-->
                    <person xml:id="personID">
                        <persName/>
                    </person>
                </listPerson>
                <listPerson type="peopleInDocument">
                    <!--                    List of people mentioned in the ancient text-->
                    
                </listPerson>
                <listPerson type="deitiesInDocument">
                    <!--                    List of deities mentioned in the ancient text-->

                </listPerson>
            </particDesc>
        </profileDesc>
        <encodingDesc>
            <classDecl>
                <taxonomy xml:id="teiEditorGeneralDocumentClass">
                    <category xml:id="apc-c-1">
                        <catDesc>Epigraphy</catDesc>
                    </category>
                    <category xml:id="apc-c-2">
                        <catDesc>Papyrology</catDesc>
                    </category>
                    <category xml:id="apc-c-3">
                        <catDesc>Litterary</catDesc>
                    </category>
                </taxonomy>
            </classDecl>
        </encodingDesc>
        <revisionDesc status="draft">
            <!--            Possible statuses: drat, published -->
            <listChange>
                <change who="jschropp" when="2018-12-05T14:23:48.548+01:00">Creation of this file</change>
           <change when="2018-12-05T14:29:18.349+01:00" who="http://ausohnum.huma-num.fr/people/jschropp"/>
           <change when="2018-12-05T14:31:51.501+01:00" who="http://ausohnum.huma-num.fr/people/jschropp"/>
           <change when="2018-12-05T15:57:30.854+01:00" who="http://ausohnum.huma-num.fr/people/jschropp"/>
           <change when="2018-12-05T15:58:08.341+01:00" who="http://ausohnum.huma-num.fr/people/jschropp"/>
           <change when="2018-12-05T15:58:16.829+01:00" who="http://ausohnum.huma-num.fr/people/jschropp"/>
           <change when="2018-12-05T15:58:27.998+01:00" who="http://ausohnum.huma-num.fr/people/jschropp"/>
           <change when="2018-12-05T15:59:23.526+01:00" who="http://ausohnum.huma-num.fr/people/jschropp"/>
           <change when="2018-12-06T15:46:55.256+01:00" who="http://ausohnum.huma-num.fr/people/echiricat"/>
           <change when="2018-12-06T17:00:03.364+01:00" who="http://ausohnum.huma-num.fr/people/echiricat"/>
            </listChange>
        </revisionDesc>
    </teiHeader>
    <sourceDoc>
        <!--                                          Each surface must have an URI, so that reference to it can be done in /TEI/teiHeader/fileDesc/sourceDesc/msDesc/physDesc/objectDesc/layoutDesc/layout (see above)-->
        <!--                                          Short description of the zone in a <desc/>-->
        <!--                                          @ana allows reference to canonical reference system, controlled by a thesaurus of object parts-->
        <surface xml:id="t2-surface1" ana="main-face" facs="">
            <desc>Main written surface of the monument</desc>
        </surface>
        
    </sourceDoc>
    <text>
        <body>
            <div type="edition">
                <div type="textpart" corresp="#t2-surface1">
                    <ab>
<lb n="1"/>ἔτους ροʹ·
<lb n="2"/>
                        <supplied reason="lost">π</supplied>
                        <rs type="subject" key="official" ref="http://ausonius.huma-num.fr/concept/c19335">αιδονόμος</rs> <persName type="cognomen">Ἑρ
<lb n="3" break="no"/>
                            <supplied reason="lost">μα</supplied>ΐσκος</persName> εʹ <persName type="cognomen">Ἑρμαΐσ
<lb n="4" break="no"/>
                            <supplied reason="lost">κου</supplied>
                        </persName> ὅστις μετὰ
<lb n="5"/>
                        <supplied reason="lost">τῶν λ</supplied>οιπῶν ὧν ἐπιτε
<lb n="6" break="no"/>
                        <supplied reason="lost">τέλ</supplied>εκ<supplied reason="lost">εν</supplied> ἐν τῇ <rs type="subject" key="official" ref="http://ausonius.huma-num.fr/concept/c19335">παιδο
<lb n="7" break="no"/>νομίᾳ</rs> <rs type="subject" key="financing" ref="http://ausonius.huma-num.fr/concept/c19344">ἀνατέθει
<lb n="8" break="no"/>κεν ἐκ τῶν ἰδίων</rs>
<lb n="9"/>καὶ τὰ <rs type="subject" key="gymnasium" ref="http://ausonius.huma-num.fr/concept/c19329">θυρώματα</rs>
<lb n="10"/>ἐπὶ τοῦ <rs type="subject" key="gymnasium" ref="http://ausonius.huma-num.fr/concept/c19329">πυλῶνος</rs>
<lb n="11"/>σὺν τῷ <rs type="subject" key="gymnasium" ref="http://ausonius.huma-num.fr/concept/c19329">πήγματι</rs>.
                        </ab>
                </div>
            </div>

            <div type="translation" xml:lang="fr">
              
                
            </div>
          
            <div type="apparatus">
            </div>
            <div type="commentary">
                <list>
                    <item>
                        <ptr target=""/>
                        <desc/>
                    </item>
                </list>
            </div>
            <div type="bibliography" subtype="edition">
                <listBibl>
                    
                </listBibl>
            </div>
            <div type="bibliography" subtype="otherPublications">
                <head>Other publications</head>
                <listBibl>
                    
                </listBibl>
            </div>
        </body>
    </text>
</TEI>