<TEI xmlns="http://www.tei-c.org/ns/1.0" xml:id="superior127" n="">
	<teiHeader xml:lang="en">
		<fileDesc>
			<titleStmt>
				<title type="full"><title type="main">Cretonus</title><title type="sub">CF-GeS-1140</title></title>
				<respStmt>
					<resp>Inschriftenedition</resp>
					<persName><forename>Werner</forename><surname>Petermandl</surname></persName>
				</respStmt>
				<respStmt>
					<resp>Archäologische Beschreibung und geografische Daten</resp>
					<persName><forename>Astrid</forename><surname>Schmölzer</surname></persName>
				</respStmt>
				<funder ref="https://www.fwf.ac.at">Austrian Science Fund (FWF): P 9274-G25</funder>
			</titleStmt>
			<publicationStmt>
				<publisher><link target="https://antike.uni-graz.at"/><orgName ref="https://d-nb.info/gnd/1213531357">Institut für Antike, Fachbereich Alte
					Geschichte und Epigraphik, Karl-Franzens-Universität Graz</orgName></publisher>
				<authority><link target="https://informationsmodellierung.uni-graz.at"/><orgName ref="http://d-nb.info/gnd/1137284463">Zentrum für Informationsmodellierung -
					Austrian Centre for Digital Humanities, Karl-Franzens-Universität
					Graz</orgName></authority>
				<distributor><link target="https://gams.uni-graz.at"/><orgName full="yes">GAMS -
					Geisteswissenschaftliches Asset Management System</orgName></distributor>
				<date when="2022">2022</date>
				<pubPlace>Graz</pubPlace>
				<idno type="PID">o:fercan.127</idno>
				<availability>
					<licence target="https://creativecommons.org/licenses/by-nc/4.0">Creative
						Commons BY-NC 4.0</licence>
				</availability>
			</publicationStmt>
			<seriesStmt>
				<title ref="https://gams.uni-graz.at/fercan">FERCAN: Fontes Epigraphici Religionum
					Celticarum Antiquarum</title>
				<respStmt>
					<resp>Projektleitung</resp>
					<persName><forename>Wolfgang</forename><surname>Spickermann</surname></persName>
				</respStmt>
			</seriesStmt>
			<sourceDesc>
				<msDesc>
					<msIdentifier>
						<settlement/>
						<repository/>
						<idno/>
					</msIdentifier>
					<msContents>
						<summary>Weihinschrift</summary>
					</msContents>
					<physDesc>
						<objectDesc>
							<supportDesc>
								<support> <p/> <material> <ref type="context" target="context:fercan.material." ana="https://gams.uni-graz.at/o:fercan.arch"/> </material>
									<objectType>Weihestein</objectType> <dimensions>
										<height unit="cm">74</height>
										<width unit="cm">68</width>
										<depth unit="cm">16</depth>
									</dimensions> <note type="dimensions" anchored="true">Die angegebenen Maße sind die des rekonstruierten Objektes.</note> </support>
								<condition> <ref type="context" target="context:fercan.condition" ana="https://gams.uni-graz.at/o:fercan.arch#C.130600">größere Fehlstelle/n</ref> </condition>
							</supportDesc>
							<layoutDesc>
								<layout> <p><p>Die Tafel ist gebrochen und noch in drei Teilen erhalten, der Textverlust ist in Z.1 am geringsten und in Z.9 am größten. Die Inschrift füllt das vertiefte und doppelt gerahmte Inschriftenfeld zur gänze aus, der rechte Rand ist nicht erhalten. Die Buchstaben sind zentriert gesetzt und regelmäßig, variieren jedoch in ihrer Größe zwischen den einzelnen Zeilen.</p><p>Die drei erhaltenen Teile, die wiederum weitere Risse aufweisen, die jedoch zu keinem Buchstabenverlsut geführt haben, schließen nicht vollständig aneinander an, sodass zum Teil Buchstaben verloren sind. In Z.2 ist durch den Bruch der Anfangsbuchstabe des Götternamens bis auf einen kleinen Hastenrest verloren, aus inhaltlichen Gründen kann es sich aber nur um ein C gehandelt haben. In Z.3 ist duch den Bruch das P von pagi verloren, vom nachfolgenden Namen des pagus sind nur mehr ein A sowie der Bogenrest eines C, G, O oder Q erhalten. In Z.4 sind die Buchstaben N, I und V beschädigt, jedoch durch die erhaltenen Hastenreste gesichert lesbar. Nicht zu entscheiden ist ob die Spuren vor der Bruchkante ein Teil des Anfangsbuchstabens des Cognomes oder eine Beschädigung ist. In Z.6 waren das M und das O zunächst zu schmal gearbeitet worden, weswegen sie ein zweites Mal geschrieben wurden. Erhalten ist der obere Teil einer Senkrechthaste, bei dem es sich nur um ein R handeln kann. In Z.7 sind die Buchstaben durch den querverlaufenden Bruch beschädigt, sodass vom C, A, P und I nur mehr die untere Hälfte, und vom O und N die oberen Reste erhalten sind. Die von Keune (1929, 19-20) vorgeschlagene Ergänzung um das Cognomen Catulus (s. Apparatus criticus) beruht auf einer vorgeschalgenen Verbindung, zu seiner Lesung einer Grabinschrift in Neumagen (CIL XIII 4155). Das pat- in Z.8 wird seit Keune (1929, 14; 20) als patroni ergänzt. Der immer wieder vorgeschlagene Abschluss mit D D (s. Apparatus criticus) ist zwar plausibel, jedoch reine Spekualtion.<br/></p></p> <note type="condition" anchored="true"/> </layout>
							</layoutDesc>
						</objectDesc>
						<handDesc>
							<handNote> <desc type="execution">gemeißelt</desc> <height unit="cm" atLeast="3.8" atMost="5.0">3,8–5,0</height> </handNote>
						</handDesc>
						<decoDesc>
							<decoNote> <p/> <term ana="https://gams.uni-graz.at/o:fercan.arch#">
								<ref type="context" target="context:fercan.arch."/> </term>
							</decoNote>
						</decoDesc>
					</physDesc>
					<history>
						<origin> <origPlace> <placeName>Belginum</placeName> <region/> </origPlace> <origDate notBefore="" notAfter="" instant="false"><date> </date> <note type="original"> <ref target="context:fercan.date." type="context"> </ref> </note></origDate> </origin>
						<provenance type="found" when="1925"> <placeName> <ref type="context" target="context:fercan.geog.modern."> </ref> </placeName> <p/> <location>
								<geo decls="#WGS"/>
							</location> <note anchored="true"/> </provenance>
						<provenance type="observed" subtype="autopsied"><p>non vidimus</p><p>Lesung beruht auf: Photo und Keune<br/></p></provenance>
					</history>
				</msDesc>
				<listPlace>
					<place type="antique_term">
						<placeName><ref target="context:fercan.geog.term" type="context"/> </placeName>
					</place>
					<place type="sacral_building">
						<placeName> <ref target="context:fercan.geog.sacral." type="context">proscaena</ref>
						</placeName>
					</place>
				</listPlace>
				<listPerson>
					<!-- Sonstige theonymische Formulare -->
					<person>
						<persName subtype="celtic_normalized_other" type="divine">
							<ref target="context:fercan.dcn.other" type="context">Genius pagus</ref>
						</persName>
					</person>
					<!-- theonymisches formular -->
					<person>
						<persName subtype="celtic_normalized" type="divine">
							<ref target="context:fercan.dcn." type="context">Cretonus</ref>
						</persName>
					</person>
					<!-- keltisches götternamenelement  -->
					<person>
						<persName subtype="celtic_element" type="divine">
							<ref target="context:fercan.dce." type="context">Cretonus</ref>
						</persName>
					</person>
					<person>
						<persName type="cognomen"> <ref target="context:fercan.person.cognomen" type="context"> </ref> </persName>
					</person>
					<person>
						<persName> <roleName type="religious"> <ref target="context:fercan.person.religious" type="context"> </ref>
						</roleName> </persName>
					</person>
					<person>
						<persName type="gentilnomen"><ref target="context:fercan.person.gentilnomen." type="context">Capitonius</ref></persName>
					</person>
					<person>
						<persName> <roleName type="other"> <ref target="context:fercan.person.other." type="context"> </ref> </roleName>
						</persName>
					</person>
					<person>
						<persName> <roleName type="military"> <ref target="context:fercan.person.military." type="context"> </ref>
						</roleName> </persName>
					</person>
					<person>
						<persName> <roleName type="office"> <ref target="context:fercan.person.office." type="context"> </ref>
						</roleName> </persName>
					</person>
					<person>
						<persName type="sovereign"> <ref target="context:fercan.person.sovereign." type="context"> </ref> </persName>
					</person>
				</listPerson>
				<listOrg>
					<org type="admin_unit">
						<orgName> <ref target="context:fercan.org.admin." type="context"> </ref>
						</orgName>
					</org>
					<org type="military_unit">
						<orgName><ref target="context:fercan.org.military." type="context">
						</ref></orgName>
					</org>
					<org type="population_group">
						<orgName> <ref target="context:fercan.org.population." type="context">
						</ref> </orgName>
					</org>
				</listOrg>
			</sourceDesc>
		</fileDesc>
		<encodingDesc>
			<geoDecl xml:id="WGS" datum="WGS84">World Geodetic System</geoDecl>
			<editorialDecl>
				<p>Digitale Repräsentation konform mit EpiDoc: http://epidoc.sourceforge.net</p>
				<p>Majuskel und Minuskel ausgeführt nach Leidener Klammersystem, Majuskel bildet
					Inschrift originalgetreu ab, Minuskel enthält editorische Hinzufügungen</p>
			</editorialDecl>
			<projectDesc>
				<p>Die keltischen Götternamen in den Inschriften der römischen Provinz Germania
					Inferior. Eine Fallstudie zu Religion im Kontext von Kulturkontakt und
					Kulturtransfer (FWF – Projekt P 29274-G25 )</p>
				<p>Das Forschungsprojekt beabsichtigt, sämtliche keltischen Götternamen, die sich in
					lateinischen Inschriften der römischen Provinz Germania Inferior erhaltenen
					haben, zusammenzustellen und auszuwerten. Die gewählte Quellengrundlage
					erscheint besonders geeignet Erscheinungsformen zu untersuchen, welche auf
					religiöser Ebene durch das Zusammentreffen von verschiedenen kulturellen
					Einflüssen entstanden sind. Diese sind hier einerseits definiert durch die
					Verwendung der keltischen Sprache, andererseits durch die lateinische Sprache
					und durch Formen aus dem Inneren des Imperium Romanum, die man mit dem Etikett
					„römisch“ versehen kann. Das Interesse gilt dabei nicht nur religiösen, sondern
					auch damit verbundenen gesellschaftlichen Aspekten und den entsprechenden
					Mentalitäten. Doch soll damit auch zu einem verbesserten Gesamtbild der
					Provinzialreligion in Niedergermanien beigetragen werden.<lb/> Die
					Abschlusspublikation wird ergänzt um einen ausführlichen
					sprachwissenschaftlichen Kommentar (von Patrizia de Bernardo Stempel) in der
					Reihe ‚Corpus - F.E.R.C.AN. (Fontes epigraphici religionum Celticarum
					antiquarum)‘ erscheinen. </p>
			</projectDesc>
		</encodingDesc>
		<profileDesc>
			<langUsage>
				<language ident="la">Latein</language>
			</langUsage>
			<textClass>
				<keywords>
					<list>
						<item> <ref target="context:fercan.dedication." type="context"> </ref> </item>
						<item> <ref target="context:fercan.character." type="context"> </ref> </item>
						<item> <ref target="context:fercan.other." type="context"> </ref> </item>
						<item> <ref target="context:fercan.rel.other." type="context"> </ref> </item>
						<!-- Belegform gesamt  -->
						<item> <ref target="context:fercan.divinepart." type="context">Deo Creto[ni]</ref> </item>
					</list>
				</keywords>
			</textClass>
		</profileDesc>
		<revisionDesc>
			<change when="2019" n="1" corresp="https://gams.uni-graz.at/o:fercan.1/TEI_SOURCE.2020-02-26">Initial
				Version</change>
			<change when="2020" n="2" corresp="https://gams.uni-graz.at/o:fercan.1/TEI_SOURCE.2022-03-07">Version
				2</change>
			<change when="2022" n="3">Version 3</change>
		</revisionDesc>
	</teiHeader>
	<facsimile>
		<graphic mimeType="image/jpeg" xml:id="IMAGE.1" url="1140_front.jpg">
			<desc>Front, https://edh.ub.uni-heidelberg.de/edh/foto/F025908, © C. Witschel</desc>
		</graphic>
	</facsimile>
	<text>
		<body>
			<ab> <ref target="context:fercan" type="context">FERCAN</ref> </ab>
			<div subtype="editions" type="bibliography" org="uniform" sample="complete">
				<listBibl>
					<bibl xml:id="1">Keune 1927, 14</bibl>
				
            <bibl xml:id="2">Finke 1927 (Neue Inschriften), Nr.238</bibl>
        
            <bibl xml:id="3">AE 1929, 174</bibl>
        
            <bibl xml:id="4">Haffner 1970, 208</bibl>
        
            <bibl xml:id="5">AE 1983, 728</bibl>
        
            <bibl xml:id="6">Bouley 1983, 548</bibl>
        
            <bibl xml:id="7">Cüppers 1983, 243</bibl>
        
            <bibl xml:id="8">Binsfeld/Goethert-Polaschek/Schwinden 1988, N.46</bibl>
        
            <bibl xml:id="9">Lobüscher 2002, Nr.172</bibl>
        
            <bibl xml:id="10">Scheungraber 2020, 249</bibl>
        </listBibl>
			</div>
			<div subtype="concordances" type="bibliography" org="uniform" sample="complete">
				<listBibl>
					<bibl type="EDCS"><idno>EDCS-08500494</idno><date>zuletzt abgerufen 2024-03-11</date></bibl>
					<bibl type="EDH"><idno>HD000361</idno><date>Version von 2020-02-14</date></bibl>
					<bibl type="trismegistos"><idno>https://www.trismegistos.org/text/209797</idno><date>zuletzt abgerufen 2024-03-11</date></bibl>
					<bibl type="lupa"><idno> </idno><date> </date></bibl>
					<bibl type="other"><idno> </idno><date> </date></bibl>
				</listBibl>
			</div>
			<div type="edition" subtype="diplomatic" xml:id="majuscule" xml:lang="la" xml:space="preserve" org="uniform" sample="complete">
				<ab><lb n="1"/>IN HONOR<g type="interpunct">▴</g>DOM<g type="interpunct">▴</g>D<gap reason="lost" extent="unknown" unit="character"/>
<lb n="2"/>DEO<g type="interpunct">▴</g>CRETO<gap reason="lost" extent="unknown" unit="character"/>
<lb n="3"/>GENIO <gap reason="lost" quantity="1" unit="character"/>AGI A<unclear>C</unclear><gap reason="lost" extent="unknown" unit="character"/>
<lb n="4"/>P<g type="interpunct">▴</g>CAPITONIVS<gap reason="lost" extent="unknown" unit="character"/>
<lb n="5"/>AD<g type="interpunct">▴</g>EXCOL<gap reason="lost" extent="unknown" unit="character"/>
<lb n="6"/>MEMOR<gap reason="lost" extent="unknown" unit="character"/>
<lb n="7"/>CAPITON<gap reason="lost" extent="unknown" unit="character"/>
<lb n="8"/>PAT<gap reason="lost" extent="unknown" unit="character"/>
<lb n="9"/>PROSC<gap reason="lost" extent="unknown" unit="character"/><orig/></ab></div>
			<div type="edition" xml:lang="la" xml:id="minuscule" subtype="normalised" xml:space="preserve" org="uniform" sample="complete"><ab><lb n="1"/>In <expan><abbr>honor</abbr><ex>em</ex></expan> <expan><abbr>dom</abbr><ex>us</ex></expan> <expan><abbr>d<supplied reason="lost">ivin</supplied></abbr><ex>ae</ex></expan>
<lb n="2"/>deo Creto<supplied reason="lost">ni et</supplied>
<lb n="3"/>Genio <supplied reason="lost">p</supplied>agi AC<gap reason="lost" extent="unknown" unit="character"/>
<lb n="4"/><expan><abbr>P</abbr><ex>ublius</ex></expan> Capitonius <gap reason="lost" extent="unknown" unit="character"/>
<lb n="5"/>ad excol<supplied reason="lost">endam</supplied>
<lb n="6"/>memor<supplied reason="lost">iam</supplied>
<lb n="7"/>Capiton<supplied reason="lost">ii </supplied><gap reason="lost" extent="unknown" unit="character"/>
<lb n="8"/>pat<supplied reason="lost">roni</supplied>
<lb n="9"/>prosc<supplied reason="lost">aenium </supplied><gap reason="lost" extent="unknown" unit="character"/></ab></div>
			<div type="translation" xml:lang="de" org="uniform" sample="complete">
				<p><p>Zu Ehren des Kaiserhauses, für den Gott <rs type="divine">Cretonus</rs> und den <i>Genius des pagus AC</i>...!</p><p>Publius Capitonius... (hat) zur Pflege des Gedächtnisses (seines) Patrons ... Capitonius... die Vorbühne...<br/></p></p>
			</div>
			<div type="translation" xml:lang="en" org="uniform" sample="complete">
				<p><p>In honour of the Divine Household, ot the god <rs type="divine">Cretonus</rs> and the <i>Genius of the pagus AC</i>...!</p><p>Publius Capitonius... (has in order) to cultivate the memory (of his) patron... Capitonius... the stage...<br/></p></p>
			</div>
			<div type="apparatus" org="uniform" sample="complete">
				<app loc="1">
					<note anchored="true">d[iv.] – Finke; d(ivinae)  – AE 1983, Scheungraber; d[(ivinae)] – Bouley; Inschriftwiedergabe ohne Zeilenewechsel und Klammern – Cüppers</note>
				</app>
			
            <app loc="2">
                <note anchored="true">C̣reton[i] – Binsfeld (u.a.), Lobüscher</note>
            </app>
        
            <app loc="4">
                <note anchored="true">Capito[n]ius – Bouley; Capitonius [3] – Scheungraber; am Ende der Zeile ein unleserlicher Buchstabenrest – Binsfeld (u.a.)</note>
            </app>
        
            <app loc="6">
                <note anchored="true">memoṛ[iam] – Binsfeld (u.a.), Lobüscher</note>
            </app>
        
            <app loc="7">
                <note anchored="true">Capiton[i(i) Catuli?] – Keune, Haffner; Capitoni – EDH, Finke, Lobüscher, Scheungraber; Capitonii Catuli? – Cüppers</note>
            </app>
        
            <app loc="8">
                <note anchored="true">pat[roni?] – Binsfeld (u.a.), Lobüscher</note>
            </app>
        
            <app loc="9">
                <note anchored="true">prosc[aenium d(ono) d(at) oder d(edit) d(edicavit) – Keune, Haffner; prosc[enium] – Finke; prosc[enium d. d.] – AE 1929; prosc[enium d(ono) dat] oder [dedicavit] – Bouley; proscaenium dono dedit – Cüppers; d(onum) d(edit) – Scheungraber</note>
            </app>
        
            <app loc="3">
                <note anchored="true">Genio pagi Ac[3] – Scheungraber</note>
            </app>
        </div>
			<div type="commentary" subtype="general" org="uniform" sample="complete"><p>Publius Capitonius …: tria nomina</p><p>Capitonius: seltenes einheimisches Pseudogentil, abgeleitet vom lateinischen Namen Capito (Kakoschke 2021, GN 282)</p><p>Es wird sich um den Freigelassenen des in Z.7 genannten Capitonius gehandelt haben.</p><p>Im CIL wird Belginum zur Germania Superior gezählt, diese Zuordnung wird aber inzwischen zugunsten der Belgica angezweifelt (Haffner 1989, 23; Lobüscher 2002, 140). Die Aufnahme von Inschriften aus Belginum (CF-GeS-1005; CF-GeS-1006; CF-GeS-1140) hier ergibt sich aus zwei Umständen: 1. als Grenzort ist mit Einflüssen aus der Nachbarprovinz zu rechnen und der Wechsel der Provinzzuordnung kann nicht ausgeschlossen werden (Spickermann 2003, 209). Viel wichtiger ist aber 2., dass sich in Belginum eines der zahlreichen nach 70 n.Chr. ausgebauten "Grenzheiligtümer" befand, die als Provinzgrenzen überschreitende Kultezentren angelegt waren (Spickermann 2003, 30f; 260f), weswegen mit provinzübergreifenden ähnlichen religiösen Vorstellungen zu rechnen ist, wobei die Dedikationen von Bewohnern der Belgica und der Superior aufgrund fehlender Angaben über die provinziale Zugehörigkeit nicht unterscheidbar sind.</p></div>
			<div type="commentary" subtype="language" org="uniform" sample="complete">
				<p> </p>
			</div>
			<div type="commentary" subtype="deity" org="uniform" sample="complete">
				<p> </p>
			</div>
			<linkGrp type="alignment" domains="#majuscule #minuscule">
			</linkGrp>
		</body>
		<back>
			<note type="Objbeschr_note"/>
			<note type="ArchKlass_note"/>
			<note type="Material_note"/>
			<note type="Inschrifttraeger_note"/>
			<note type="VerwahrortOrt_note"/>
			<note type="InvNr_note"><p>EDH, Lobüscher, Binsfeld (u.a.) Trier, Rheinisches Landesmuseum</p><p>Binsfeld (u.a.): Inv. 24, 245<br/></p></note>
			<note type="Fundstelle_note"/>
			<note type="Fundumst_note">                                                    <p>s. Keune 1927, 12-13<br/></p></note>
			<note type="Fundjahr_note"/>
			<note type="FOantik_note"/>
			<note type="FOmodern_note"/>
			<note type="civitas_note"/>
			<note type="Autopsie_note"/>
			<note type="Appcrit_note"><p>Ausstehend A. Haffner, Kurtrierisches Jahrbuch Nr.10 (1970), Beitragstitel und Seitenumfang unbekannt<br/></p></note>
			<note type="Abb_note"/>
			<note type="englUEbers_note"/>
			<note type="dtUEbers_note"/>
			<note type="Editionen_note"/>
			<note type="ErhzustObj_note"/>
			<note type="Masse_note"><p>Binsfeld <span>(u.a.) </span>1988<br/></p></note>
			<note type="Ikonogr_note"/>
			<note type="Inschrtext_note"/>
			<note type="ErhzustInschr_note"/>
			<note type="Schrifttechnik_note"/>
			<note type="Buchsthoehe_note"><p>Keune 1929, 15<br/></p></note>
			<note type="Notvar_note"/>
			<note type="KommGoettern_note"/>
			<note type="SonstKomm_note"/>
			<note type="Datierung_note"><p>EDH: 171 AD – 230 AD</p><p>Keune: um 150 n. Chr.<br/></p></note>
			<note type="ElektronischeRessourcen_note"/>
			<note type="Index_note"/>
		</back>
	</text>
</TEI>