<TEI xmlns="http://www.tei-c.org/ns/1.0" xml:id="superior111" n="">
	<teiHeader xml:lang="en">
		<fileDesc>
			<titleStmt>
				<title type="full"><title type="main">Abnoba</title><title type="sub">CF-GeS-1101</title></title>
				<respStmt>
					<resp>Inschriftenedition</resp>
					<persName><forename>Werner</forename><surname>Petermandl</surname></persName>
				</respStmt>
				<respStmt>
					<resp>Archäologische Beschreibung und geografische Daten</resp>
					<persName><forename>Astrid</forename><surname>Schmölzer</surname></persName>
				</respStmt>
				<funder ref="https://www.fwf.ac.at">Austrian Science Fund (FWF): P 9274-G25</funder>
			</titleStmt>
			<publicationStmt>
				<publisher><link target="https://antike.uni-graz.at"/><orgName ref="https://d-nb.info/gnd/1213531357">Institut für Antike, Fachbereich Alte
					Geschichte und Epigraphik, Karl-Franzens-Universität Graz</orgName></publisher>
				<authority><link target="https://informationsmodellierung.uni-graz.at"/><orgName ref="http://d-nb.info/gnd/1137284463">Zentrum für Informationsmodellierung -
					Austrian Centre for Digital Humanities, Karl-Franzens-Universität
					Graz</orgName></authority>
				<distributor><link target="https://gams.uni-graz.at"/><orgName full="yes">GAMS -
					Geisteswissenschaftliches Asset Management System</orgName></distributor>
				<date when="2022">2022</date>
				<pubPlace>Graz</pubPlace>
				<idno type="PID">o:fercan.111</idno>
				<availability>
					<licence target="https://creativecommons.org/licenses/by-nc/4.0">Creative
						Commons BY-NC 4.0</licence>
				</availability>
			</publicationStmt>
			<seriesStmt>
				<title ref="https://gams.uni-graz.at/fercan">FERCAN: Fontes Epigraphici Religionum
					Celticarum Antiquarum</title>
				<respStmt>
					<resp>Projektleitung</resp>
					<persName><forename>Wolfgang</forename><surname>Spickermann</surname></persName>
				</respStmt>
			</seriesStmt>
			<sourceDesc>
				<msDesc>
					<msIdentifier>
						<settlement>Karlsruhe</settlement>
						<repository>Badisches Landesmuseum</repository>
						<idno>C 38</idno>
					</msIdentifier>
					<msContents>
						<summary>Weihinschrift</summary>
					</msContents>
					<physDesc>
						<objectDesc>
							<supportDesc>
								<support> <p/> <material> <ref type="context" target="context:fercan.material." ana="https://gams.uni-graz.at/o:fercan.arch#C.120220">Sandstein</ref> </material>
									<objectType ref="https://gams.uni-graz.at/o:fercan.arch#C.110622">Statuette</objectType> <dimensions>
										<height unit="cm">75</height>
										<width unit="cm">37,5</width>
										<depth unit="cm">22</depth>
									</dimensions> <note type="dimensions" anchored="true"> Die Maße sind die des erhaltenen Objektes.</note> </support>
								<condition> <ref type="context" target="context:fercan.condition" ana="https://gams.uni-graz.at/o:fercan.arch#C.130600">größere Fehlstelle/n</ref> </condition>
							</supportDesc>
							<layoutDesc>
								<layout> <p><p>Die Inschrift ist auf der Statuenbasis eingemeißelt. Die Buchstaben sind unregelmäßig. Z.1 befindet sich auf der Oberseite, die beiden Wörter werden durch den linken Fuß voneinander getrennt. Z.2 befindet sich auf der vorderen Schmalseite der Basis.</p><p>Das linke untere Eck des Sockels ist ausgebrochen, weswegen das erste L in Z.2 leicht beschädigt ist. Das rechte Sockelende ist bestoßen und das M am Zeilenende ist leicht beschädigt und abgerieben, aber noch deutlich lesbar.</p><p>Die Buchstaben sind aufgrund des geringen Platzes nicht nur sehr eng gesetzt, sondern variieren auch in Größe und berühren sich gegen Ende von Z.2 teilweise: RA und TV in Moderatus. Bei dem Buchstaben zwischen D und R in Z.2 handelt es sich um ein E, dessen Querhasten aufgrund des Platzmangels fast an ein I erinnern. Der Buchstabe weist jedoch dieselbe nach links hinausgezogene mittlere Querhaste auf wie die drei E in Z.1, sodass die Lesung als gesichert anzusehen ist.</p></p> <note type="condition" anchored="true"/> </layout>
							</layoutDesc>
						</objectDesc>
						<handDesc>
							<handNote> <desc type="execution">gemeißelt</desc> <height unit="cm" atLeast="2.7" atMost="3.8">2,7–3,8</height> </handNote>
						</handDesc>
						<decoDesc>
							<decoNote> <p/> <term ana="https://gams.uni-graz.at/o:fercan.arch#">
								<ref type="context" target="context:fercan.arch."/> </term>
							</decoNote>
						</decoDesc>
					</physDesc>
					<history>
						<origin> <origPlace> <placeName/> <region>Civitas Aurelia Aquensis</region> </origPlace> <origDate notBefore="" notAfter="" instant="false"><date> </date> <note type="original"> <ref target="context:fercan.date." type="context"> </ref> </note></origDate> </origin>
						<provenance type="found" when="1850"> <placeName> <ref type="context" target="context:fercan.geog.modern.">Mühlburg</ref> </placeName> <p>                                                <p>am Fluss Alb unterhalb der Militärschwimmschule (CIL), heute Restaurant "Kühler Krug" (Filtzinger, Planck, Cämmerer 1976<sup>2</sup>, 327); zwischen der Militärschwimmschule und Mühlburg (Fritsch 1910, 24); "am Albufe, ca. 300 Schritt unterhalb der Militärschwimmschule, in einem Acker" (Wagner 1911, 81) </p><p><br/></p></p> <location>
								<geo decls="#WGS"/>
							</location> <note anchored="true">von einem Wanderer am Ufer (Filtzinger, Planck, Cämmerer 1976<sup>2</sup>, 327) entdeckt am 9. April (CIL); "von dem im Mühlburg seßhaften Herrn von Reichenstein [...] aufgefunden" (Fischer 1844, S. 4); "bei Feldgrabung in Nähe des Albufers und umgeben von Spuren römischen Mauerwerkes" (Bayer 1858, 61); "durch Herrn von Reichenstein ausgegraben" (Fröhner 1860, 16, Nr 39)<br/></note> </provenance>
						<provenance type="observed" subtype="autopsied"><p>vidimus (6.11.2023)</p></provenance>
					</history>
				</msDesc>
				<listPlace>
					<place type="antique_term">
						<placeName><ref target="context:fercan.geog.term" type="context"/> </placeName>
					</place>
					<place type="sacral_building">
						<placeName> <ref target="context:fercan.geog.sacral." type="context"> </ref>
						</placeName>
					</place>
				</listPlace>
				<listPerson>
					<!-- Sonstige theonymische Formulare -->
					<person>
						<persName subtype="celtic_normalized_other" type="divine">
							<ref target="context:fercan.dcn.other" type="context"> </ref>
						</persName>
					</person>
					<!-- theonymisches formular -->
					<person>
						<persName subtype="celtic_normalized" type="divine">
							<ref target="context:fercan.dcn." type="context">Dea Abnoba</ref>
						</persName>
					</person>
					<!-- keltisches götternamenelement  -->
					<person>
						<persName subtype="celtic_element" type="divine">
							<ref target="context:fercan.dce." type="context">Abnoba</ref>
						</persName>
					</person>
					<person>
						<persName type="cognomen"> <ref target="context:fercan.person.cognomen" type="context">Moderatus</ref> </persName>
					</person>
					<person>
						<persName> <roleName type="religious"> <ref target="context:fercan.person.religious" type="context"> </ref>
						</roleName> </persName>
					</person>
					<person>
						<persName type="gentilnomen"><ref target="context:fercan.person.gentilnomen." type="context">Lucilius</ref></persName>
					</person>
					<person>
						<persName> <roleName type="other"> <ref target="context:fercan.person.other." type="context"> </ref> </roleName>
						</persName>
					</person>
					<person>
						<persName> <roleName type="military"> <ref target="context:fercan.person.military." type="context"> </ref>
						</roleName> </persName>
					</person>
					<person>
						<persName> <roleName type="office"> <ref target="context:fercan.person.office." type="context"> </ref>
						</roleName> </persName>
					</person>
					<person>
						<persName type="sovereign"> <ref target="context:fercan.person.sovereign." type="context"> </ref> </persName>
					</person>
				</listPerson>
				<listOrg>
					<org type="admin_unit">
						<orgName> <ref target="context:fercan.org.admin." type="context"> </ref>
						</orgName>
					</org>
					<org type="military_unit">
						<orgName><ref target="context:fercan.org.military." type="context">
						</ref></orgName>
					</org>
					<org type="population_group">
						<orgName> <ref target="context:fercan.org.population." type="context">
						</ref> </orgName>
					</org>
				</listOrg>
			</sourceDesc>
		</fileDesc>
		<encodingDesc>
			<geoDecl xml:id="WGS" datum="WGS84">World Geodetic System</geoDecl>
			<editorialDecl>
				<p>Digitale Repräsentation konform mit EpiDoc: http://epidoc.sourceforge.net</p>
				<p>Majuskel und Minuskel ausgeführt nach Leidener Klammersystem, Majuskel bildet
					Inschrift originalgetreu ab, Minuskel enthält editorische Hinzufügungen</p>
			</editorialDecl>
			<projectDesc>
				<p>Die keltischen Götternamen in den Inschriften der römischen Provinz Germania
					Inferior. Eine Fallstudie zu Religion im Kontext von Kulturkontakt und
					Kulturtransfer (FWF – Projekt P 29274-G25 )</p>
				<p>Das Forschungsprojekt beabsichtigt, sämtliche keltischen Götternamen, die sich in
					lateinischen Inschriften der römischen Provinz Germania Inferior erhaltenen
					haben, zusammenzustellen und auszuwerten. Die gewählte Quellengrundlage
					erscheint besonders geeignet Erscheinungsformen zu untersuchen, welche auf
					religiöser Ebene durch das Zusammentreffen von verschiedenen kulturellen
					Einflüssen entstanden sind. Diese sind hier einerseits definiert durch die
					Verwendung der keltischen Sprache, andererseits durch die lateinische Sprache
					und durch Formen aus dem Inneren des Imperium Romanum, die man mit dem Etikett
					„römisch“ versehen kann. Das Interesse gilt dabei nicht nur religiösen, sondern
					auch damit verbundenen gesellschaftlichen Aspekten und den entsprechenden
					Mentalitäten. Doch soll damit auch zu einem verbesserten Gesamtbild der
					Provinzialreligion in Niedergermanien beigetragen werden.<lb/> Die
					Abschlusspublikation wird ergänzt um einen ausführlichen
					sprachwissenschaftlichen Kommentar (von Patrizia de Bernardo Stempel) in der
					Reihe ‚Corpus - F.E.R.C.AN. (Fontes epigraphici religionum Celticarum
					antiquarum)‘ erscheinen. </p>
			</projectDesc>
		</encodingDesc>
		<profileDesc>
			<langUsage>
				<language ident="la">Latein</language>
			</langUsage>
			<textClass>
				<keywords>
					<list>
						<item> <ref target="context:fercan.dedication." type="context">votum solvit merito</ref> </item>
						<item> <ref target="context:fercan.character." type="context"> </ref> </item>
						<item> <ref target="context:fercan.other." type="context"> </ref> </item>
						<item> <ref target="context:fercan.rel.other." type="context"> </ref> </item>
						<!-- Belegform gesamt  -->
						<item> <ref target="context:fercan.divinepart." type="context">Deae Abnob(a)e</ref> </item>
					</list>
				</keywords>
			</textClass>
		</profileDesc>
		<revisionDesc>
			<change when="2019" n="1" corresp="https://gams.uni-graz.at/o:fercan.1/TEI_SOURCE.2020-02-26">Initial
				Version</change>
			<change when="2020" n="2" corresp="https://gams.uni-graz.at/o:fercan.1/TEI_SOURCE.2022-03-07">Version
				2</change>
			<change when="2022" n="3">Version 3</change>
		</revisionDesc>
	</teiHeader>
	<facsimile>
		<graphic mimeType="image/jpeg" xml:id="IMAGE.1" url="1101_front.jpg">
			<desc>Front, Badisches Landesmuseum, Karlsruhe, Inv. Nr.C 38, Foto: Ortolf Harl</desc>
		</graphic>
	
            <!-- todo: @xml:id-->
            <graphic mimeType=" image/jpeg " url="1101_front_IS.jpg">
                <desc>Inschrift, Badisches Landesmuseum, Karlsruhe, Inv. Nr.C 38, Foto: Ortolf Harl </desc>
            </graphic>
        </facsimile>
	<text>
		<body>
			<ab> <ref target="context:fercan" type="context">FERCAN</ref> </ab>
			<div subtype="editions" type="bibliography" org="uniform" sample="complete">
				<listBibl>
					<bibl xml:id="1">Fröhner 1860, Nr.39</bibl>
				
            <bibl xml:id="2">Fritsch 1910, 24 Abb.14</bibl>
        
            <bibl xml:id="3">Wagner 1911, Nr.53 Abb.81</bibl>
        
            <bibl xml:id="4">CIL XIII 6326</bibl>
        
            <bibl xml:id="5">Riese 1914, Nr.2615</bibl>
        
            <bibl xml:id="6">Espérandieu 1931, Nr.345</bibl>
        
            <bibl xml:id="7"> Filtzinger/Plack/Cämmerer 1976, 328 </bibl>
        
            <bibl xml:id="8">Badisches Landesmuseum Karlsruhe 2008, 148</bibl>
        
            <bibl xml:id="9"> Scheungraber 2020, 63 Nr.5 </bibl>
        
            <bibl xml:id="10">Ferlut 2022, Nr.10</bibl>
        </listBibl>
			</div>
			<div subtype="concordances" type="bibliography" org="uniform" sample="complete">
				<listBibl>
					<bibl type="EDCS"><idno>EDCS-11000335</idno><date>2024-01-22</date></bibl>
					<bibl type="EDH"><idno>HD036869</idno><date>2018-12-12</date></bibl>
					<bibl type="trismegistos"><idno>www.trismegistos.org/text/211090</idno><date>2024-01-22</date></bibl>
					<bibl type="lupa"><idno>http://lupa.at/8314 </idno><date>2022-12-20</date></bibl>
					<bibl type="other"><idno> </idno><date> </date></bibl>
				</listBibl>
			</div>
			<div type="edition" subtype="diplomatic" xml:id="majuscule" xml:lang="la" xml:space="preserve" org="uniform" sample="complete">
				<ab><orig/><lb n="1"/>DEAE ABNOBA
<lb n="2"/>LVCILIVS MODERATVS V S M</ab></div>
			<div type="edition" xml:lang="la" xml:id="minuscule" subtype="normalised" xml:space="preserve" org="uniform" sample="complete"><ab><lb n="1"/>Deae <expan><abbr>Abnob</abbr><ex>a</ex>e</expan>
<lb n="2"/>Lucilius Moderatus <expan><abbr>v</abbr><ex>otum</ex></expan> <expan><abbr>s</abbr><ex>olvit</ex></expan> <expan><abbr>m</abbr><ex>erito</ex></expan></ab></div>
			<div type="translation" xml:lang="de" org="uniform" sample="complete">
				<p><p>Der Göttin <rs type="divine">Abnoba</rs>!</p><p>Lucius Moderatus hat das Gelübde verdientermaßen erfüllt.<br/></p></p>
			</div>
			<div type="translation" xml:lang="en" org="uniform" sample="complete">
				<p><p>To the goddess <rs type="divine">Abnoba</rs>!</p><p>Lucius Moderatus has fulfilled a vow deservedly.</p></p>
			</div>
			<div type="apparatus" org="uniform" sample="complete">
				<app loc="2">
					<note anchored="true">Lucius – Filtzinger (u.a.)</note>
				</app>
			</div>
			<div type="commentary" subtype="general" org="uniform" sample="complete">                                                <p>Lucilius Moderatus: einheimisches Namensformular ohne Praenomen</p>
                                                <p>Lucilius: gängiges italisches oder einheimisches Gentilnomen, abgeleitet vom lateinischen Namen Luc(il)ius (Kakoschke 2021, GN 702)</p>
                                                <p>Moderatus: lateinischer Name, vor allem in den keltischen Provinzen verbreitet (Kakoschke 2021, CN 2081)</p>
                                                <p> </p>
			<p/></div>
			<div type="commentary" subtype="language" org="uniform" sample="complete">
				<p> </p>
			</div>
			<div type="commentary" subtype="deity" org="uniform" sample="complete">
				<p> </p>
			</div>
			<linkGrp type="alignment" domains="#majuscule #minuscule">
			</linkGrp>
		</body>
		<back>
			<note type="Objbeschr_note">                                                    <p>Fritsch 1910 24: Unser Standbild ist wohl die roheste, ungeschickteste Darstellung, die sich denken läßt, aber trotzdem schimmert durch alle Barbarei die Erinnerung an ein herrliches Werk der griechischen Kunst hindurch.</p><p>Wagner 1911, 81 Nr. 53: Die erste Zeile der Inschrift steht auf der schiefen Abschrägung der Basis, die zweite auf deren Vorderseite. <br/></p></note>
			<note type="ArchKlass_note"/>
			<note type="Material_note"><p>Espérandieu 1931, 214 Nr. 345: Grès blanc</p><p>Bayer 1858, 61: sandsteinern</p><p>Wagner 1911, 81 Nr. 53: Sandsteinstatue</p><p>Germania Romana IV 49, Nr. 4: Sandstein<br/></p></note>
			<note type="Inschrifttraeger_note"/>
			<note type="VerwahrortOrt_note"/>
			<note type="InvNr_note"/>
			<note type="Fundstelle_note"><p>Fritsch 1910, 24: "An der Alb zwischen der Militärschwimmschule und Mühlburg wurde unsere Abnoba 1850 gefunden."</p><p>Wagner 1911, 81: Im April 1850 entdeckte Herr v. Reichenstein am Albufer, ca. 300 Schritt unterhalb der Militärschwimmschule, in einem Acker, in dem das Wasser sie aus ca. 1 m Tiefe ausgespült hatte, mit einer daneben liegenden Steinplatte, die verloren ging, und umgeben von Spuren römischen Mauerwerks...<br/></p></note>
			<note type="Fundumst_note"><p>Fischer 1844, S 4: von dem im Mühlburg seßhaften Herrn von Reichenstein in der Alb unterhalb der Militärschwimmschule, bei Mühlburh aufgefunden, von Seiner königlichen Hoheit dem höchstseligen Großherzog Leopold dem Finder abgekauft, und ist dermalen in der großherzoglichen Sammlung der Alterthümer zu Karlsruhe aufbewahrt.</p><p>Bayer 1858, 61: Im gleichen Jahre 1850 fand man zu Mühlburg nächst Karlsruhe bei Feldgrabung in der Nähe des Albufers und umgeben von Spuren römischen Mauerwerkes...</p><p>Fröhner 1860, 16 Nr. 39: Standbild der Diana, am 9. April 1850 an der Alb oberhalb Mühlburg durch Herrn von Reichenstein ausgegraben. <br/></p></note>
			<note type="Fundjahr_note">                                                    <p>9. April 1850 - Fischer 1854, 4<br/></p></note>
			<note type="FOantik_note"/>
			<note type="FOmodern_note">                                                    <p>EDH: Mühlburg, Alb, Fluss, unterhalb der ehemaligen Militärschwimmschule</p>
                                                    <p>Scheungraber, Lupa: Mühlberg (Internetsuche mit Mühlberg bringt nur M. an der Elbe in Brandenburg, für M. + Karlsruhe als Suchbegriff kommt Mühlburg)</p><p>Theorie zum Fundort: Fischer 1854, 4<br/></p></note>
			<note type="civitas_note"/>
			<note type="Autopsie_note"/>
			<note type="Appcrit_note"/>
			<note type="Abb_note"/>
			<note type="englUEbers_note"/>
			<note type="dtUEbers_note"/>
			<note type="Editionen_note"><p>Noch zu überprüfen (Fernleihe):</p><p>Rolf-Heiner Behrends: Faustkeil – Urne – Schwert. Archäologie in der Region Karlsruhe. Karlsruhe 1996 S.127.<br/></p></note>
			<note type="ErhzustObj_note"/>
			<note type="Masse_note">                                                    <p>Eckerle 1988 S. 160: H 75cm </p><p>Espérandieu 1931, 214 Nr. 345: Hauteur, 0 m. 76 ; largeur à la base, 0 m. 37.</p><p>Fischer 1854, 4: Die ganze Bildsäule ist 2 1/2 Fuß hoch...</p><p>Fröhner 1860 S. 16 Nr. 39: H. der Figur (mit dem r. Arm) 75. - Basis (L. 38, B. 21)</p><p>Germania Romana IV 49, Nr. 4: H. noch 0,63<br/></p></note>
			<note type="Ikonogr_note">                                                    <p>Filtzinger, Planck, Cämmerer 1976<sup>2</sup>, 327: Die Göttin - leider ohne Kopf - zieht einen Pfeil aus ihrem Köcher. Hinter ihren Beinen sieht man einen Hund, der einen Hasen jagt.</p>
                                                    <p>Eckerle 1988, S. 160: Sie wird als römische Jagdgöttin Diana dargestellt, wie sie gerade einen Pfeil aus dem Köcher zieht, während ihr Jagdhund einen Hasen fängt.</p>
                                                    <p>Fritsch 1910 24: Die Göttin stützt sich mit der Linken auf einen Felsen, an dessen Fuß zwei Hasen nach rechts eilen. Die Gestalt trägt ein gerafftes Gewand, niedere Jagdstiefel, einen rundlichen Brustschmuck, Die Rechte ist erhoben, um aus dem hinter dem Rücken hängenden Köcher einen Pfeil hervorzuholen. [...] Das Urbild der Statue ist die römische Kopie eines Meisterwerkes der besten griechischen Kunst, die berühmte Diana von Versailles, im Louvre zu Paris. Dort das rastlose Eilen der Gestalt in wundervollem Rhythmus der Linien, verstärkt durch die Figur der leichtfüßigen Hirschkuh [...], hier provinziale Roheit und Mangel an Verständnis für die menschliche Gestalt.</p><p>Espérandieu 1931 p 214 Nr 345: Diane de la Forêt Noire debout, vêtue d'une tunique courte relevée et serrée à la taille par une ceinture, les bras et les jambes nus, chausée, puisant de la main droite une flèche dans un carquois porté en bandoulière, la main gauche appuyée peut-être sur un rocher ; à sa gauche, un chien terrassant un lièvre. [...] Art barbare.</p><p>Fischer 1854 tab 2: Nicht Hund und Hase, sondern zwei Hasen abgebildet.S. 4: ..., die rechte Hand derselben erhebt sich, wie ersichtlich, zum Köcher, um aus demselben einen Pfeil zu nehmen ; die Linke hält den Bogen, welcher aber wegen der Schwierigkeit, ihn auf einem steinernen Bilde abzubilden, und wegen der Gefahr, bald abgebrochen zu werden, wie gewöhnlich, nur angedeutet ist. Unten in der linken Hand hält sie noch das Sinnbild des Schwarzwaldes, einen Tannenzapfen, und zu den Füßen des Bildes befinden sich zwei niedlich gearbeitete Hasen. </p><p>Bayer 1858, 61: Die Gestalt ist im Ausschreiten begriffen und greift mit der rechten Hand nach einem Pfeile in ihrem rückwärts hangenden Köcher. Zu ihren Füßen spielen Hasen. Die Bildhauerei ist von geringem Kunstwerthe. </p><p>Fröhner 1860, 16 Nr. 39: Die Göttin erscheint stehend im faltigen dorischen Jagdchiton und kurzen Schuhen, den Gürtel um die Lenden und auf der Brust einen der italischen Bukka ähnlichen runden Schmuck. Auf ihrem Rücken hängt der Köcher, aus dem sie mit der R. eben einen Pfeil zieht, die L. stützt sie auf einen Felsen (keinen Tannenzapfen), an dessen Fuss ihr Jagdhund (kein Hase), eben einen Hasen gefangen hält. (Ihr Kopf fehlt.)</p><p>Wagner 1911, 81 Nr. 53: sehr plump gearbeitete... Die Göttin, deren Kopf fehlt, ist stehend dargestellt, im dorischen Chiton, mit groben Schuhen, einem Gürtel und rundem Schmuck auf der Brust. Sie ziehtt eben mit der Rechten einen Pfeil aus dem Köcher; die Linke stützt sich auf einen Felsen (oder Baumstumpf?), an dessen Fuß zwei Hasen übereinander liegen... .</p><p>Krüger 1917,1, 7: Diana im gleichen Typus, nach dem Pfeil greifend. Freilich ist diese Bewegung dadurch sinnlos geworden, daß der Steinmetz den Bogen in der linken Hand weggelassen hat. Er hat ihn durch eine große Frucht ersetzt, auf der die linke Hand ruht. S. 8: Leider ist sie nicht so dargestellt, daß man ihre Gattung genauer bestimmen könnte, aber auf jeden Fall soll auch hier der Charakter der Fruchtbarkeitsgöttin betont werden. Rechts unten vor dem Postament, auf dem die Frucht ruht, hocken zwei Tiere übereinander, die schon Fröhner richtig als Hund, der einen Hasen gefangen hat, erklärt hat. Beide Köpfe hat der ungeschickte Steinmetz so ähnlich gebildet, daß die Erklärung sehr geschwankt hat. Aber der untere Kopf ist klein, hat jedoch ein sehr langes, offenes Ohr. Dieses Tier muß demnach ein Hase sein. Dann ist aber das obere mit doppelt so langem Kopf unf mit doch nicht größerem Ohr zweifellos der Jagdhund der Göttin. Die Göttin mit dem Hasen ist in jener Gegens noch in zahlreichen Exemplaren vertreten; soviel sich aus den Beschreibungen ersehen läßt, ist aber unser Dianatypus nicht wiederholt. Die Göttin trägt den Hasen regelmäßig auf dem Arm [Bsp. in FN], der also der stete Begleiter der Schwarzwaldgöttin ist. </p><p>LIMC 2,1, 854 Nr. 418: Weibliche Gestalt, ruhig stehend, in kurzem Chiton, der auf der Brust x-förmig geführt ist, so daß beide Brüste unbedeckt bleiben (zu diesem Motiv s. Kommentar zu III A-C). Mit der Rechten greift sie an den über der Schulter sichtbaren Köcher, die Linke ist gesenkt. Sie scheint auf einer felsartigen Stütze zu liegen, vor der eein Hund kuert, der einen Hasen gefangen hat. Der Kopf der Göttin fehlt. Auf der Oberfläche und der Vorderkante der Plinthe die zweizeilige Inschrift.</p><p>Römer in Baden-Württemberg 1976, 189: Eine Sandsteinstatuette...Die kleine Weihefigur, der leider der Kopf fehlt, umhüllt eine ärmellose, kurzgeschürzte Tunika; sie ist gerade dabei - wie es sich für eine Jägerin geziemt - einen Pfeil aus ihrem Köcher zu ziehen. ...begleitet sie ein Jagdhund, der in diesem Fall - so scheint es - gerade einen Hasen gefangen hat.<br/></p></note>
			<note type="Inschrtext_note"/>
			<note type="ErhzustInschr_note"/>
			<note type="Schrifttechnik_note"/>
			<note type="Buchsthoehe_note"/>
			<note type="Notvar_note"/>
			<note type="KommGoettern_note"/>
			<note type="SonstKomm_note"/>
			<note type="Datierung_note"><p>EDH: 101 AD – 250 AD</p></note>
			<note type="ElektronischeRessourcen_note"/>
			<note type="Index_note"/>
		</back>
	</text>
</TEI>