<TEI xmlns="http://www.tei-c.org/ns/1.0" xml:id="superior107" n="">
	<teiHeader xml:lang="en">
		<fileDesc>
			<titleStmt>
				<title type="full"><title type="main">Vosegus</title><title type="sub">CF-GeS-1063</title></title>
				<respStmt>
					<resp>Inschriftenedition</resp>
					<persName><forename>Werner</forename><surname>Petermandl</surname></persName>
				</respStmt>
				<respStmt>
					<resp>Archäologische Beschreibung und geografische Daten</resp>
					<persName><forename>Astrid</forename><surname>Schmölzer</surname></persName>
				</respStmt>
				<funder ref="https://www.fwf.ac.at">Austrian Science Fund (FWF): P 9274-G25</funder>
			</titleStmt>
			<publicationStmt>
				<publisher><link target="https://antike.uni-graz.at"/><orgName ref="https://d-nb.info/gnd/1213531357">Institut für Antike, Fachbereich Alte
					Geschichte und Epigraphik, Karl-Franzens-Universität Graz</orgName></publisher>
				<authority><link target="https://informationsmodellierung.uni-graz.at"/><orgName ref="http://d-nb.info/gnd/1137284463">Zentrum für Informationsmodellierung -
					Austrian Centre for Digital Humanities, Karl-Franzens-Universität
					Graz</orgName></authority>
				<distributor><link target="https://gams.uni-graz.at"/><orgName full="yes">GAMS -
					Geisteswissenschaftliches Asset Management System</orgName></distributor>
				<date when="2022">2022</date>
				<pubPlace>Graz</pubPlace>
				<idno type="PID">o:fercan.107</idno>
				<availability>
					<licence target="https://creativecommons.org/licenses/by-nc/4.0">Creative
						Commons BY-NC 4.0</licence>
				</availability>
			</publicationStmt>
			<seriesStmt>
				<title ref="https://gams.uni-graz.at/fercan">FERCAN: Fontes Epigraphici Religionum
					Celticarum Antiquarum</title>
				<respStmt>
					<resp>Projektleitung</resp>
					<persName><forename>Wolfgang</forename><surname>Spickermann</surname></persName>
				</respStmt>
			</seriesStmt>
			<sourceDesc>
				<msDesc>
					<msIdentifier>
						<settlement>Speyer</settlement>
						<repository>Historisches Museum der Pfalz</repository>
						<idno>1937/10c</idno>
					</msIdentifier>
					<msContents>
						<summary>Weihinschrift</summary>
					</msContents>
					<physDesc>
						<objectDesc>
							<supportDesc>
								<support> <p>Der Weihealtar ist stark verwittert, jedoch in all seinen Bestandteilen erhalten. Die Basis führt in zwei Stufen zum ungerahmten Inschriftenfeld, das wiederum durch zwei Stufen vom Aufsatz getrennt ist. Dieser ist bereits so stark verwittert, dass man zwar noch Pulvini erkennen und dazwischen einen Dreiecksgiebel vermuten, die genaue Gestaltung jedoch nicht mehr nachvollzogen werden kann. Am linken Pulvini könnte eine Rosette vermutet werden. Dahinter findet sich die Opferschale.<br/></p> <material> <ref type="context" target="context:fercan.material." ana="https://gams.uni-graz.at/o:fercan.arch#C.120220">Sandstein</ref> </material>
									<objectType ref="https://gams.uni-graz.at/o:fercan.arch#C.110300">Weihealtar</objectType> <dimensions>
										<height unit="cm">41</height>
										<width unit="cm">21</width>
										<depth unit="cm">15,5</depth>
									</dimensions> <note type="dimensions" anchored="true"> </note> </support>
								<condition> <ref type="context" target="context:fercan.condition" ana="https://gams.uni-graz.at/o:fercan.arch#C.130500">weitgehend vollständig</ref> </condition>
							</supportDesc>
							<layoutDesc>
								<layout> <p><p>Der Inschriftentext ist vollständig erhalten. Die Buchstaben sind unregelmäßig und in der ersten und letzten Zeile deutlich kleiner.<br/></p></p> <note type="condition" anchored="true"/> </layout>
							</layoutDesc>
						</objectDesc>
						<handDesc>
							<handNote> <desc type="execution">gemeißelt</desc> <height unit="cm" atLeast="2.0" atMost="4.2">2,0–4,2</height> </handNote>
						</handDesc>
						<decoDesc>
							<decoNote> <p><p>Keine bildliche Gestaltung vorhanden.<br/></p></p> <term ana="https://gams.uni-graz.at/o:fercan.arch#C.150900">Pulvini</term>
                      <term ana="https://gams.uni-graz.at/o:fercan.arch#C.220100">Giebel</term>
                      <term ana="https://gams.uni-graz.at/o:fercan.arch#C.252810">Opferschale</term>
                      <term ana="https://gams.uni-graz.at/o:fercan.arch#C.253060">Rosette</term>
                      
							</decoNote>
						</decoDesc>
					</physDesc>
					<history>
						<origin> <origPlace> <placeName/> <region>Civitas Nemetum</region> </origPlace> <origDate notBefore="" notAfter="" instant="false"><date> </date> <note type="original"> <ref target="context:fercan.date." type="context"> </ref> </note></origDate> </origin>
						<provenance type="found" when="1937"> <placeName> <ref type="context" target="context:fercan.geog.modern.">Neustadt an der Weinstraße</ref> </placeName> <p>Bezirk Lachen-Speyerdorf; Sandgrube beim (ehemaligen) Forsthaus Breitenstein unmittelbar bei der Haltestelle der Lokalbahn (Sprater 1938, 190)</p> <location>
								<geo decls="#WGS"/>
							</location> <note anchored="true">Weitere Fundumstände sind nicht bekannt. An der Fundstelle kreuzt eine römische Straße von St. Martin kommend das Elmsteiner Tal und führt in Richtung Esthal.</note> </provenance>
						<provenance type="observed" subtype="autopsied"><p>vidimus (CIL XIII Projekt)<br/></p></provenance>
					</history>
				</msDesc>
				<listPlace>
					<place type="antique_term">
						<placeName><ref target="context:fercan.geog.term" type="context"/> </placeName>
					</place>
					<place type="sacral_building">
						<placeName> <ref target="context:fercan.geog.sacral." type="context"> </ref>
						</placeName>
					</place>
				</listPlace>
				<listPerson>
					<!-- Sonstige theonymische Formulare -->
					<person>
						<persName subtype="celtic_normalized_other" type="divine">
							<ref target="context:fercan.dcn.other" type="context"> </ref>
						</persName>
					</person>
					<!-- theonymisches formular -->
					<person>
						<persName subtype="celtic_normalized" type="divine">
							<ref target="context:fercan.dcn." type="context">Vosegus</ref>
						</persName>
					</person>
					<!-- keltisches götternamenelement  -->
					<person>
						<persName subtype="celtic_element" type="divine">
							<ref target="context:fercan.dce." type="context">Vosegus</ref>
						</persName>
					</person>
					<person>
						<persName type="cognomen"> <ref target="context:fercan.person.cognomen" type="context">Vitunis</ref> </persName>
					</person>
					<person>
						<persName> <roleName type="religious"> <ref target="context:fercan.person.religious" type="context"> </ref>
						</roleName> </persName>
					</person>
					<person>
						<persName type="gentilnomen"><ref target="context:fercan.person.gentilnomen." type="context">Iulius</ref></persName>
					</person>
					<person>
						<persName> <roleName type="other"> <ref target="context:fercan.person.other." type="context"> </ref> </roleName>
						</persName>
					</person>
					<person>
						<persName> <roleName type="military"> <ref target="context:fercan.person.military." type="context"> </ref>
						</roleName> </persName>
					</person>
					<person>
						<persName> <roleName type="office"> <ref target="context:fercan.person.office." type="context"> </ref>
						</roleName> </persName>
					</person>
					<person>
						<persName type="sovereign"> <ref target="context:fercan.person.sovereign." type="context"> </ref> </persName>
					</person>
				</listPerson>
				<listOrg>
					<org type="admin_unit">
						<orgName> <ref target="context:fercan.org.admin." type="context"> </ref>
						</orgName>
					</org>
					<org type="military_unit">
						<orgName><ref target="context:fercan.org.military." type="context">
						</ref></orgName>
					</org>
					<org type="population_group">
						<orgName> <ref target="context:fercan.org.population." type="context">
						</ref> </orgName>
					</org>
				</listOrg>
			</sourceDesc>
		</fileDesc>
		<encodingDesc>
			<geoDecl xml:id="WGS" datum="WGS84">World Geodetic System</geoDecl>
			<editorialDecl>
				<p>Digitale Repräsentation konform mit EpiDoc: http://epidoc.sourceforge.net</p>
				<p>Majuskel und Minuskel ausgeführt nach Leidener Klammersystem, Majuskel bildet
					Inschrift originalgetreu ab, Minuskel enthält editorische Hinzufügungen</p>
			</editorialDecl>
			<projectDesc>
				<p>Die keltischen Götternamen in den Inschriften der römischen Provinz Germania
					Inferior. Eine Fallstudie zu Religion im Kontext von Kulturkontakt und
					Kulturtransfer (FWF – Projekt P 29274-G25 )</p>
				<p>Das Forschungsprojekt beabsichtigt, sämtliche keltischen Götternamen, die sich in
					lateinischen Inschriften der römischen Provinz Germania Inferior erhaltenen
					haben, zusammenzustellen und auszuwerten. Die gewählte Quellengrundlage
					erscheint besonders geeignet Erscheinungsformen zu untersuchen, welche auf
					religiöser Ebene durch das Zusammentreffen von verschiedenen kulturellen
					Einflüssen entstanden sind. Diese sind hier einerseits definiert durch die
					Verwendung der keltischen Sprache, andererseits durch die lateinische Sprache
					und durch Formen aus dem Inneren des Imperium Romanum, die man mit dem Etikett
					„römisch“ versehen kann. Das Interesse gilt dabei nicht nur religiösen, sondern
					auch damit verbundenen gesellschaftlichen Aspekten und den entsprechenden
					Mentalitäten. Doch soll damit auch zu einem verbesserten Gesamtbild der
					Provinzialreligion in Niedergermanien beigetragen werden.<lb/> Die
					Abschlusspublikation wird ergänzt um einen ausführlichen
					sprachwissenschaftlichen Kommentar (von Patrizia de Bernardo Stempel) in der
					Reihe ‚Corpus - F.E.R.C.AN. (Fontes epigraphici religionum Celticarum
					antiquarum)‘ erscheinen. </p>
			</projectDesc>
		</encodingDesc>
		<profileDesc>
			<langUsage>
				<language ident="la">Latein</language>
			</langUsage>
			<textClass>
				<keywords>
					<list>
						<item> <ref target="context:fercan.dedication." type="context"> </ref> </item>
						<item> <ref target="context:fercan.character." type="context"> </ref> </item>
						<item> <ref target="context:fercan.other." type="context"> </ref> </item>
						<item> <ref target="context:fercan.rel.other." type="context">votum solvit laetus libens merito</ref> </item>
						<!-- Belegform gesamt  -->
						<item> <ref target="context:fercan.divinepart." type="context">Vosego</ref> </item>
					</list>
				</keywords>
			</textClass>
		</profileDesc>
		<revisionDesc>
			<change when="2019" n="1" corresp="https://gams.uni-graz.at/o:fercan.1/TEI_SOURCE.2020-02-26">Initial
				Version</change>
			<change when="2020" n="2" corresp="https://gams.uni-graz.at/o:fercan.1/TEI_SOURCE.2022-03-07">Version
				2</change>
			<change when="2022" n="3">Version 3</change>
		</revisionDesc>
	</teiHeader>
	<facsimile>
		<graphic mimeType="image/jpeg" xml:id="IMAGE.1" url="1063_front.jpg">
			<desc>Front, https://edh.ub.uni-heidelberg.de/edh/foto/F023218, © C. Witschel</desc>
		</graphic>
	</facsimile>
	<text>
		<body>
			<ab> <ref target="context:fercan" type="context">FERCAN</ref> </ab>
			<div subtype="editions" type="bibliography" org="uniform" sample="complete">
				<listBibl>
					<bibl xml:id="1">Nesselhauf 1937, Nr.73</bibl>
				
            <bibl xml:id="2">Sprater 1938, 190–191</bibl>
        
            <bibl xml:id="3">AE 1938, 82</bibl>
        
            <bibl xml:id="4">Günther/Köpstein 1975, 433</bibl>
        
            <bibl xml:id="5">Gödel 1980, 121f.</bibl>
        
            <bibl xml:id="6">Mensching 1982, 9, Nr.5</bibl>
        
            <bibl xml:id="7"> Cüppers 1990, 497f.</bibl>
        
            <bibl xml:id="8">Hirte 1995, 438</bibl>
        
            <bibl xml:id="9">Scheungraber 2020, 608, Nr.4</bibl>
        </listBibl>
			</div>
			<div subtype="concordances" type="bibliography" org="uniform" sample="complete">
				<listBibl>
					<bibl type="EDCS"><idno>EDCS-11202170</idno><date>zuletzt abgerufen 2023-07-19</date></bibl>
					<bibl type="EDH"><idno>HD022122</idno><date>Version von 2019-01-26</date></bibl>
					<bibl type="trismegistos"><idno>https://www.trismegistos.org/text/210222</idno><date>zuletzt abgerufen 2023-07-19</date></bibl>
					<bibl type="lupa"><idno>http://lupa.at/25529</idno><date>Version von 2020-07-09</date></bibl>
					<bibl type="other"><idno>https://cil.bbaw.de/ace/id/KO0000632</idno><date>zuletzt abgerufen 2023-07-19</date></bibl>
				</listBibl>
			</div>
			<div type="edition" subtype="diplomatic" xml:id="majuscule" xml:lang="la" xml:space="preserve" org="uniform" sample="complete">
				<ab><lb n="1"/>VOSEGO
<lb n="2"/>IVLIVS VI
<lb n="3"/>TVNIS V
<lb n="4"/>S L<g type="interpunct">▴</g>L<g type="interpunct">▴</g>M<orig/></ab></div>
			<div type="edition" xml:lang="la" xml:id="minuscule" subtype="normalised" xml:space="preserve" org="uniform" sample="complete"><ab><lb n="1"/>Vosego
<lb n="2"/>Iulius Vi
<lb n="3" break="no"/>tunis <expan><abbr>v</abbr><ex>otum</ex></expan>
<lb n="4"/><expan><abbr>s</abbr><ex>olvit</ex></expan> <expan><abbr>l</abbr><ex>aetus</ex></expan> <expan><abbr>l</abbr><ex>ibens</ex></expan> <expan><abbr>m</abbr><ex>erito</ex></expan></ab></div>
			<div type="translation" xml:lang="de" org="uniform" sample="complete">
				<p><p>Für <rs type="divine">Vosegus</rs>!</p><p>Iulius Vitunis hat ein Gelübde freudig, gern und verdientermaßen erfüllt.<br/></p></p>
			</div>
			<div type="translation" xml:lang="en" org="uniform" sample="complete">
				<p><p>To <rs type="divine">Vosegus</rs>!<br/>Iulius Vitunis has fulfilled a vow gladly, willingly and deservedly.</p></p>
			</div>
			<div type="apparatus" org="uniform" sample="complete">
				<app loc="2">
					<note anchored="true">am Ende der Zeile ist die Lesung nicht ganz sicher – Nesselhauf</note>
				</app>
			
            <app loc="3">
                <note anchored="true">fehlender Zeilenwechsel nach v – Cüppers</note>
            </app>
        
            <app loc="4">
                <note anchored="true">l(ibens) l(aetus) – Nesselhauf, EDH, Günther/Köpstein, Gödel, Cüppers, Hirte, Scheungraber</note>
            </app>
        </div>
			<div type="commentary" subtype="general" org="uniform" sample="complete"><p>Iulius Vitunis: römisches Namensformular ohne Praenomen</p><p>Iulius: italisches Gentilnomen, kaiserliches Gentilnomen, überall äußerst gängig (Kakoschke 2021, GN 637)</p><p>Vitunis: keltischer Name, nur hier und ein weiteres Mal in der Belgica belegt (Kakoschke 2021, CN 3402)
			</p></div>
			<div type="commentary" subtype="language" org="uniform" sample="complete">
				<p> </p>
			</div>
			<div type="commentary" subtype="deity" org="uniform" sample="complete">
				<p> </p>
			</div>
			<linkGrp type="alignment" domains="#majuscule #minuscule">
			</linkGrp>
		</body>
		<back>
			<note type="Objbeschr_note"><p>Lupa: verwittert, löchrige Oberfläche</p><p>Lupa: pulvini, dazwischen Giebel</p><p>CIL Kartei: Kleiner Altar mit Opferschale</p><p>Inventarverzeichnis Museum Speyer: Kleiner Altar mit einfachen Pulvini, mehrfach leistengegliedert</p></note>
			<note type="ArchKlass_note"><p>Pulvini</p><p>Giebel</p><p>Opferschale</p><p>Rosetten</p></note>
			<note type="Material_note"><p>grobkörnig, rot (Sprater 1938, S. 190)<br/></p></note>
			<note type="Inschrifttraeger_note"><p>WSpDB: ara</p><p>EDH: Altar</p></note>
			<note type="VerwahrortOrt_note"/>
			<note type="InvNr_note"/>
			<note type="Fundstelle_note"><p>So EDH</p><p>Günther/Köpstein: Breitensteiner Forsthaus bei Neustadt (Weinstraße)</p><p>Cüppers: „Einzelne Scherben des 2. und 3. Jh. bezeugen eine kleinere Ansiedlung am Platz.“</p></note>
			<note type="Fundumst_note"><p>Info vom Museum. Mail an Winni am 8.8.2023.<br/></p></note>
			<note type="Fundjahr_note"/>
			<note type="FOantik_note"/>
			<note type="FOmodern_note">                                                    <p>Lupa, EDH: Esthal</p>
                                                    <p>ClaussSlaby: Neustadt an der Weinstraße; so auch Nesselhauf</p>
                                                    <p><b>Das Breitensteiner Forsthaus, in dem die Inschrift gefunden wurde, befindet sich in Neustadt an der Weinstraße, daher wird dies als Fundort gewählt.</b></p></note>
			<note type="civitas_note"/>
			<note type="Autopsie_note"/>
			<note type="Appcrit_note"><p>CIL Kartei: bei der zweiten Lesung von 11/86 (pdf S. 13): kleines L am Ende von Z.2<br/></p></note>
			<note type="Abb_note"><p>Film: 131/17-33; 53/12a,15a<br/></p></note>
			<note type="englUEbers_note"/>
			<note type="dtUEbers_note"/>
			<note type="Editionen_note">                                                    <p>Photos von online nicht verfügbaren Inschriftentexten s. Ordner: ISntexte Slg</p><p>Derks Gods, Temples and Ritual Practices. The Transformation of Religious Ideas and Values in Roman Gaul. Amsterdam 1998. (= Amsterdam Archaeological Studies. Bd.2.) S.136. Abb.4.1 (Photo) - <b>eingesehen </b><br/></p></note>
			<note type="ErhzustObj_note"/>
			<note type="Masse_note"><p>Inventarverz. Speyer: Höhe: 42 cm, Breite: 22 c, Tiefe: 16 cm</p><p>Lupa: H 40 cm</p><p>CIL Kartei: versch, leicht abweichende Angaben – für diese entschieden</p></note>
			<note type="Ikonogr_note"/>
			<note type="Inschrtext_note"><p>CIL Kartei Autopsie: „falsch ausgemalt“ – trifft das für den Originalstein zu oder die Kopie?<br/></p></note>
			<note type="ErhzustInschr_note"/>
			<note type="Schrifttechnik_note"/>
			<note type="Buchsthoehe_note">                                                    <p>CIL Kartei: zwei verschiedene Angaben für Z.2 3,6 und 4,0-3,3 </p><p>2,0–4,0 lt. Mail vom Museum am 20.7.23</p><p><b>Mail vom 8.8. von Frau Hergert: Buchstabenhöhe 2,0 – 4,2 cm</b></p></note>
			<note type="Notvar_note"/>
			<note type="KommGoettern_note"/>
			<note type="SonstKomm_note"/>
			<note type="Datierung_note"><p>WSpDB: 100-150</p><p>Lupa: 150-230</p><p>EDH: 151 AD – 230 AD</p></note>
			<note type="ElektronischeRessourcen_note"/>
			<note type="Index_note"/>
		</back>
	</text>
</TEI>