<TEI xmlns="http://www.tei-c.org/ns/1.0" xml:id="superior129" n="">
	<teiHeader xml:lang="en">
		<fileDesc>
			<titleStmt>
				<title type="full"><title type="main">Mars Exalbiovix</title><title type="sub">CF-GeS-1123</title></title>
				<respStmt>
					<resp>Inschriftenedition</resp>
					<persName><forename>Werner</forename><surname>Petermandl</surname></persName>
				</respStmt>
				<respStmt>
					<resp>Archäologische Beschreibung und geografische Daten</resp>
					<persName><forename>Astrid</forename><surname>Schmölzer</surname></persName>
				</respStmt>
				<funder ref="https://www.fwf.ac.at">Austrian Science Fund (FWF): P 9274-G25</funder>
			</titleStmt>
			<publicationStmt>
				<publisher><link target="https://antike.uni-graz.at"/><orgName ref="https://d-nb.info/gnd/1213531357">Institut für Antike, Fachbereich Alte
					Geschichte und Epigraphik, Karl-Franzens-Universität Graz</orgName></publisher>
				<authority><link target="https://informationsmodellierung.uni-graz.at"/><orgName ref="http://d-nb.info/gnd/1137284463">Zentrum für Informationsmodellierung -
					Austrian Centre for Digital Humanities, Karl-Franzens-Universität
					Graz</orgName></authority>
				<distributor><link target="https://gams.uni-graz.at"/><orgName full="yes">GAMS -
					Geisteswissenschaftliches Asset Management System</orgName></distributor>
				<date when="2022">2022</date>
				<pubPlace>Graz</pubPlace>
				<idno type="PID">o:fercan.129</idno>
				<availability>
					<licence target="https://creativecommons.org/licenses/by-nc/4.0">Creative
						Commons BY-NC 4.0</licence>
				</availability>
			</publicationStmt>
			<seriesStmt>
				<title ref="https://gams.uni-graz.at/fercan">FERCAN: Fontes Epigraphici Religionum
					Celticarum Antiquarum</title>
				<respStmt>
					<resp>Projektleitung</resp>
					<persName><forename>Wolfgang</forename><surname>Spickermann</surname></persName>
				</respStmt>
			</seriesStmt>
			<sourceDesc>
				<msDesc>
					<msIdentifier>
						<settlement>Osterburken</settlement>
						<repository>Römermuseum</repository>
						<idno>107, 88</idno>
					</msIdentifier>
					<msContents>
						<summary>Weihinschrift</summary>
					</msContents>
					<physDesc>
						<objectDesc>
							<supportDesc>
								<support> <p/> <material> <ref type="context" target="context:fercan.material." ana="https://gams.uni-graz.at/o:fercan.arch"/> </material>
									<objectType>Weihestein</objectType> <dimensions>
										<height unit="cm">145</height>
										<width unit="cm">63</width>
										<depth unit="cm">28</depth>
									</dimensions> <note type="dimensions" anchored="true"> </note> </support>
								<condition> <ref type="context" target="context:fercan.condition" ana="https://gams.uni-graz.at/o:fercan.arch#C.130400">vollständig</ref> </condition>
							</supportDesc>
							<layoutDesc>
								<layout> <p><p>Die Inschrift füllt das von einer Zierleiste gerahmte Textfeld vollständig aus, die Buchstaben sind regelmäßig.</p><p>Im Inschriftenfeld befanden sich noch Reste einer gelblich-weißen Übermalung (Schallmayer 1985, 401; Schallmayer et al. 1990, 136).<br/></p><p>Für Ligaturen: s. Majuskelumschrift – Besondere Zeichen: In Z.1 Iuno und in Z.5 Dis jeweils mit elongiertem I. In Z.4 über dem O ein apex. In Z.7 das O und C bedeutend kleiner zwischen L und I eingeschrieben. In Z.12 ist, wie üblich, über der Zahl VIII ein waagrechter Strich gesetzt. In Z.13 das steht nicht das Sonderzeichen für beneficarius sondern B und F seperat, dennoch ist das B mit einer Querhaste versehen. Das O ist etwas kleiner zwischen C und S eingeschrieben. In allen Zeilen bis auf Z. 4, Z.6 und Z.8 befinden sich korrekt gesetzte Wortrenner, außer in Z.7 wo zwischen Genius und Loci für einen solchen kein Platz mehr war.</p></p> <note type="condition" anchored="true"/> </layout>
							</layoutDesc>
						</objectDesc>
						<handDesc>
							<handNote> <desc type="execution">gemeißelt</desc> <height unit="cm" atLeast="0" atMost="0"/> </handNote>
						</handDesc>
						<decoDesc>
							<decoNote> <p/> <term ana="https://gams.uni-graz.at/o:fercan.arch#">
								<ref type="context" target="context:fercan.arch."/> </term>
							</decoNote>
						</decoDesc>
					</physDesc>
					<history>
						<origin> <origPlace> <placeName/> <region>Civitas Alisinensium</region> </origPlace> <origDate notBefore="" notAfter="" instant="false"><date> </date> <note type="original"> <ref target="context:fercan.date." type="context"> </ref> </note></origDate> </origin>
						<provenance type="found" when=""> <placeName> <ref type="context" target="context:fercan.geog.modern."/> </placeName> <p/> <location>
								<geo decls="#WGS"/>
							</location> <note anchored="true"/> </provenance>
						<provenance type="observed" subtype="autopsied"><p>non vidimus</p><p>Lesung gründet auf: EDH und Photo</p></provenance>
					</history>
				</msDesc>
				<listPlace>
					<place type="antique_term">
						<placeName><ref target="context:fercan.geog.term" type="context"/> </placeName>
					</place>
					<place type="sacral_building">
						<placeName> <ref target="context:fercan.geog.sacral." type="context"> </ref>
						</placeName>
					</place>
				</listPlace>
				<listPerson>
					<!-- Sonstige theonymische Formulare -->
					<person>
						<persName subtype="celtic_normalized_other" type="divine">
							<ref target="context:fercan.dcn.other" type="context">Iupiter Optimus Maximus; Iuno Regina; Genius Loci; dis deabusque</ref>
						</persName>
					</person>
					<!-- theonymisches formular -->
					<person>
						<persName subtype="celtic_normalized" type="divine">
							<ref target="context:fercan.dcn." type="context">Mars Exalbiovix</ref>
						</persName>
					</person>
					<!-- keltisches götternamenelement  -->
					<person>
						<persName subtype="celtic_element" type="divine">
							<ref target="context:fercan.dce." type="context">Exalbiovix</ref>
						</persName>
					</person>
					<person>
						<persName type="cognomen"> <ref target="context:fercan.person.cognomen" type="context">Respectus</ref> </persName>
					</person>
					<person>
						<persName> <roleName type="religious"> <ref target="context:fercan.person.religious" type="context"> </ref>
						</roleName> </persName>
					</person>
					<person>
						<persName type="gentilnomen"><ref target="context:fercan.person.gentilnomen." type="context">Melicius</ref></persName>
					</person>
					<person>
						<persName> <roleName type="other"> <ref target="context:fercan.person.other." type="context"> </ref> </roleName>
						</persName>
					</person>
					<person>
						<persName> <roleName type="military"> <ref target="context:fercan.person.military." type="context">miles; beneficiarius consularis</ref>
						</roleName> </persName>
					</person>
					<person>
						<persName> <roleName type="office"> <ref target="context:fercan.person.office." type="context"> </ref>
						</roleName> </persName>
					</person>
					<person>
						<persName type="sovereign"> <ref target="context:fercan.person.sovereign." type="context"> </ref> </persName>
					</person>
				</listPerson>
				<listOrg>
					<org type="admin_unit">
						<orgName> <ref target="context:fercan.org.admin." type="context"> </ref>
						</orgName>
					</org>
					<org type="military_unit">
						<orgName><ref target="context:fercan.org.military." type="context">legio VIII Augusta</ref></orgName>
					</org>
					<org type="population_group">
						<orgName> <ref target="context:fercan.org.population." type="context">
						</ref> </orgName>
					</org>
				</listOrg>
			</sourceDesc>
		</fileDesc>
		<encodingDesc>
			<geoDecl xml:id="WGS" datum="WGS84">World Geodetic System</geoDecl>
			<editorialDecl>
				<p>Digitale Repräsentation konform mit EpiDoc: http://epidoc.sourceforge.net</p>
				<p>Majuskel und Minuskel ausgeführt nach Leidener Klammersystem, Majuskel bildet
					Inschrift originalgetreu ab, Minuskel enthält editorische Hinzufügungen</p>
			</editorialDecl>
			<projectDesc>
				<p>Die keltischen Götternamen in den Inschriften der römischen Provinz Germania
					Inferior. Eine Fallstudie zu Religion im Kontext von Kulturkontakt und
					Kulturtransfer (FWF – Projekt P 29274-G25 )</p>
				<p>Das Forschungsprojekt beabsichtigt, sämtliche keltischen Götternamen, die sich in
					lateinischen Inschriften der römischen Provinz Germania Inferior erhaltenen
					haben, zusammenzustellen und auszuwerten. Die gewählte Quellengrundlage
					erscheint besonders geeignet Erscheinungsformen zu untersuchen, welche auf
					religiöser Ebene durch das Zusammentreffen von verschiedenen kulturellen
					Einflüssen entstanden sind. Diese sind hier einerseits definiert durch die
					Verwendung der keltischen Sprache, andererseits durch die lateinische Sprache
					und durch Formen aus dem Inneren des Imperium Romanum, die man mit dem Etikett
					„römisch“ versehen kann. Das Interesse gilt dabei nicht nur religiösen, sondern
					auch damit verbundenen gesellschaftlichen Aspekten und den entsprechenden
					Mentalitäten. Doch soll damit auch zu einem verbesserten Gesamtbild der
					Provinzialreligion in Niedergermanien beigetragen werden.<lb/> Die
					Abschlusspublikation wird ergänzt um einen ausführlichen
					sprachwissenschaftlichen Kommentar (von Patrizia de Bernardo Stempel) in der
					Reihe ‚Corpus - F.E.R.C.AN. (Fontes epigraphici religionum Celticarum
					antiquarum)‘ erscheinen. </p>
			</projectDesc>
		</encodingDesc>
		<profileDesc>
			<langUsage>
				<language ident="la">Latein</language>
			</langUsage>
			<textClass>
				<keywords>
					<list>
						<item> <ref target="context:fercan.dedication." type="context">pro se et suis; votum solvit libens merito</ref> </item>
						<item> <ref target="context:fercan.character." type="context"> </ref> </item>
						<item> <ref target="context:fercan.other." type="context"> </ref> </item>
						<item> <ref target="context:fercan.rel.other." type="context"> </ref> </item>
						<!-- Belegform gesamt  -->
						<item> <ref target="context:fercan.divinepart." type="context">Marti Exalbiovici</ref> </item>
					</list>
				</keywords>
			</textClass>
		</profileDesc>
		<revisionDesc>
			<change when="2019" n="1" corresp="https://gams.uni-graz.at/o:fercan.1/TEI_SOURCE.2020-02-26">Initial
				Version</change>
			<change when="2020" n="2" corresp="https://gams.uni-graz.at/o:fercan.1/TEI_SOURCE.2022-03-07">Version
				2</change>
			<change when="2022" n="3">Version 3</change>
		</revisionDesc>
	</teiHeader>
	<facsimile>
		<graphic mimeType="image/jpeg" xml:id="IMAGE.1" url="1123_front.jpg">
			<desc>Front, Archäologisches Landesmuseum Baden-Württemberg, Foto: Ortolf Harl 2015</desc>
		</graphic>
	
            <!-- todo: @xml:id-->
            <graphic mimeType="image/jpeg" url="1123_front_IS.jpg">
                <desc>Front, CIL XIII Projekt, CC BY-NC</desc>
            </graphic>
        
            <!-- todo: @xml:id-->
            <graphic mimeType="image/jpeg" url="1123_re.jpg">
                <desc>rechts, Archäologisches Landesmuseum Baden-Württemberg, Foto: Ortolf Harl 2015</desc>
            </graphic>
        
            <!-- todo: @xml:id-->
            <graphic mimeType="image/jpeg" url="1123_li.jpg">
                <desc>links, Archäologisches Landesmuseum Baden-Württemberg, Foto: Ortolf Harl 2015</desc>
            </graphic>
        </facsimile>
	<text>
		<body>
			<ab> <ref target="context:fercan" type="context">FERCAN</ref> </ab>
			<div subtype="editions" type="bibliography" org="uniform" sample="complete">
				<listBibl>
					<bibl xml:id="1">AE 1985, 692 </bibl>
				
            
        
            <bibl xml:id="2">Schallmayer 1985, 401 Nr.8</bibl>
        
            <bibl xml:id="3">Schallmayer et a. 1990, Nr.150</bibl>
        
            <bibl xml:id="4">Kemkes/Willburger 2004, 112 Abb.93</bibl>
        
            <bibl xml:id="5">Schipp 2016, 89 Anm.107</bibl>
        
            <bibl xml:id="6">Cubaynes 2018, 474f Nr.91</bibl>
        
            <bibl xml:id="7"> Scheungraber 2020, 271</bibl>
        
            <bibl xml:id="8">Ferlut 2022, Nr.371 </bibl>
        </listBibl>
			</div>
			<div subtype="concordances" type="bibliography" org="uniform" sample="complete">
				<listBibl>
					<bibl type="EDCS"><idno>EDCS-08300479</idno><date>zuletzt abgerufen 2024-03-20</date></bibl>
					<bibl type="EDH"><idno>HD002072</idno><date>Version von 2019-05-23</date></bibl>
					<bibl type="trismegistos"><idno>https://www.trismegistos.org/text/209817</idno><date>zuletzt abgerufen 2024-03-20</date></bibl>
					<bibl type="lupa"><idno>lupa.at/25511</idno><date>Version von 2022-12-30</date></bibl>
					<bibl type="other"><idno> </idno><date> </date></bibl>
				</listBibl>
			</div>
			<div type="edition" subtype="diplomatic" xml:id="majuscule" xml:lang="la" xml:space="preserve" org="uniform" sample="complete">
				<ab><lb n="1"/>I<g type="interpunct">▴</g>O<g type="interpunct">▴</g>M<g type="interpunct">▴</g>ET<g type="interpunct">▴</g>IV
<lb n="2"/>NO<hi rend="ligature">NI</hi><g type="interpunct">▴</g>REG<hi rend="ligature">IN</hi><g type="interpunct">▴</g>
<lb n="3"/>ET<g type="interpunct">▴</g>MAR<hi rend="ligature">TI</hi><g type="interpunct">▴</g>EX
<lb n="4"/>ALBIOVICI
<lb n="5"/>DIS<g type="interpunct">▴</g>DEAB<g type="interpunct">▴</g>Q
<lb n="6"/>OMNIBVS
<lb n="7"/>ET<g type="interpunct">▴</g>GENIO<g type="interpunct">▴</g>LOCI<g type="interpunct">▴</g>
<lb n="8"/>PRO SE EI SVIS
<lb n="9"/>Q<g type="interpunct">▴</g>MELICI
<lb n="10"/>VS RESPEC
<lb n="11"/>TVS<g type="interpunct">▴</g>MILES
<lb n="12"/>LEG<g type="interpunct">▴</g>VIII<g type="interpunct">▴</g>AVG
<lb n="13"/>BF COS<g type="interpunct">▴</g>V<g type="interpunct">▴</g>S<g type="interpunct">▴</g>L<g type="interpunct">▴</g>M<orig/></ab></div>
			<div type="edition" xml:lang="la" xml:id="minuscule" subtype="normalised" xml:space="preserve" org="uniform" sample="complete"><ab><lb n="1"/><expan><abbr>I</abbr><ex>ovi</ex></expan> <expan><abbr>O</abbr><ex>ptimo</ex></expan> <expan><abbr>M</abbr><ex>aximo</ex></expan> et Iu
<lb n="2" break="no"/>noni <expan><abbr>Regin</abbr><ex>ae</ex></expan>
<lb n="3"/>et Marti Ex
<lb n="4" break="no"/>albovici
<lb n="5"/>dis <expan><abbr>deab</abbr><ex>us</ex><abbr>q</abbr><ex>ue</ex></expan>
<lb n="6"/>omnibus
<lb n="7"/>et Genio loci
<lb n="8"/>pro se ei suis
<lb n="9"/><expan><abbr>Q</abbr><ex>uintus</ex></expan> Melici
<lb n="10" break="no"/>us Respec
<lb n="11" break="no"/>tus miles
<lb n="12"/><expan><abbr>leg</abbr><ex>ionis</ex></expan> VIII <expan><abbr>Aug</abbr><ex>ustae</ex></expan>
<lb n="13"/><expan><abbr>b</abbr><ex>ene</ex><abbr>f</abbr><ex>iciarius</ex></expan> <expan><abbr>co</abbr><ex>n</ex><abbr>s</abbr><ex>ularis</ex></expan> <expan><abbr>v</abbr><ex>otum</ex></expan> <expan><abbr>s</abbr><ex>olvit</ex></expan> <expan><abbr>l</abbr><ex>ibens</ex></expan> <expan><abbr>m</abbr><ex>erito</ex></expan></ab></div>
			<div type="translation" xml:lang="de" org="uniform" sample="complete">
				<p><p>Für <rs type="divine">Iupiter Optimus Maximus</rs> und <i>Juno Regina</i>, und <i>Mars Exalbiovix</i>, alle übrigen Götter und Göttinen und den Genius Loci!</p><p>Für sich und die Seinen hat Quintus Melicius Respectus, Soldat der legio VIII Augusta (und) beneficiarius consularis, das Gelübde gerne und verdientermaßen eingelöst.<br/></p></p>
			</div>
			<div type="translation" xml:lang="en" org="uniform" sample="complete">
				<p><p>To <rs type="divine">Iupiter Optimus Maximus</rs> and <i>Juno Regina</i> and <i>Mars Exalbiovix</i>, all gods and godesses and the <i>Genius Loci</i>!</p><p>For himself and for his family has Quintus Melicius Respectus, soldier of legio VIII Augusta (and) beneficarius consularis, fulfilled a vow willingly and deservedly.</p></p>
			</div>
			<div type="apparatus" org="uniform" sample="complete">
				<app loc="8">
					<note anchored="true">se et suis – AE, Schallmayer (1985), Schipp, Cubaynes, EDH, Scheungraber, Ferlut; se e&lt;t&gt; suis – Schallmayer et al., Kemkes/Willburger</note>
				</app>
			
            
        </div>
			<div type="commentary" subtype="general" org="uniform" sample="complete"><p>Quintus Melicius Respectus: tria nomina</p><p>Melicius: einheimisches Pseudogentil (mit keltischer Basis?), nur in dieser Inschrift belegt (Kakoschke 2021, GN 802)</p><p>Respectus: lateinischer Name, weit verbreitet (Kakoschke 2021, CN 2590)<p> </p>
			</p></div>
			<div type="commentary" subtype="language" org="uniform" sample="complete">
				<p>v.8: <span style="font-size:12.0pt;line-height:107%; font-family:">„ei</span><span style="font-size:12.0pt;line-height:107%; font-family:">”</span> pro 
                    <span style="font-size:12.0pt;line-height:107%; font-family:">„</span>et<span style="font-size:12.0pt;line-height:107%; font-family:">”</span></p>
			</div>
			<div type="commentary" subtype="deity" org="uniform" sample="complete">
				<p> </p>
			</div>
			<linkGrp type="alignment" domains="#majuscule #minuscule">
			</linkGrp>
		</body>
		<back>
			<note type="Objbeschr_note"/>
			<note type="ArchKlass_note"/>
			<note type="Material_note"/>
			<note type="Inschrifttraeger_note"/>
			<note type="VerwahrortOrt_note"/>
			<note type="InvNr_note"><p>Schallmayer et al. 1990, 136<br/></p></note>
			<note type="Fundstelle_note"/>
			<note type="Fundumst_note"/>
			<note type="Fundjahr_note"/>
			<note type="FOantik_note"/>
			<note type="FOmodern_note"/>
			<note type="civitas_note"/>
			<note type="Autopsie_note"/>
			<note type="Appcrit_note"/>
			<note type="Abb_note"/>
			<note type="englUEbers_note"/>
			<note type="dtUEbers_note"/>
			<note type="Editionen_note"/>
			<note type="ErhzustObj_note"/>
			<note type="Masse_note"><p>Schallmayer<br/></p></note>
			<note type="Ikonogr_note"/>
			<note type="Inschrtext_note"/>
			<note type="ErhzustInschr_note"/>
			<note type="Schrifttechnik_note"/>
			<note type="Buchsthoehe_note"/>
			<note type="Notvar_note"/>
			<note type="KommGoettern_note"/>
			<note type="SonstKomm_note"/>
			<note type="Datierung_note">                                                    <p>lupa 180-190 n.CHr.</p>
                                                    <p>EDH: 171 AD – 200 AD</p>
                                                    <p>Schallmayer et al. 1990, 137, Cubaynes 2018, 376: um 185 (nach der Fundstelle im Weihebezirk)<br/></p></note>
			<note type="ElektronischeRessourcen_note"/>
			<note type="Index_note"/>
		</back>
	</text>
</TEI>