<TEI xmlns="http://www.tei-c.org/ns/1.0" xml:id="superior141" n="">
	<teiHeader xml:lang="en">
		<fileDesc>
			<titleStmt>
				<title type="full"><title type="main">Mercurius Visucius | Visucia</title><title type="sub">CF-GeS-1131</title></title>
				<respStmt>
					<resp>Inschriftenedition</resp>
					<persName><forename>Werner</forename><surname>Petermandl</surname></persName>
				</respStmt>
				<respStmt>
					<resp>Archäologische Beschreibung und geografische Daten</resp>
					<persName><forename>Astrid</forename><surname>Schmölzer</surname></persName>
				</respStmt>
				<funder ref="https://www.fwf.ac.at">Austrian Science Fund (FWF): P 9274-G25</funder>
			</titleStmt>
			<publicationStmt>
				<publisher><link target="https://antike.uni-graz.at"/><orgName ref="https://d-nb.info/gnd/1213531357">Institut für Antike, Fachbereich Alte
					Geschichte und Epigraphik, Karl-Franzens-Universität Graz</orgName></publisher>
				<authority><link target="https://informationsmodellierung.uni-graz.at"/><orgName ref="http://d-nb.info/gnd/1137284463">Zentrum für Informationsmodellierung -
					Austrian Centre for Digital Humanities, Karl-Franzens-Universität
					Graz</orgName></authority>
				<distributor><link target="https://gams.uni-graz.at"/><orgName full="yes">GAMS -
					Geisteswissenschaftliches Asset Management System</orgName></distributor>
				<date when="2022">2022</date>
				<pubPlace>Graz</pubPlace>
				<idno type="PID">o:fercan.141</idno>
				<availability>
					<licence target="https://creativecommons.org/licenses/by-nc/4.0">Creative
						Commons BY-NC 4.0</licence>
				</availability>
			</publicationStmt>
			<seriesStmt>
				<title ref="https://gams.uni-graz.at/fercan">FERCAN: Fontes Epigraphici Religionum
					Celticarum Antiquarum</title>
				<respStmt>
					<resp>Projektleitung</resp>
					<persName><forename>Wolfgang</forename><surname>Spickermann</surname></persName>
				</respStmt>
			</seriesStmt>
			<sourceDesc>
				<msDesc>
					<msIdentifier>
						<settlement>Stuttgart</settlement>
						<repository>Württembergisches Landesmuseum</repository>
						<idno>RL 374</idno>
					</msIdentifier>
					<msContents>
						<summary>Weihinschrift</summary>
					</msContents>
					<physDesc>
						<objectDesc>
							<supportDesc>
								<support> <p/> <material> <ref type="context" target="context:fercan.material." ana="https://gams.uni-graz.at/o:fercan.arch"/> </material>
									<objectType>Weihestein</objectType> <dimensions>
										<height unit="cm">48</height>
										<width unit="cm">109</width>
										<depth unit="cm">34</depth>
									</dimensions> <note type="dimensions" anchored="true">Die angegebenen Maße sind die des erhaltenen Objekts.</note> </support>
								<condition> <ref type="context" target="context:fercan.condition" ana="https://gams.uni-graz.at/o:fercan.arch#C.130500">weitgehend vollständig</ref> </condition>
							</supportDesc>
							<layoutDesc>
								<layout> <p><p>Die Inschrift füllt den Sockel vollständig aus und bis auf einen Ausbruch im linken unteren Eck vollständig erhalten. Die Buchstaben sind regelmäßig, werden nach unten hin kleiner und sind ab Z.2 in zunehmender stärke abgerieben aber noch lesbar.</p><p>Am Ende von Z.3 ist durch einen Ausbruch die obere Hälfte des S beschädigt. Durch das ausgebrochene Eck in Z.4 der untere Bogen vom S beschädigt, während in Z.5 das C verloren gegangen und vom I nur mehr der obere Teil sichtbar ist. </p><p>Zu Ligaturen: s. Majuskelumschrift – Besondere Zeichen: In allen Zeilen sind Worttrenenr korrekt gesetzt. Die V in Z.5 waren, soweit erkennbar, alle kleiner geschrieben als die übrigen Buchstaben der Zeile.<br/></p></p> <note type="condition" anchored="true"/> </layout>
							</layoutDesc>
						</objectDesc>
						<handDesc>
							<handNote> <desc type="execution">gemeißelt</desc> <height unit="cm" atLeast="5.0" atMost="7.0">5,0–7,0</height> </handNote>
						</handDesc>
						<decoDesc>
							<decoNote> <p/> <term ana="https://gams.uni-graz.at/o:fercan.arch#">
								<ref type="context" target="context:fercan.arch."/> </term>
							</decoNote>
						</decoDesc>
					</physDesc>
					<history>
						<origin> <origPlace> <placeName>Grinario</placeName> <region>Civitas Sumelocennensis</region> </origPlace> <origDate notBefore="" notAfter="" instant="false"><date> </date> <note type="original"> <ref target="context:fercan.date." type="context"> </ref> </note></origDate> </origin>
						<provenance type="found" when=""> <placeName> <ref type="context" target="context:fercan.geog.modern."/> </placeName> <p/> <location>
								<geo decls="#WGS"/>
							</location> <note anchored="true"/> </provenance>
						<provenance type="observed" subtype="autopsied"><p>vidimus (CIL XIII Projekt)<br/></p></provenance>
					</history>
				</msDesc>
				<listPlace>
					<place type="antique_term">
						<placeName><ref target="context:fercan.geog.term" type="context"/> </placeName>
					</place>
					<place type="sacral_building">
						<placeName> <ref target="context:fercan.geog.sacral." type="context"> </ref>
						</placeName>
					</place>
				</listPlace>
				<listPerson>
					<!-- Sonstige theonymische Formulare -->
					<person>
						<persName subtype="celtic_normalized_other" type="divine">
							<ref target="context:fercan.dcn.other" type="context"> </ref>
						</persName>
					</person>
					<!-- theonymisches formular -->
					<person>
						<persName subtype="celtic_normalized" type="divine">
							<ref target="context:fercan.dcn." type="context">Mercurius Visucius</ref>
						</persName>
					</person>
					<!-- keltisches götternamenelement  -->
					<person>
						<persName subtype="celtic_element" type="divine">
							<ref target="context:fercan.dce." type="context">Visucius</ref>
						</persName>
					</person>
					<person>
						<persName type="cognomen"> <ref target="context:fercan.person.cognomen" type="context">Secundinus</ref> </persName>
					</person>
					<person>
						<persName> <roleName type="religious"> <ref target="context:fercan.person.religious" type="context"> </ref>
						</roleName> </persName>
					</person>
					<person>
						<persName type="gentilnomen"><ref target="context:fercan.person.gentilnomen." type="context">Quartionius</ref></persName>
					</person>
					<person>
						<persName> <roleName type="other"> <ref target="context:fercan.person.other." type="context"> </ref> </roleName>
						</persName>
					</person>
					<person>
						<persName> <roleName type="military"> <ref target="context:fercan.person.military." type="context"> </ref>
						</roleName> </persName>
					</person>
					<person>
						<persName> <roleName type="office"> <ref target="context:fercan.person.office." type="context">decurio civitatis Sumelocennensis</ref>
						</roleName> </persName>
					</person>
					<person>
						<persName type="sovereign"> <ref target="context:fercan.person.sovereign." type="context"> </ref> </persName>
					</person>
				</listPerson>
				<listOrg>
					<org type="admin_unit">
						<orgName> <ref target="context:fercan.org.admin." type="context">civitas Sumelocennensis</ref>
						</orgName>
					</org>
					<org type="military_unit">
						<orgName><ref target="context:fercan.org.military." type="context">
						</ref></orgName>
					</org>
					<org type="population_group">
						<orgName> <ref target="context:fercan.org.population." type="context">
						</ref> </orgName>
					</org>
				</listOrg>
			</sourceDesc>
		</fileDesc>
		<encodingDesc>
			<geoDecl xml:id="WGS" datum="WGS84">World Geodetic System</geoDecl>
			<editorialDecl>
				<p>Digitale Repräsentation konform mit EpiDoc: http://epidoc.sourceforge.net</p>
				<p>Majuskel und Minuskel ausgeführt nach Leidener Klammersystem, Majuskel bildet
					Inschrift originalgetreu ab, Minuskel enthält editorische Hinzufügungen</p>
			</editorialDecl>
			<projectDesc>
				<p>Die keltischen Götternamen in den Inschriften der römischen Provinz Germania
					Inferior. Eine Fallstudie zu Religion im Kontext von Kulturkontakt und
					Kulturtransfer (FWF – Projekt P 29274-G25 )</p>
				<p>Das Forschungsprojekt beabsichtigt, sämtliche keltischen Götternamen, die sich in
					lateinischen Inschriften der römischen Provinz Germania Inferior erhaltenen
					haben, zusammenzustellen und auszuwerten. Die gewählte Quellengrundlage
					erscheint besonders geeignet Erscheinungsformen zu untersuchen, welche auf
					religiöser Ebene durch das Zusammentreffen von verschiedenen kulturellen
					Einflüssen entstanden sind. Diese sind hier einerseits definiert durch die
					Verwendung der keltischen Sprache, andererseits durch die lateinische Sprache
					und durch Formen aus dem Inneren des Imperium Romanum, die man mit dem Etikett
					„römisch“ versehen kann. Das Interesse gilt dabei nicht nur religiösen, sondern
					auch damit verbundenen gesellschaftlichen Aspekten und den entsprechenden
					Mentalitäten. Doch soll damit auch zu einem verbesserten Gesamtbild der
					Provinzialreligion in Niedergermanien beigetragen werden.<lb/> Die
					Abschlusspublikation wird ergänzt um einen ausführlichen
					sprachwissenschaftlichen Kommentar (von Patrizia de Bernardo Stempel) in der
					Reihe ‚Corpus - F.E.R.C.AN. (Fontes epigraphici religionum Celticarum
					antiquarum)‘ erscheinen. </p>
			</projectDesc>
		</encodingDesc>
		<profileDesc>
			<langUsage>
				<language ident="la">Latein</language>
			</langUsage>
			<textClass>
				<keywords>
					<list>
						<item> <ref target="context:fercan.dedication." type="context">ex iussu; votum solvit libens merito</ref> </item>
						<item> <ref target="context:fercan.character." type="context"> </ref> </item>
						<item> <ref target="context:fercan.other." type="context"> </ref> </item>
						<item> <ref target="context:fercan.rel.other." type="context"> </ref> </item>
						<!-- Belegform gesamt  -->
						<item> <ref target="context:fercan.divinepart." type="context">deo Mercurio Visucio; sa(n)ct(a)e Visuci(a)e</ref> </item>
					</list>
				</keywords>
			</textClass>
		</profileDesc>
		<revisionDesc>
			<change when="2019" n="1" corresp="https://gams.uni-graz.at/o:fercan.1/TEI_SOURCE.2020-02-26">Initial
				Version</change>
			<change when="2020" n="2" corresp="https://gams.uni-graz.at/o:fercan.1/TEI_SOURCE.2022-03-07">Version
				2</change>
			<change when="2022" n="3">Version 3</change>
		</revisionDesc>
	</teiHeader>
	<facsimile>
		<graphic mimeType="image/jpeg" xml:id="IMAGE.1" url="1131_front1.jpg">
			<desc>Front, CIL XIII Projekt, CC BY-NC</desc>
		</graphic>
	
            <!-- todo: @xml:id-->
            <graphic mimeType="image/jpeg" url="1131_front2.jpg">
                <desc>Front, Stuttgart - Landesmuseum Württemberg Foto: Ortolf Harl</desc>
            </graphic>
        </facsimile>
	<text>
		<body>
			<ab> <ref target="context:fercan" type="context">FERCAN</ref> </ab>
			<div subtype="editions" type="bibliography" org="uniform" sample="complete">
				<listBibl>
					<bibl xml:id="1">Brambach 1867 (Corpus), Nr.1581</bibl>
				
            <bibl xml:id="2">CIL XIII 6384</bibl>
        
            <bibl xml:id="3">Haug/Sixt 1914, 303 Nr.184</bibl>
        
            <bibl xml:id="4">Riese 1914, Nr.2166</bibl>
        
            <bibl xml:id="5">ILS 4608</bibl>
        
            <bibl xml:id="6">Mettler 1907, 40 Nr.7</bibl>
        
            <bibl xml:id="7">Espérandieu 1931, Nr.595</bibl>
        
            <bibl xml:id="8">Filtzinger/Plack/Cämmerer 1976, 476</bibl>
        
            <bibl xml:id="9">Filtzinger 1980, N.25</bibl>
        
            <bibl xml:id="10">Unz 1982, 96</bibl>
        
            <bibl xml:id="11">Luik/Reutti 1988, 43</bibl>
        
            <bibl xml:id="12">Heiligmann 1993, 102f Nr.13</bibl>
        
            <bibl xml:id="13">Hupe 1997, 166f Nr.86</bibl>
        
            <bibl xml:id="14">Kakoschke 2002, Nr.1.138</bibl>
        
            <bibl xml:id="15">Schipp 2016, 82 Anm.54</bibl>
        
            <bibl xml:id="16">Scheungraber 2020, 605 Nr.7</bibl>
        
            <bibl xml:id="17">Ferlut 2022, Nr.1136</bibl>
        </listBibl>
			</div>
			<div subtype="concordances" type="bibliography" org="uniform" sample="complete">
				<listBibl>
					<bibl type="EDCS"><idno>EDCS-11000395</idno><date>zuletzt abgerufen 2024-04-10</date></bibl>
					<bibl type="EDH"><idno>HD036821</idno><date>Version von 2020-04-09</date></bibl>
					<bibl type="trismegistos"><idno>https://www.trismegistos.org/text/211051</idno><date>zuletzt abgerufen 2024-04-10</date></bibl>
					<bibl type="lupa"><idno>https://lupa.at/7388</idno><date>Version von 2023-01-02</date></bibl>
					<bibl type="other"><idno>https://cil.bbaw.de/ace/id/43000</idno><date>zuletzt abgerufen 2024-04-10</date></bibl>
				</listBibl>
			</div>
			<div type="edition" subtype="diplomatic" xml:id="majuscule" xml:lang="la" xml:space="preserve" org="uniform" sample="complete">
				<ab><lb n="1"/>DEO<g type="interpunct">▴</g>MERCVRIO<g type="interpunct">▴</g>VI
<lb n="2"/>SVCIO<g type="interpunct">▴</g><hi rend="ligature">ET</hi><g type="interpunct">▴</g>SAC<hi rend="ligature">TE</hi><g type="interpunct">▴</g>VISV
<lb n="3"/>CIE<g type="interpunct">▴</g>P<g type="interpunct">▴</g>QVARTIONIVS
<lb n="4"/>SECVNDINVS<g type="interpunct">▴</g>DECV
<lb n="5"/><gap reason="lost" quantity="1" unit="character"/>IVI<g type="interpunct">▴</g>SVMA<g type="interpunct">▴</g>EX<g type="interpunct">▴</g>IV<g type="interpunct">▴</g>V<g type="interpunct">▴</g>S<g type="interpunct">▴</g>L<g type="interpunct">▴</g>M<orig/></ab></div>
			<div type="edition" xml:lang="la" xml:id="minuscule" subtype="normalised" xml:space="preserve" org="uniform" sample="complete"><ab><lb n="1"/>Deo Mercurio Vi
<lb n="2" break="no"/>sucio et <expan><abbr>sa</abbr><ex>n</ex><abbr>ct</abbr><ex>a</ex></expan>e Visu
<lb n="3" break="no"/><expan><abbr>ci</abbr><ex>a</ex>e</expan> <expan><abbr>P</abbr><ex>ublius</ex></expan> Quartionius
<lb n="4"/>Secundinus <expan><abbr>decu</abbr><ex>rio</ex></expan>
<lb n="5"/><expan><abbr><supplied reason="lost">c</supplied>ivi</abbr><ex>tatis</ex></expan> <expan><abbr>Suma</abbr><ex>locennensis</ex></expan> ex <expan><abbr>iu</abbr><ex>ssu</ex></expan> <expan><abbr>v</abbr><ex>otum</ex></expan> <expan><abbr>s</abbr><ex>olvit</ex></expan> <expan><abbr>l</abbr><ex>ibens</ex></expan> <expan><abbr>m</abbr><ex>erito</ex></expan></ab></div>
			<div type="translation" xml:lang="de" org="uniform" sample="complete">
				<p><p>Für den Gott <rs type="divine">Mercurius Visucius</rs> und der heiligen <i>Visucia</i>!<br/>Publius Quartionius Secundinus, Decurio der civitas Sumelocennensis, hat auf (deren) Geheiß das Gelübde gerne und verdientermaßen erfüllt.</p></p>
			</div>
			<div type="translation" xml:lang="en" org="uniform" sample="complete">
				<p><p>To the god <rs type="divine">Mercurius Visucius</rs> and to sacred <i>Visucia</i>!<br/>Publius Quartionius Secundinus, decurion of the civitas Sumelocennensis, by (their) order has fulfilled a vow willingly and deservedly.</p></p>
			</div>
			<div type="apparatus" org="uniform" sample="complete">
				<app loc="2">
					<note anchored="true">sa(n)cte – Riese; san(c)tae – Espérandieu, Unz</note>
				</app>
			
            <app loc="3">
                <note anchored="true">cie – Riese </note>
            </app>
        
            <app loc="5">
                <note anchored="true">TX iussu – Brambach; ohne ivi vor Suma(locennensis) – Espérandieu; civi(tatis) – Filtzinger (u.a.); Sum&lt;e=A&gt;(locennensis) – Scheungraber</note>
            </app>
        </div>
			<div type="commentary" subtype="general" org="uniform" sample="complete"><p>P. Quartionius Secundinus: tria nomina</p><p>Quartionius: einheimisches Pseudogentilnomen, abgeleitet vom lateinischen Namen Quartio, sehr selten (Kakoschke 2021, GN 1049)</p><p>Secundinus: lateinischer Name, Weiterbildung von Secundus, äußerst gängiger Name (Kakoschke 2021, CN 2771)<p> </p>
			</p></div>
			<div type="commentary" subtype="language" org="uniform" sample="complete">
				<p><p>v.2: „sacte” pro „sanctae”</p><p>v.2/3: „Visucie” pro „Visuciae”</p><p>v.5: „Sumalocennensis” pro „Sumelovennensis”</p></p>
			</div>
			<div type="commentary" subtype="deity" org="uniform" sample="complete">
				<p> </p>
			</div>
			<linkGrp type="alignment" domains="#majuscule #minuscule">
			</linkGrp>
		</body>
		<back>
			<note type="Objbeschr_note"/>
			<note type="ArchKlass_note"/>
			<note type="Material_note"/>
			<note type="Inschrifttraeger_note"/>
			<note type="VerwahrortOrt_note"/>
			<note type="InvNr_note">                                                    <p>lupa, Hupe 1997, 166, Karteikarte 6384 S.20<br/></p></note>
			<note type="Fundstelle_note"/>
			<note type="Fundumst_note"><p>Gefunden am 11. Juli 1832 zwischen dem Dorf und den Burgäckern - Mettler 1907, 40-41<br/></p></note>
			<note type="Fundjahr_note"/>
			<note type="FOantik_note"><p>EDH<br/></p></note>
			<note type="FOmodern_note"/>
			<note type="civitas_note"/>
			<note type="Autopsie_note"/>
			<note type="Appcrit_note"/>
			<note type="Abb_note"/>
			<note type="englUEbers_note"/>
			<note type="dtUEbers_note"/>
			<note type="Editionen_note"/>
			<note type="ErhzustObj_note"/>
			<note type="Masse_note">                                                    <p>EDH, Filtzinger 1980, 62<br/></p></note>
			<note type="Ikonogr_note"/>
			<note type="Inschrtext_note"/>
			<note type="ErhzustInschr_note"/>
			<note type="Schrifttechnik_note"/>
			<note type="Buchsthoehe_note"><p>EDH<br/></p></note>
			<note type="Notvar_note"/>
			<note type="KommGoettern_note"/>
			<note type="SonstKomm_note"/>
			<note type="Datierung_note">                                                    <p>EDH 101-250 AD</p><p>Mettler, Filtzinger 180- (wegen Deo und Sancta vorangestellt, so Riese Westdeutsche Zeitschrift 1898, 15)<br/></p></note>
			<note type="ElektronischeRessourcen_note"/>
			<note type="Index_note"/>
		</back>
	</text>
</TEI>