<TEI xmlns="http://www.tei-c.org/ns/1.0" xml:id="superior40" n="">
	<teiHeader xml:lang="en">
		<fileDesc>
			<titleStmt>
				<title type="full"><title type="main">Epona</title><title type="sub"> CF-GeS-1084</title></title>
				<respStmt>
					<resp>Inschriftenedition</resp>
					<persName><forename>Werner</forename><surname>Petermandl</surname></persName>
				</respStmt>
				<respStmt>
					<resp>Archäologische Beschreibung und geografische Daten</resp>
					<persName><forename>Astrid</forename><surname>Schmölzer</surname></persName>
				</respStmt>
				<funder ref="https://www.fwf.ac.at">Austrian Science Fund (FWF): P 9274-G25</funder>
			</titleStmt>
			<publicationStmt>
				<publisher><link target="https://antike.uni-graz.at"/><orgName ref="https://d-nb.info/gnd/1213531357">Institut für Antike, Fachbereich Alte
					Geschichte und Epigraphik, Karl-Franzens-Universität Graz</orgName></publisher>
				<authority><link target="https://informationsmodellierung.uni-graz.at"/><orgName ref="http://d-nb.info/gnd/1137284463">Zentrum für Informationsmodellierung -
					Austrian Centre for Digital Humanities, Karl-Franzens-Universität
					Graz</orgName></authority>
				<distributor><link target="https://gams.uni-graz.at"/><orgName full="yes">GAMS -
					Geisteswissenschaftliches Asset Management System</orgName></distributor>
				<date when="2022">2022</date>
				<pubPlace>Graz</pubPlace>
				<idno type="PID">o:fercan.40</idno>
				<availability>
					<licence target="https://creativecommons.org/licenses/by-nc/4.0">Creative
						Commons BY-NC 4.0</licence>
				</availability>
			</publicationStmt>
			<seriesStmt>
				<title ref="https://gams.uni-graz.at/fercan">FERCAN: Fontes Epigraphici Religionum
					Celticarum Antiquarum</title>
				<respStmt>
					<resp>Projektleitung</resp>
					<persName><forename>Wolfgang</forename><surname>Spickermann</surname></persName>
				</respStmt>
			</seriesStmt>
			<sourceDesc>
				<msDesc>
					<msIdentifier>
						<settlement>Friedberg</settlement>
						<repository>Wetterau-Museum</repository>
						<idno>R 78/42</idno>
					</msIdentifier>
					<msContents>
						<summary>Weihinschrift</summary>
					</msContents>
					<physDesc>
						<objectDesc>
							<supportDesc>
								<support> <p>                                                <p>Der Weihestein ist in mehreren kleinen Fragmenten erhalten, wobei die meisten das Inschriftenfeld bilden. Vom darüber liegenden Feld mit bildlicher Gestaltung ist kaum etwas bewahrt. Das Inschriftenfeld dürfte ungerahmt gewesen sein und es ist keine Trennung zum Bildfeld erkennbar.</p></p> <material> <ref type="context" target="context:fercan.material." ana="https://gams.uni-graz.at/o:fercan.arch#C.120220">Sandstein</ref> </material>
									<objectType>Weihestein</objectType> <dimensions>
										<height unit="cm">69</height>
										<width unit="cm"> 57,3</width>
										<depth unit="cm">7,5</depth>
									</dimensions> <note type="dimensions" anchored="true"> </note> </support>
								<condition> <ref type="context" target="context:fercan.condition" ana="https://gams.uni-graz.at/o:fercan.arch#C.130600">größere Fehlstelle/n</ref> </condition>
							</supportDesc>
							<layoutDesc>
								<layout> <p><p>Das Inschriftenfeld ist in mehreren Fragmenten erhalten. Während von Z.1 und Z.2 die Buchstaben am Ende fehlen, weist Z.3 eine zustäzliche Lücke in der Zeilenmitte auf. Von Z.4 und Z.5. sind nur wenige Buchstaben in der Mitte und am Ende erhalten. Die Buchstaben sind ‚sorgsam eingehauen‘, ‚weiter unten immer flüchtiger, schmäler und gedrängter‘ (Jacobi 1906).</p><p>Am Ende von Z.1 ist der Bogen eines Buchstabens vorhanden der seit der AE als C gelesen wird, die Zeichnung im CIL zeigt das zumindest bei der Aufnahme der heutige Zustand gegeben war. In Z.5 sind in der Mitte die rechte Schräghaste eines X sowie die Senkrechthaste eines I erhalten.</p><p>Die gesetzten Worttrenner können nur als Orientierung dienen da sie zum Teil fehlerhaft sind, etwa in Z.1 zwischen I und N gesetzt, dafür in Z.2 zwischen US und GEMATVS fehlend.<br/></p></p> <note type="condition" anchored="true"/> </layout>
							</layoutDesc>
						</objectDesc>
						<handDesc>
							<handNote> <desc type="execution">gemeißelt</desc> <height unit="cm" atLeast="2.8" atMost="3.0">2,8–3,0</height> </handNote>
						</handDesc>
						<decoDesc>
							<decoNote> <p>                                                <p>Jacobi (1906, 31, Nr.1) beschreibt die ursprünglich erhaltenen Teile: „Auf der Oberseite des Sockels sind von dem Relief der Schemel mit dem linken Fuss der demnach thronenden Göttin, links und rechts davon je ein nach aussen gewendeter Pferdefuss und zwei bis an den Rand gerückte, anscheinend runde, niedere Altäre mit lodernden Flammen erhalten. Stoll (1992, 358, Nr.III 6 1) beschreibt als ursprünglich erhalten außerdem den „Kopf der Gottheit mit einem Stück der Randleiste, Kopf, Hals und Rumpf des rechten Pferdes sowie 2 Fragmente vom linken Plattenrand.“</p>
                                                <p>Von 2012 bis 2014 wurde der Weihestein restauriert und neu rekonstruiert, im Zuge dessen die Fragmente des Originals von der Rekonstruktion getrennt wurden. Von der bildlichen Darstellung werden jetzt als Original verstanden: Die zwei Feuerschalen an den Außenrändern; jeweils links und rechts ein nach außen gerichteter Pferdehuf; der linke Fuß und der Kopf der Gottheit; der Kopf und die Brust des nach rechts schreitenden Pferdes; zwei Randstücke, die Teil der oberen Rahmung bzw. des Giebels sind.</p></p> <term ana="https://gams.uni-graz.at/o:fercan.arch#C.240100">Götterbild</term>
                      <term ana="https://gams.uni-graz.at/o:fercan.arch#C.130300">Fragment</term>
                      <term ana="https://gams.uni-graz.at/o:fercan.arch#C.254700">Feuerschale</term>
                      <term ana="https://gams.uni-graz.at/o:fercan.arch#C.254800">Pferd</term>
                      
                      
							</decoNote>
						</decoDesc>
					</physDesc>
					<history>
						<origin> <origPlace> <placeName> </placeName> <region>Civitas Taunensium</region> </origPlace> <origDate notBefore="0232" notAfter="0232" instant="false"><date>232</date> <note type="original"> <ref target="context:fercan.date." type="context">Lupo et Maximo consulibus</ref> </note></origDate> </origin>
						<provenance type="found" when="1897"> <placeName> <ref type="context" target="context:fercan.geog.modern.">Kapersburg</ref> </placeName> <p>„vor einem in der nordwestlichen Ecke des Kastells liegenden Eckeinbau verstreut“ (Mattern 2001, 87); „in der nordwestl. Eckabrundung, bei dem dort eingebauten ‚Turm‘“ (Stoll 1992, 358, Nr.III 6 1); „Kastellinnenhof vor dem Turm, die meisten u. größten Fragmente wurden in der nordwestlichen Eckabrundung bei dem dort eingebauten Turm gefunden“ (lt. Inventarkarte, Wetterau-Museum R 78_42).</p> <location>
								<geo decls="#WGS"/>
							</location> <note anchored="true">bei der Ausgrabung des Kastells (Jacobi 1898, Sp.762)</note> </provenance>
						<provenance type="observed" subtype="autopsied">                                                <p>non vidimus</p><p>Lesung gründet auf: Photo</p></provenance>
					</history>
				</msDesc>
				<listPlace>
					<place type="antique_term">
						<placeName><ref target="context:fercan.geog.term" type="context"/> </placeName>
					</place>
					<place type="sacral_building">
						<placeName> <ref target="context:fercan.geog.sacral." type="context"> </ref>
						</placeName>
					</place>
				</listPlace>
				<listPerson>
					<!-- Sonstige theonymische Formulare -->
					<person>
						<persName subtype="celtic_normalized_other" type="divine">
							<ref target="context:fercan.dcn.other" type="context"> </ref>
						</persName>
					</person>
					<!-- theonymisches formular -->
					<person>
						<persName subtype="celtic_normalized" type="divine">
							<ref target="context:fercan.dcn." type="context">Epona</ref>
						</persName>
					</person>
					<!-- keltisches götternamenelement  -->
					<person>
						<persName subtype="celtic_element" type="divine">
							<ref target="context:fercan.dce." type="context">Epona</ref>
						</persName>
					</person>
					<person>
						<persName type="cognomen"> <ref target="context:fercan.person.cognomen" type="context">Gematus; Deivus; Gadia</ref> </persName>
					</person>
					<person>
						<persName> <roleName type="religious"> <ref target="context:fercan.person.religious" type="context"> </ref>
						</roleName> </persName>
					</person>
					<person>
						<persName type="gentilnomen"><ref target="context:fercan.person.gentilnomen." type="context">Bilicius</ref></persName>
					</person>
					<person>
						<persName> <roleName type="other"> <ref target="context:fercan.person.other." type="context"> </ref> </roleName>
						</persName>
					</person>
					<person>
						<persName> <roleName type="military"> <ref target="context:fercan.person.military." type="context"> </ref>
						</roleName> </persName>
					</person>
					<person>
						<persName> <roleName type="office"> <ref target="context:fercan.person.office." type="context"> </ref>
						</roleName> </persName>
					</person>
					<person>
						<persName type="sovereign"> <ref target="context:fercan.person.sovereign." type="context"> </ref> </persName>
					</person>
				</listPerson>
				<listOrg>
					<org type="admin_unit">
						<orgName> <ref target="context:fercan.org.admin." type="context"> </ref>
						</orgName>
					</org>
					<org type="military_unit">
						<orgName><ref target="context:fercan.org.military." type="context">
						</ref></orgName>
					</org>
					<org type="population_group">
						<orgName> <ref target="context:fercan.org.population." type="context">
						</ref> </orgName>
					</org>
				</listOrg>
			</sourceDesc>
		</fileDesc>
		<encodingDesc>
			<geoDecl xml:id="WGS" datum="WGS84">World Geodetic System</geoDecl>
			<editorialDecl>
				<p>Digitale Repräsentation konform mit EpiDoc: http://epidoc.sourceforge.net</p>
				<p>Majuskel und Minuskel ausgeführt nach Leidener Klammersystem, Majuskel bildet
					Inschrift originalgetreu ab, Minuskel enthält editorische Hinzufügungen</p>
			</editorialDecl>
			<projectDesc>
				<p>Die keltischen Götternamen in den Inschriften der römischen Provinz Germania
					Inferior. Eine Fallstudie zu Religion im Kontext von Kulturkontakt und
					Kulturtransfer (FWF – Projekt P 29274-G25 )</p>
				<p>Das Forschungsprojekt beabsichtigt, sämtliche keltischen Götternamen, die sich in
					lateinischen Inschriften der römischen Provinz Germania Inferior erhaltenen
					haben, zusammenzustellen und auszuwerten. Die gewählte Quellengrundlage
					erscheint besonders geeignet Erscheinungsformen zu untersuchen, welche auf
					religiöser Ebene durch das Zusammentreffen von verschiedenen kulturellen
					Einflüssen entstanden sind. Diese sind hier einerseits definiert durch die
					Verwendung der keltischen Sprache, andererseits durch die lateinische Sprache
					und durch Formen aus dem Inneren des Imperium Romanum, die man mit dem Etikett
					„römisch“ versehen kann. Das Interesse gilt dabei nicht nur religiösen, sondern
					auch damit verbundenen gesellschaftlichen Aspekten und den entsprechenden
					Mentalitäten. Doch soll damit auch zu einem verbesserten Gesamtbild der
					Provinzialreligion in Niedergermanien beigetragen werden.<lb/> Die
					Abschlusspublikation wird ergänzt um einen ausführlichen
					sprachwissenschaftlichen Kommentar (von Patrizia de Bernardo Stempel) in der
					Reihe ‚Corpus - F.E.R.C.AN. (Fontes epigraphici religionum Celticarum
					antiquarum)‘ erscheinen. </p>
			</projectDesc>
		</encodingDesc>
		<profileDesc>
			<langUsage>
				<language ident="la">Latein</language>
			</langUsage>
			<textClass>
				<keywords>
					<list>
						<item> <ref target="context:fercan.dedication." type="context">in honorem domus divinae; posuit</ref> </item>
						<item> <ref target="context:fercan.character." type="context"> </ref> </item>
						<item> <ref target="context:fercan.other." type="context"> </ref> </item>
						<item> <ref target="context:fercan.rel.other." type="context">collegae</ref> </item>
						<!-- Belegform gesamt  -->
						<item> <ref target="context:fercan.divinepart." type="context">de(ae) Epon(ae)</ref> </item>
					</list>
				</keywords>
			</textClass>
		</profileDesc>
		<revisionDesc>
			<change when="2019" n="1" corresp="https://gams.uni-graz.at/o:fercan.1/TEI_SOURCE.2020-02-26">Initial
				Version</change>
			<change when="2020" n="2" corresp="https://gams.uni-graz.at/o:fercan.1/TEI_SOURCE.2022-03-07">Version
				2</change>
			<change when="2022" n="3">Version 3</change>
		</revisionDesc>
	</teiHeader>
	<facsimile>
		<graphic mimeType="image/jpeg" xml:id="IMAGE.1" url="1084_front.jpg">
			<desc>Front, CIL XIII Projekt, CC BY-NC</desc>
		</graphic>
	
            <!-- todo: @xml:id-->
            <graphic mimeType="image/jpeg" url="1084_front_IS1.jpg"><desc>Inschrift, CIL XIII Projekt, CC BY-NC</desc></graphic>
        
            <!-- todo: @xml:id-->
            <graphic mimeType="image/jpeg" url="1084_front_IS2.jpg"><desc>Inschrift, CIL XIII Projekt, CC BY-NC</desc></graphic>
        </facsimile>
	<text>
		<body>
			<ab> <ref target="context:fercan" type="context">FERCAN</ref> </ab>
			<div subtype="editions" type="bibliography" org="uniform" sample="complete">
				<listBibl>
					<bibl xml:id="1"> AE 1898, 76</bibl>
				
            <bibl xml:id="2">AE 1902, 174</bibl>
        
            <bibl xml:id="3">CIL XIII 7438</bibl>
        
            <bibl xml:id="4">Jacobi 1906, 31 Nr.1</bibl>
        
            <bibl xml:id="5">Riese 1914, Nr.2733</bibl>
        
            <bibl xml:id="6">Espérandieu 1931, Nr.53</bibl>
        
            <bibl xml:id="7">Euskirchen 1993, Nr.235</bibl>
        
            <bibl xml:id="8">Mattern 2001, Nr.163</bibl>
        
            <bibl xml:id="9">Ertel 2006, Nr.2.1.1</bibl>
        
            <bibl xml:id="10">Schmidt Heidenreich 2013 (Le glaive), Nr.C196</bibl>
        
            <bibl xml:id="11">Scheungraber 2020, 266 Nr.8</bibl>
        
            <bibl xml:id="12">Ferlut 2022, Nr.138</bibl>
        </listBibl>
			</div>
			<div subtype="concordances" type="bibliography" org="uniform" sample="complete">
				<listBibl>
					<bibl type="EDCS"><idno> EDCS-11001538</idno><date>zuletzt abgerufen 2023-06-02</date></bibl>
					<bibl type="EDH"><idno>HD032109</idno><date> Version von 2020-01-29</date></bibl>
					<bibl type="trismegistos"><idno>https://www.trismegistos.org/text/210647</idno><date>zuletzt abgerufen 2023-06-02</date></bibl>
					<bibl type="lupa"><idno> </idno><date> </date></bibl>
					<bibl type="other"><idno> </idno><date> </date></bibl>
				</listBibl>
			</div>
			<div type="edition" subtype="diplomatic" xml:id="majuscule" xml:lang="la" xml:space="preserve" org="uniform" sample="complete">
				<ab><lb n="1"/>I<g type="interpunct">▴</g>N<g type="interpunct">▴</g>H<g type="interpunct">▴</g>H<g type="interpunct">▴</g>D<g type="interpunct">▴</g>D<g type="interpunct">▴</g>DE<g type="interpunct">▴</g>EPON<g type="interpunct">▴</g>BILIC<gap reason="lost" quantity="1" unit="character"/>
<lb n="2"/>VS GEMATVS<g type="interpunct">▴</g>COLEGS<g type="interpunct">▴</g>SV<gap reason="lost" quantity="1" unit="character"/>
<lb n="3"/>S DEIVO DEI<gap reason="lost" extent="unknown" unit="character"/>AIS <unclear>F</unclear> SEP<gap reason="lost" extent="unknown" unit="character"/>
<lb n="4"/><gap reason="lost" extent="unknown" unit="character"/><g type="interpunct">▴</g>A<g type="interpunct">▴</g>IM<gap reason="lost" extent="unknown" unit="character"/>S <unclear>G</unclear>ADIA<gap reason="lost" quantity="1" unit="character"/>
<lb n="5"/><gap reason="lost" extent="unknown" unit="character"/>XI<gap reason="lost" extent="unknown" unit="character"/>OS<g type="interpunct">▴</g><unclear>P</unclear><orig/></ab></div>
			<div type="edition" xml:lang="la" xml:id="minuscule" subtype="normalised" xml:space="preserve" org="uniform" sample="complete"><ab><lb n="1"/>In <expan><abbr>h</abbr><ex>onorem</ex></expan> <expan><abbr>d</abbr><ex>omus</ex></expan> <expan><abbr>d</abbr><ex>ivinae</ex></expan> <expan><abbr>de</abbr><ex>ae</ex></expan> <expan><abbr>Epon</abbr><ex>ae</ex></expan> Bilic<supplied reason="lost">i</supplied>
<lb n="2" break="no"/>us Gematus <expan><abbr>col</abbr><ex>l</ex><abbr>eg</abbr><ex>i</ex></expan>s su<supplied reason="lost">i</supplied>
<lb n="3" break="no"/>s Deivo Deit<gap reason="lost" extent="unknown" unit="character"/><expan><abbr>ais</abbr><ex>o</ex></expan> <expan><abbr>f</abbr><ex>iliis</ex></expan> Sep<gap reason="lost" extent="unknown" unit="character"/>
<lb n="4"/><gap reason="lost" extent="unknown" unit="character"/> <expan><abbr>A</abbr><ex>ulo</ex></expan> Im<gap reason="lost" extent="unknown" unit="character"/><expan><abbr>s</abbr><ex>o</ex></expan> Gadiae
<lb n="5"/><supplied reason="lost">Lupo et Ma</supplied>xi<supplied reason="lost">mo </supplied><expan><abbr><supplied reason="lost">c</supplied>o</abbr><ex>n</ex><abbr>s</abbr><ex>ulibus</ex></expan> <expan><abbr>p</abbr><ex>osuit</ex></expan></ab></div>
			<div type="translation" xml:lang="de" org="uniform" sample="complete">
				<p><p>Zur Ehre des Kaiserhauses für die Göttin <rs type="divine">Epona</rs> hat Bilicius Gematus seinen collegae, Deivus und Deit…aisus, seinen Söhnen, Sep… … und Aulus Im…s(us?) Gadia, als Lupus und Maximus Konsuln waren, (diese Reliefstele) aufgestellt.<br/></p></p>
			</div>
			<div type="translation" xml:lang="en" org="uniform" sample="complete">
				<p><p>In honour of the Divine Household, for the goddess <rs type="divine">Epona</rs>, Bilicius Gematus has erected (this relief stele) for his collegae, Deivus and Deit…aisus, his sons, Sep… …, and Aulus Im…s(us?) Gadia, during the consulship of Lupus and Maximus.<br/></p></p>
			</div>
			<div type="apparatus" org="uniform" sample="complete">
				
			
            <app loc="2"><note anchored="true">us GEMATVS ˑ COLEGS SV[-] – AE 1902; us Gematus col(l)eg(ii)s su[i-] – Scheungraber; [i]us Gematus col(l)eg(ii)s su[i-] – Ferlut</note></app>
        
            <app loc="3"><note anchored="true">s DEIVC[---] AIS L SEP [-] – AE 1898; SDEIVODEIT[--]I[--]AISL SEP[-] – AE 1902; s de iu&lt;s=C&gt;(su) de(ae) &lt;I=T&gt;[m]&lt;p=I?&gt;(eratore) [C]a&lt;e=I&gt;s(are) L(ucio) Sep[t(imio)] – EDH; s de iu[s(su)] de(ae) i[mp(eratore) c]a[e]s(are) L Sep[t(imio)] – CIL, Jacobi und Espérandieu; s de iu[s(su)] de(ae) i[mp(eratore) c]a[e]s(are) L Sep(timio) – Riese; s de iu(ssu) de(ae) i(mp[eratore]) (c)aes[are] L Sept- – Euskirchen (wahrscheinlich mit teilweise irriger Verwendung der diakritischen Zeichen); s de iu[s(su)] de(ae) i[mp(eratore) c]a[e]s(are) L(ucio) Sep[t(imio)] – Mattern, Scheungraber, Ferlut; s de iu[s(su)] de(ae) I([mp(eratore) C]a[e]s(are) L Sep[t(imio)] – Ertel (wahrscheinlich Tippfehler), Schmidt Heidenreich</note></app>
        
            <app loc="4"><note anchored="true">[---]SOADIA[-] – AE 1898; [---]TA ˑ IM[---]SOADIA – AE 1902; [Severo] A&lt;ra=IM&gt;[bi]&lt;c=S&gt;o Adia[b(enico)] – EDH; [Severo] A[rabic]o Adia[b(enico)] – CIL, Jacobi, Espérandieu, Mattern, Ertel, Scheungraber, Ferlut; [Severo] A[rabic]o, Adia[b(enico), Parth(ico) ma]xi[mo, c]o(n)s(ule) II[I] – Schmidt Heidenreich (mit fehlendem Zeilenwechsel); [Severo ---] – Riese; [imio Severo Arabic]o Adia- – Euskirchen (s.o.)</note></app>
        
            <app loc="5"><note anchored="true">[--- c]os ˑ I I[-] – AE 1898; [---]VI OS ˑ – AE 1902; [Parth(ico) ma]xi[mo c]os II[I] – CIL, Jacobi, Mattern; [--- c]os ˑ II[I] – Riese; [Parth[ico) maxi[mo c]os II[I] – Espérandieu (wahrscheinlich Abschreibfehler von CIL); [benico Parthico maximo c]os III – Euskirchen; [Parth(ico) ma]xi[mo c]o(n)s(uli) II[I] – Ertel (mit Deklinationsfehler); [Parth(ico) ma]xi[mo] co(n)s(ule) II[I] – EDH, Scheungraber; [Parth(ico) max(imo)] co(n)s(ule) II[I] – Ferlut</note></app>
        </div>
			<div type="commentary" subtype="general" org="uniform" sample="complete">                                                <p>Es handelt sich um die Stiftung eines Mitglieds eines Collegiums der Epona für seine Collegae, die mit einer Konsuldatierung endet.</p>
                                                <p>Der stark lückenhafte Teil ab Zeile 3 wurde seit v. Domaszewskis Lesung im CIL (1905) am Ende als Konsuldatierung mit einer langen Kaisertitulatur des Septimius Severus aufgelöst (s. Apparatus criticus). Viele der eindeutig lesbaren Buchstaben passen nicht in diese Titulatur, was v. Domaszewski mit mangelnder Lese- und/oder Schreibfähigkeit des Steinmetzes erklärt (!). Diese Deutung kann bei Betrachtung der Inschrift nicht überzeugen und drückt wohl eher den Wunsch aus, die geniale Idee der langen Kaisertitulatur, die eine genaue Datierung ermöglicht, zur Frucht zu bringen.</p>
                                                <p>Dem ist nicht zu folgen und wir halten für wahrscheinlich, dass auf die Widmung collegis suis eine Liste der gemeinten Kollegen im Dativ folgt, die den schwierigen Teil zum Großteil füllt. Das cognomen des ersten collega (Deivus) ist noch ganz zu lesen.</p>
                                                <p>Bilicius Gematus: römisches Namensformular ohne Praenomen<br/></p>
                                                    <p>Bilicius: Gentilnomen, einheimische Bildung mit keltischer Basis, nur hier belegt (Kakoschke 2021, GN 219)</p>
                                                <p>Gematus: keltischer oder lateinischer Name, in Germanien und der Belgica bezeugt<span style="font-size:12.0pt;line-height:107%; font-family:&#34;Times New Roman&#34;,serif;mso-fareast-font-family:&#34;Times New Roman&#34;; mso-ansi-language:DE-AT;mso-fareast-language:DE-AT;mso-bidi-language:AR-SA"> </span> (Kakoschke 2021, CN 1428)</p>
                                                <p>Deivus: mögliche Variante von Divos, keltischer oder lateinischer Name, in Germanien und der Belgica bezeugt (Kakoschke 2021, CN 1110) Sohn des ersten.</p>
                                                <p>Deit…aisus: Name? Sohn des ersten.</p>
                                                <p>Sep… …: römisches Namensformular?</p>
                                                <p>Sep…: Anfang zahlreicher Gentilnomina (Seppius, Septicius, Septimienus, Septiminius, Septimius [und deren Varianten] Kakoschke 2021, GN 1181–1185) Anfang zahlreicher Namen (Kakoschke 2021, CN 2822–2828)</p>
                                                <p>Aulus Im…s(us?) Gadia: tria nomina
                                                
                                                </p>
                                                <p>Im...s(us?): Gentilnomen(?)</p>
                                                <p>Gadia: in Italien belegtes Cognomen (CIL XIV 2313a = CIL XV 7866, CIL X 8222, AE 1985 74)</p>
                                                <p>Lupo et Maximo consulibus: Konsuldatierung des Jahres 232. Die Konsuln waren Lucius Virius Lupus Iulianus und Lucius Marius Maximus Aurelianus.</p>
                                                <p/></div>
			<div type="commentary" subtype="language" org="uniform" sample="complete">
				<p> </p>
			</div>
			<div type="commentary" subtype="deity" org="uniform" sample="complete">
				<p> </p>
			</div>
			<linkGrp type="alignment" domains="#majuscule #minuscule">
			</linkGrp>
		</body>
		<back>
			<note type="Objbeschr_note"/>
			<note type="ArchKlass_note">Schale und Thron nicht, da nur in Rekonstruktion<b><br/></b></note>
			<note type="Material_note">                                                    <p>In Word: roter Sandstein</p>
                                                    <p>Lt. Mattern 2001 (Mainsandstein, feinkörnig) -– so auch Inventarkartei des Museums</p><p>Grau mit weißen Gipsergänzungen (Ertel 2006)</p>
                                                    <p>Jacobi 1898 gelbroter Mainsandstein</p>
                                                    <p>Feinkörniger roter Mainsandstein – Stoll 1992 358</p></note>
			<note type="Inschrifttraeger_note"/>
			<note type="VerwahrortOrt_note"><p>Ertel 2006, 27</p><p>Saalburg-Museum: Stoll 1992 358<br/></p></note>
			<note type="InvNr_note">                                                    <p>Ertel 2006, 27; R lt Inventarkarte des Museums<br/></p></note>
			<note type="Fundstelle_note"/>
			<note type="Fundumst_note"/>
			<note type="Fundjahr_note">                                                    <p>Mail an Museum am 3.7.23: Antwort am 28.7.23: “Laut Exponatbeschriftung ist das Fundjahr 1897.”</p><p>(Jacobi 1898);</p><p>1896/97 (Mattern 2001);</p><p>1897 (Espérandieu)</p></note>
			<note type="FOantik_note"/>
			<note type="FOmodern_note"/>
			<note type="civitas_note"/>
			<note type="Autopsie_note"/>
			<note type="Appcrit_note"/>
			<note type="Abb_note"/>
			<note type="englUEbers_note"/>
			<note type="dtUEbers_note"/>
			<note type="Editionen_note"><p>Photos von online nicht verfügbaren Inschriftentexten s. Ordner: ISntexte Slg</p></note>
			<note type="ErhzustObj_note"/>
			<note type="Masse_note"><p>Mail vom Museum 10.8.23: „die Tiefe ist schwer zu bestimmen, das Objekt befindet sich ja in der Ausstellung (s. Foto). In der jetzigen Form kann ich die Tiefe mit ca. 75 mm angeben (beide Teile am umlaufenden Rand). Die Tiefe eines linken Originalfragments kann ich ganz grob mit ca. 60 mm angeben. Ein detaillierter Restaurierungsbericht wurde leider nicht erstellt.“</p><p>Mail an Museum am 3.7.23</p><p>Antwort am 28.7.: „Die Maße beider Exponate [Original und Rekonstruktion] sind 69 x 57,3 cm (H x B).“ – stimmt nicht mit Inventarkartei überein?!</p><p>Ertel (2006);</p><p>Mattern (2001): Höhe 60 cm, Breite 56 cm, Tiefe 4 cm;</p><p>Espérandieu (1931): H 65, B 56, T 4;</p><p>(Nach Ansicht der Bilder wirkt Ertel am Wahrscheinlichsten.)</p><p>Ferlut 2022: H65cm, L56cm, T4cm</p><p>Stoll 1992: B ca. 56cm; H ca. 60cm</p></note>
			<note type="Ikonogr_note"><p>epona sitzt frontal zwischen zwei stuten, vor denen jeweils ein kleiner angezündeter altar steht. von der maid sind nur der kopf und der linke fuß erhalten, von den stuten nur die rechte fast ganz und ein fuß der linken. darunter die inschrift. die rekonstruktion stellt die maid zwischen vier pferde, aber es gibt keinen rest der im hintergrund gezeigten pferde.</p><p>Epona</p><p>thront im sog. Reichstypus frontal in der Mitte des Bil- des. Sie hat welliges, in der Mitte gescheiteltes Haar und trägt ein langes Unterkleid sowie ein kürzeres, langär- meliges und gegürtetes Oberkleid. In den Händen hält sie eine Schale. Zu thren beiden Seiten werden zwei auf- gezäumte Pferde sichtbar, die ruhig nach außen schrei- ten. Vor ihren Vorderbeinen brennen Opferfeuer auf kleinen Altären. Im Hintergrund erkennr man Kopf und Hals von weiteren zwei pferdeartigen Tieren von denen das rechte auffällig große Ohren besitzt - Ertel</p><p>Kat.-Nr. 237 rekonstruierend ergänzt. us</p><p>Antik sind Schemel mit linkem Fuß, links und rechts je ein nach außen gewandter Pferdefuß, die Unterteile von zwei bis an den Rand gerückten Altärchen, Kopf der</p><p>Göttin mit einem Teil der oberen Randleiste, Kopf, Hals und Rumpf des rechten Pferdes, zwei Fragmen- te vom linken Plattenrand. (Mattern 2001)</p></note>
			<note type="Inschrtext_note"/>
			<note type="ErhzustInschr_note"/>
			<note type="Schrifttechnik_note"/>
			<note type="Buchsthoehe_note"><p>Mail an Museum am 3.7.23</p><p>Antwort am 28.7.23: “Die Buchstabenhöhe ist +/- 30 mm.”</p><p>Genauer am 10.8.23: „Buchstabenhöhe: 28–30 mm</p></note>
			<note type="Notvar_note"/>
			<note type="KommGoettern_note"/>
			<note type="SonstKomm_note"/>
			<note type="Datierung_note">                                                    <p>Stoll 1992: 202 n. Chr.</p>
                                                    <p>Lupo et Maximo consulibus</p><p>232<br/></p></note>
			<note type="ElektronischeRessourcen_note"/>
			<note type="Index_note"/>
		</back>
	</text>
</TEI>