<TEI xmlns="http://www.tei-c.org/ns/1.0" xml:id="superior34" n="">
	<teiHeader xml:lang="en">
		<fileDesc>
			<titleStmt>
				<title type="full"><title type="main">Abnoba?</title><title type="sub"> CF-GeS-1099 </title></title>
				<respStmt>
					<resp>Inschriftenedition</resp>
					<persName><forename>Werner</forename><surname>Petermandl</surname></persName>
				</respStmt>
				<respStmt>
					<resp>Archäologische Beschreibung und geografische Daten</resp>
					<persName><forename>Astrid</forename><surname>Schmölzer</surname></persName>
				</respStmt>
				<funder ref="https://www.fwf.ac.at">Austrian Science Fund (FWF): P 9274-G25</funder>
			</titleStmt>
			<publicationStmt>
				<publisher><link target="https://antike.uni-graz.at"/><orgName ref="https://d-nb.info/gnd/1213531357">Institut für Antike, Fachbereich Alte
					Geschichte und Epigraphik, Karl-Franzens-Universität Graz</orgName></publisher>
				<authority><link target="https://informationsmodellierung.uni-graz.at"/><orgName ref="http://d-nb.info/gnd/1137284463">Zentrum für Informationsmodellierung -
					Austrian Centre for Digital Humanities, Karl-Franzens-Universität
					Graz</orgName></authority>
				<distributor><link target="https://gams.uni-graz.at"/><orgName full="yes">GAMS -
					Geisteswissenschaftliches Asset Management System</orgName></distributor>
				<date when="2022">2022</date>
				<pubPlace>Graz</pubPlace>
				<idno type="PID">o:fercan.34</idno>
				<availability>
					<licence target="https://creativecommons.org/licenses/by-nc/4.0">Creative
						Commons BY-NC 4.0</licence>
				</availability>
			</publicationStmt>
			<seriesStmt>
				<title ref="https://gams.uni-graz.at/fercan">FERCAN: Fontes Epigraphici Religionum
					Celticarum Antiquarum</title>
				<respStmt>
					<resp>Projektleitung</resp>
					<persName><forename>Wolfgang</forename><surname>Spickermann</surname></persName>
				</respStmt>
			</seriesStmt>
			<sourceDesc>
				<msDesc>
					<msIdentifier>
						<settlement>Pforzheim</settlement>
						<repository>Archäologisches Museum </repository>
						<idno>ASK 0024 </idno>
					</msIdentifier>
					<msContents>
						<summary>Weihinschrift</summary>
					</msContents>
					<physDesc>
						<objectDesc>
							<supportDesc>
								<support> <p>                                                <p>"Erhalten ist der linke obere Teil der 
Inschriftenfläche. Der größte Teil des Steines ist abgeschlagen. Auf der
 Oberseite ist ein kleines Stück original grob abgespitzt. Es besitzt die Breite eines Mauersteins und war ehemals in einen 
größeren Zusammenhang eingelassen. Seine dreifach profilierte Leiste ist
 oben und links in Resten erhalten. Die Schriftfläche weist deutlilche 
Spuren der Scharnierung auf" (Kortüm
 1995, 128 Nr.16). Rechts, links, oben und unten befindet sich jeweils ein ca. 3,5x1cm großes Zapfenloch. </p>
                                                <p> </p></p> <material> <ref type="context" target="context:fercan.material." ana="https://gams.uni-graz.at/o:fercan.arch#C.120220">Sandstein</ref> </material>
									<objectType>Weihestein</objectType> <dimensions>
										<height unit="cm"> 39,0</height>
										<width unit="cm"> 33,0 </width>
										<depth unit="cm"> 20,0 </depth>
									</dimensions> <note type="dimensions" anchored="true"> Die Angegebenen Maße sind die des erhaltenen Objektes.</note> </support>
								<condition> <ref type="context" target="context:fercan.condition" ana="https://gams.uni-graz.at/o:fercan.arch#C.130320">kleineres Fragment</ref> </condition>
							</supportDesc>
							<layoutDesc>
								<layout> <p>                                                <p>Vom Inschriftenfeld ist nur mehr ein Teil der ersten drei Zeilen erhalten, vermutlich deren Linker Rand. Die Buchstaben sind in den einzelnen Zeilen von regelmäßiger Größe, wobei die erhaltene dritte Zeile um fast einen cm kleiner ist.</p>
                                                <p>In Z.1 ist von der Senkrechthaste des I die obere Hälfte kaum sichtbar. In Z.3 sind vom letzten erhaltenen Buchstaben nur mehr die Senkrecht- und Querhaste vorhanden. Eine Rinne im Stein erweckt zwar den Eindruck eines Bogens, da diese jedoch nicht mit der Querhaste verbunden ist, ist die vom CIL und Mattern vorgeschlagene Lesung D nicht möglich, weswegen es sich nur um ein E oder F handeln kann.<br/></p></p> <note type="condition" anchored="true"/> </layout>
							</layoutDesc>
						</objectDesc>
						<handDesc>
							<handNote> <desc type="execution">gemeißelt</desc> <height unit="cm" atLeast="7.4" atMost="8.2">7,4–8,2</height> </handNote>
						</handDesc>
						<decoDesc>
							<decoNote> <p><p>Keine bildliche Gestaltung vorhanden. <br/></p></p> <term ana="https://gams.uni-graz.at/o:fercan.arch#C.150500">Rahmen</term>
                      <term ana="https://gams.uni-graz.at/o:fercan.arch#C.130300">Fragment</term>
                      <term ana="https://gams.uni-graz.at/o:fercan.arch#C.140710">Dübelloch</term>
							</decoNote>
						</decoDesc>
					</physDesc>
					<history>
						<origin> <origPlace> <placeName>Portus</placeName> <region>Civitas Port-?</region> </origPlace> <origDate notBefore="" notAfter="" instant="false"><date> </date> <note type="original"> <ref target="context:fercan.date." type="context"> </ref> </note></origDate> </origin>
						<provenance type="found" when="1909"> <placeName> <ref type="context" target="context:fercan.geog.modern.">Pforzheim</ref> </placeName> <p>südlich der Altstädter Kirche an der Enzbrücke (Inventarblatt Archäologisches Museum Pforzheim, ASK 0024 und EDH)</p> <location>
								<geo decls="#WGS"/>
							</location> <note anchored="true">bei der Enzkorrektur in 3m Tiefe gefunden (Inventarblatt Archäologisches Museum Pforzheim, ASK 0024 und Kortüm 1995, 128 Nr.16)</note> </provenance>
						<provenance type="observed" subtype="autopsied"><p>vidimus (CIL XIII Projekt)</p></provenance>
					</history>
				</msDesc>
				<listPlace>
					<place type="antique_term">
						<placeName><ref target="context:fercan.geog.term" type="context"/> </placeName>
					</place>
					<place type="sacral_building">
						<placeName> <ref target="context:fercan.geog.sacral." type="context"> </ref>
						</placeName>
					</place>
				</listPlace>
				<listPerson>
					<!-- Sonstige theonymische Formulare -->
					<person>
						<persName subtype="celtic_normalized_other" type="divine">
							<ref target="context:fercan.dcn.other" type="context"> </ref>
						</persName>
					</person>
					<!-- theonymisches formular -->
					<person>
						<persName subtype="celtic_normalized" type="divine">
							<ref target="context:fercan.dcn." type="context">Abnoba?</ref>
						</persName>
					</person>
					<!-- keltisches götternamenelement  -->
					<person>
						<persName subtype="celtic_element" type="divine">
							<ref target="context:fercan.dce." type="context">Abnoba?</ref>
						</persName>
					</person>
					<person>
						<persName type="cognomen"> <ref target="context:fercan.person.cognomen" type="context"> </ref> </persName>
					</person>
					<person>
						<persName> <roleName type="religious"> <ref target="context:fercan.person.religious" type="context"> </ref>
						</roleName> </persName>
					</person>
					<person>
						<persName type="gentilnomen"><ref target="context:fercan.person.gentilnomen." type="context">
						</ref></persName>
					</person>
					<person>
						<persName> <roleName type="other"> <ref target="context:fercan.person.other." type="context"> </ref> </roleName>
						</persName>
					</person>
					<person>
						<persName> <roleName type="military"> <ref target="context:fercan.person.military." type="context"> </ref>
						</roleName> </persName>
					</person>
					<person>
						<persName> <roleName type="office"> <ref target="context:fercan.person.office." type="context"> </ref>
						</roleName> </persName>
					</person>
					<person>
						<persName type="sovereign"> <ref target="context:fercan.person.sovereign." type="context"> </ref> </persName>
					</person>
				</listPerson>
				<listOrg>
					<org type="admin_unit">
						<orgName> <ref target="context:fercan.org.admin." type="context"> </ref>
						</orgName>
					</org>
					<org type="military_unit">
						<orgName><ref target="context:fercan.org.military." type="context">
						</ref></orgName>
					</org>
					<org type="population_group">
						<orgName> <ref target="context:fercan.org.population." type="context">
						</ref> </orgName>
					</org>
				</listOrg>
			</sourceDesc>
		</fileDesc>
		<encodingDesc>
			<geoDecl xml:id="WGS" datum="WGS84">World Geodetic System</geoDecl>
			<editorialDecl>
				<p>Digitale Repräsentation konform mit EpiDoc: http://epidoc.sourceforge.net</p>
				<p>Majuskel und Minuskel ausgeführt nach Leidener Klammersystem, Majuskel bildet
					Inschrift originalgetreu ab, Minuskel enthält editorische Hinzufügungen</p>
			</editorialDecl>
			<projectDesc>
				<p>Die keltischen Götternamen in den Inschriften der römischen Provinz Germania
					Inferior. Eine Fallstudie zu Religion im Kontext von Kulturkontakt und
					Kulturtransfer (FWF – Projekt P 29274-G25 )</p>
				<p>Das Forschungsprojekt beabsichtigt, sämtliche keltischen Götternamen, die sich in
					lateinischen Inschriften der römischen Provinz Germania Inferior erhaltenen
					haben, zusammenzustellen und auszuwerten. Die gewählte Quellengrundlage
					erscheint besonders geeignet Erscheinungsformen zu untersuchen, welche auf
					religiöser Ebene durch das Zusammentreffen von verschiedenen kulturellen
					Einflüssen entstanden sind. Diese sind hier einerseits definiert durch die
					Verwendung der keltischen Sprache, andererseits durch die lateinische Sprache
					und durch Formen aus dem Inneren des Imperium Romanum, die man mit dem Etikett
					„römisch“ versehen kann. Das Interesse gilt dabei nicht nur religiösen, sondern
					auch damit verbundenen gesellschaftlichen Aspekten und den entsprechenden
					Mentalitäten. Doch soll damit auch zu einem verbesserten Gesamtbild der
					Provinzialreligion in Niedergermanien beigetragen werden.<lb/> Die
					Abschlusspublikation wird ergänzt um einen ausführlichen
					sprachwissenschaftlichen Kommentar (von Patrizia de Bernardo Stempel) in der
					Reihe ‚Corpus - F.E.R.C.AN. (Fontes epigraphici religionum Celticarum
					antiquarum)‘ erscheinen. </p>
			</projectDesc>
		</encodingDesc>
		<profileDesc>
			<langUsage>
				<language ident="la">Latein</language>
			</langUsage>
			<textClass>
				<keywords>
					<list>
						<item> <ref target="context:fercan.dedication." type="context">in honorem domus divinae</ref> </item>
						<item> <ref target="context:fercan.character." type="context"> </ref> </item>
						<item> <ref target="context:fercan.other." type="context"> </ref> </item>
						<item> <ref target="context:fercan.rel.other." type="context"> </ref> </item>
						<!-- Belegform gesamt  -->
						<item> <ref target="context:fercan.divinepart." type="context">Abn[obae]</ref> </item>
					</list>
				</keywords>
			</textClass>
		</profileDesc>
		<revisionDesc>
			<change when="2019" n="1" corresp="https://gams.uni-graz.at/o:fercan.1/TEI_SOURCE.2020-02-26">Initial
				Version</change>
			<change when="2020" n="2" corresp="https://gams.uni-graz.at/o:fercan.1/TEI_SOURCE.2022-03-07">Version
				2</change>
			<change when="2022" n="3">Version 3</change>
		</revisionDesc>
	</teiHeader>
	<facsimile>
		<graphic mimeType="image/jpeg" xml:id="IMAGE.1" url="1099_front.jpg">
			<desc> Front, CIL XIII Projekt, CC BY-NC</desc>
		</graphic>
	
            <!-- todo: @xml:id-->
            <graphic mimeType="image/jpeg" url="1099_li.jpg"><desc>links, CIL XIII Projekt, CC BY-NC</desc></graphic>
        </facsimile>
	<text>
		<body>
			<ab> <ref target="context:fercan" type="context">FERCAN</ref> </ab>
			<div subtype="editions" type="bibliography" org="uniform" sample="complete">
				<listBibl>
					<bibl xml:id="1"> CIL XIII 11721 </bibl>
				
            <bibl xml:id="2">Riese 1914, Nr.2616</bibl>
        
            <bibl xml:id="3">AE 1995, 11577</bibl>
        
            <bibl xml:id="4">Kortüm 1995, Nr.16 </bibl>
        
            <bibl xml:id="5">Mattern 1998, Nr.27</bibl>
        
            <bibl xml:id="6">Scheungraber 2020, 64 Nr.9</bibl>
        
            <bibl xml:id="7">Ferlut 2022, Nr.8</bibl>
        </listBibl>
			</div>
			<div subtype="concordances" type="bibliography" org="uniform" sample="complete">
				<listBibl>
					<bibl type="EDCS"><idno>EDCS-12600023</idno><date> zuletzt abgerufen 2023-03-10 </date></bibl>
					<bibl type="EDH"><idno>HD036475</idno><date> Version von 2019-12-18 </date></bibl>
					<bibl type="trismegistos"><idno>https://www.trismegistos.org/text/20933</idno><date>zuletzt abgerufen 2023-03-10 </date></bibl>
					<bibl type="lupa"><idno>http://lupa.at/26978</idno><date> Version von 2022-12-20</date></bibl>
					<bibl type="other"><idno> </idno><date> </date></bibl>
				</listBibl>
			</div>
			<div type="edition" subtype="diplomatic" xml:id="majuscule" xml:lang="la" xml:space="preserve" org="uniform" sample="complete">
				<ab><orig><lb n="1"/>IN H<gap reason="lost" extent="unknown" unit="character"/>
<lb n="2"/>ABN<gap reason="lost" extent="unknown" unit="character"/>
<lb n="3"/>QVA<unclear>E</unclear><gap reason="lost" extent="unknown" unit="character"/></orig></ab></div>
			<div type="edition" xml:lang="la" xml:id="minuscule" subtype="normalised" xml:space="preserve" org="uniform" sample="complete"><ab><lb n="1"/>In <expan><abbr>h</abbr><ex>onorem</ex></expan> <supplied reason="lost"><expan><abbr>d</abbr><ex>omus</ex></expan> <expan><abbr>d</abbr><ex>ivinae</ex></expan></supplied>
<lb n="2"/>Abn<supplied reason="lost">obae </supplied><gap reason="lost" extent="unknown" unit="character"/>
<lb n="3"/>quae<gap reason="lost" extent="unknown" unit="character"/></ab></div>
			<div type="translation" xml:lang="de" org="uniform" sample="complete">
				<p><p>Zu Ehren des Kaiserhauses</p>
                                                <p>für <rs type="divine">Abnoba</rs> [---]! </p>
                                                <p>
                                                     Quae[---]</p><p/></p>
			</div>
			<div type="translation" xml:lang="en" org="uniform" sample="complete">
				<p><p>In honor of the divine household,</p>
                                                <p>to <rs type="divine">Abnoba</rs> [---]!</p>
                                                Quae[---]<p/></p>
			</div>
			<div type="apparatus" org="uniform" sample="complete">
				<app loc="1">
					<note anchored="true">In h(onorem) [domus divinae 3] – Scheungraber </note>
				</app>
			
            <app loc="2"><note anchored="true">Abn[obae et] – CIL, Riese, Mattern; Abno[bae 3] – Scheungraber </note></app>
        
            <app loc="3"><note anchored="true">Quad[rubis] – CIL, Riese, Mattern; Quae[stor? ---] – AE, Kortüm; quae[stor ---] – Ferlut</note></app>
        </div>
			<div type="commentary" subtype="general" org="uniform" sample="complete">
				<p> </p>
			</div>
			<div type="commentary" subtype="language" org="uniform" sample="complete">
				<p> </p>
			</div>
			<div type="commentary" subtype="deity" org="uniform" sample="complete">
				<p> </p>
			</div>
			<linkGrp type="alignment" domains="#majuscule #minuscule">
			</linkGrp>
		</body>
		<back>
			<note type="Objbeschr_note">                                                    <p>CIL Kartei: rechts, links, oben, unten je ein ca. 3,5x1cm großes Zapfenloch</p>Kortüm
 1995, S. 128 Nr 16: Erhalten ist der linke obere Teil der 
Inschriftenfläche. Der größte Teil des Steines ist abgeschlagen. Auf der
 Oberseite ist ein kleines Stück original grob abgespitzt.Es besitzt die Breite eines Mauersteins und war ehemals in einen größeren Zusammenhang eingelassen. Seine dreifach profilierte Leiste ist oben und links in Resten erhalten. Die Schriftfläche weist deutlilche Spuren der Scharnierung auf. <br/>
                                                    <p/></note>
			<note type="ArchKlass_note"/>
			<note type="Material_note">                                                    <p>CIL Kartei: rötl. Kalk-Sandstein</p>
                                                    <p>Kortüm 1995, 128 Nr. 16: grauer Sandstein</p><p>Wagner 1911, S. 148: gelblicher Sandstein<br/></p></note>
			<note type="Inschrifttraeger_note"><p>CIL Kartei: rechts, links, oben, unten je ein ca. 3,5x1cm großes Zapfenloch</p><p>Kortüm 1995, S. 128 Nr 16: Erhalten ist der linke obere Teil der Inschriftenfläche. Der größte Teil des Steines ist abgeschlagen. Auf der Oberseite ist ein kleines Stück original grob abgespitzt. <br/></p></note>
			<note type="VerwahrortOrt_note"/>
			<note type="InvNr_note">                                                    <p>Lupa</p><p>CIL Kartei: Pforzheim, Heimatmusem (Kirche), ges. 7/85; weitere Angabe: Museum Kappelhof ohne IVNr. (ges. 06(2012)</p><p>Inventarblatt Museum Pforzheim in Kartei beiliegend, dort als Ort angegeben Archäologischer Schauplatz Kappelhof<br/></p></note>
			<note type="Fundstelle_note">                                                    <p>Altstadtkirche S. Martin</p>
                                                    <p>laut EDH</p><p>CIL: an der Enzbrücke</p><p>Inventarblatt Museum: Pforzheimer Altstadt, südlich der Altstädter Kirche<br/></p></note>
			<note type="Fundumst_note">                                                    <p>Inventarblatt Museum: bei der Enzkorrektur südlich der Altstädter Kirche</p>
                                                    <p>Kortüm 1995, S. 128 Nr. 16: In 3m Tiefe gefunden, Fst. 1909/2</p><p>Dragendorff/Krüger 1909, S. 40: beim Ausbaggern der Enz<br/></p></note>
			<note type="Fundjahr_note">                                                    <p>EDH, auch CIL, auch Inventarblatt<br/></p></note>
			<note type="FOantik_note"><p>EDH<br/></p></note>
			<note type="FOmodern_note">                                                    <p>EDH</p><p>Wagner 1911, S. 148: An der Fundstelle schnitten sich ohne Zweifel zwei Straßen, eine über die Enz, die andere an der Enz hin. <br/></p></note>
			<note type="civitas_note"/>
			<note type="Autopsie_note"/>
			<note type="Appcrit_note">                                                    <p><br/></p></note>
			<note type="Abb_note"/>
			<note type="englUEbers_note"/>
			<note type="dtUEbers_note"/>
			<note type="Editionen_note"><p>Photos von online nicht verfügbaren Inschriftentexten s. Ordner: ISntexte Slg</p><p/></note>
			<note type="ErhzustObj_note"><p>Vom ganzen Objekt ist nur ein kleiner Teil erhalten. <br/></p></note>
			<note type="Masse_note">                                                    <p>lt. CIL Kartei</p>
                                                    <p>Kortüm 1995, S. 128 Nr. 16: 31x38x20cm</p><p>Wagner 1911, S. 148: 38x31x16cm</p><p>Dragendorff/Krüger 1909, S. 40: 40x30cm<br/></p></note>
			<note type="Ikonogr_note"/>
			<note type="Inschrtext_note"/>
			<note type="ErhzustInschr_note"/>
			<note type="Schrifttechnik_note"/>
			<note type="Buchsthoehe_note">                                                    <p>So EDH; auch CIL Kartei<br/></p></note>
			<note type="Notvar_note"/>
			<note type="KommGoettern_note"/>
			<note type="SonstKomm_note"/>
			<note type="Datierung_note"><p>Inventarblatt: Ende2./1. Hälfte 3. Jahrhundert</p><p>Kortüm 1995 128 Nr 16: Aufgrund der Formel IN H D D nicht vor der Mitte des 2. Jhds.<br/></p></note>
			<note type="ElektronischeRessourcen_note"/>
			<note type="Index_note"/>
		</back>
	</text>
</TEI>