<TEI xmlns="http://www.tei-c.org/ns/1.0" xml:id="superior82" n="">
	<teiHeader xml:lang="en">
		<fileDesc>
			<titleStmt>
				<title type="full"><title type="main">Sirona</title><title type="sub">CF-GeS-1025</title></title>
				<respStmt>
					<resp>Inschriftenedition</resp>
					<persName><forename>Werner</forename><surname>Petermandl</surname></persName>
				</respStmt>
				<respStmt>
					<resp>Archäologische Beschreibung und geografische Daten</resp>
					<persName><forename>Astrid</forename><surname>Schmölzer</surname></persName>
				</respStmt>
				<funder ref="https://www.fwf.ac.at">Austrian Science Fund (FWF): P 9274-G25</funder>
			</titleStmt>
			<publicationStmt>
				<publisher><link target="https://antike.uni-graz.at"/><orgName ref="https://d-nb.info/gnd/1213531357">Institut für Antike, Fachbereich Alte
					Geschichte und Epigraphik, Karl-Franzens-Universität Graz</orgName></publisher>
				<authority><link target="https://informationsmodellierung.uni-graz.at"/><orgName ref="http://d-nb.info/gnd/1137284463">Zentrum für Informationsmodellierung -
					Austrian Centre for Digital Humanities, Karl-Franzens-Universität
					Graz</orgName></authority>
				<distributor><link target="https://gams.uni-graz.at"/><orgName full="yes">GAMS -
					Geisteswissenschaftliches Asset Management System</orgName></distributor>
				<date when="2022">2022</date>
				<pubPlace>Graz</pubPlace>
				<idno type="PID">o:fercan.82</idno>
				<availability>
					<licence target="https://creativecommons.org/licenses/by-nc/4.0">Creative
						Commons BY-NC 4.0</licence>
				</availability>
			</publicationStmt>
			<seriesStmt>
				<title ref="https://gams.uni-graz.at/fercan">FERCAN: Fontes Epigraphici Religionum
					Celticarum Antiquarum</title>
				<respStmt>
					<resp>Projektleitung</resp>
					<persName><forename>Wolfgang</forename><surname>Spickermann</surname></persName>
				</respStmt>
			</seriesStmt>
			<sourceDesc>
				<msDesc>
					<msIdentifier>
						<settlement>Alzey</settlement>
						<repository>Museum</repository>
						<idno>10</idno>
					</msIdentifier>
					<msContents>
						<summary>Weihinschrift</summary>
					</msContents>
					<physDesc>
						<objectDesc>
							<supportDesc>
								<support> <p>                                                <p>Der Weihealtar ist in zwei modern durch Zement miteinander verbundenen Fragmenten erhalten. Der Riss zieht sich über das gesamte Inschriftenfeld. Die Basis ist abgebrochen, der Stein ist am Aufsatz stark bestoßen und links sind die Kanten abgebrochen. Der Aufsatz scheint mit Pulvini geschmückt gewesen zu sein, zwischen denen sich ein Dreiecksgiebel befunden haben könnte und an der Oberseite dürfte sich eine Opferschale befinden. Laut Nesselhauf (1937, Nr.86) befindet sich „an der üblichen Stelle oben ein viereckigere Klotz mit Dübelloch wohl für eine Statue“. Das Inschriftenfeld, das durch mehrere Stufen von der Bekrönung getrennt ist, ist ungerahmt erhalten.</p></p> <material> <ref type="context" target="context:fercan.material." ana="https://gams.uni-graz.at/o:fercan.arch#C.120220">Sandstein</ref> </material>
									<objectType>Weihestein</objectType> <dimensions>
										<height unit="cm">46</height>
										<width unit="cm">23,5</width>
										<depth unit="cm">24</depth>
									</dimensions> <note type="dimensions" anchored="true"> </note> </support>
								<condition> <ref type="context" target="context:fercan.condition" ana="https://gams.uni-graz.at/o:fercan.arch#C.130600">größere Fehlstelle/n</ref> </condition>
							</supportDesc>
							<layoutDesc>
								<layout> <p>                                                <p>Vom Inschriftentext sind die ersten vier Zeilen sichtbar, wobei nur Zeile 1 und 2 lesbar sind. Ob und wieweit sich der Text darunter noch fortsetzte, ist nicht mehr feststellbar. Die Buchstaben sind regelmäßig ausgeführt aber stark abgerieben. Eine Bruchlinie zieht sich in Z.1 von rechts Oben schräg nach links Unten und dann durch die übrigen Zeilen senkrecht bis ganz zum unteren Ende des Steines, wodurch in Z.2 das I und in Z.4 ein unbekannter Buchstabe verloren sind. <br/></p></p> <note type="condition" anchored="true"/> </layout>
							</layoutDesc>
						</objectDesc>
						<handDesc>
							<handNote> <desc type="execution">gemeißelt</desc> <height unit="cm" atLeast="3.2" atMost="3.4">3,2–3,4</height> </handNote>
						</handDesc>
						<decoDesc>
							<decoNote> <p><p>Keine bildliche Gestaltung vorhanden.<br/></p></p> <term ana="https://gams.uni-graz.at/o:fercan.arch#C.150900">Pulvini</term>
                      <term ana="https://gams.uni-graz.at/o:fercan.arch#C.140700">Reparatur</term>
                      <term ana="https://gams.uni-graz.at/o:fercan.arch#C.252810">Opferschale</term>
                      <term ana="https://gams.uni-graz.at/o:fercan.arch#C.140710">Dübelloch</term>
                      <term ana="https://gams.uni-graz.at/o:fercan.arch#C.220100">Giebel</term>
							</decoNote>
						</decoDesc>
					</physDesc>
					<history>
						<origin> <origPlace> <placeName>Altiaia</placeName> <region>Civitas Vangionum</region> </origPlace> <origDate notBefore="" notAfter="" instant="false"><date> </date> <note type="original"> <ref target="context:fercan.date." type="context"> </ref> </note></origDate> </origin>
						<provenance type="found" when="1929"> <placeName> <ref type="context" target="context:fercan.geog.modern.">Alzey</ref> </placeName> <p>in den Fundamenten eines römischen Gebäudes im Kastell“ (Behrens 1938, 41); „auf der Ziegelschuttschicht im Nordschlitz“ (Behn 1929/30, 87); „dans une propriété appartenant à M. Heinrich Korn […] dans les fondations sur pilotis de léglise de Saint-Georges, depuis longtemps abandonnée“ (Espérandieu XI 7746)</p> <location>
								<geo decls="#WGS"/>
							</location> <note anchored="true">im Zuge einer Ausgrabung, geleitet durch Friedrich Behn (Espérandieu XI 7746); gemeinsam mit CF-GeS-1024</note> </provenance>
						<provenance type="observed" subtype="autopsied"><p>vidimus (CIL XIII Projekt)<br/></p></provenance>
					</history>
				</msDesc>
				<listPlace>
					<place type="antique_term">
						<placeName><ref target="context:fercan.geog.term" type="context"/> </placeName>
					</place>
					<place type="sacral_building">
						<placeName> <ref target="context:fercan.geog.sacral." type="context"> </ref>
						</placeName>
					</place>
				</listPlace>
				<listPerson>
					<!-- Sonstige theonymische Formulare -->
					<person>
						<persName subtype="celtic_normalized_other" type="divine">
							<ref target="context:fercan.dcn.other" type="context">Apollo</ref>
						</persName>
					</person>
					<!-- theonymisches formular -->
					<person>
						<persName subtype="celtic_normalized" type="divine">
							<ref target="context:fercan.dcn." type="context">Sirona</ref>
						</persName>
					</person>
					<!-- keltisches götternamenelement  -->
					<person>
						<persName subtype="celtic_element" type="divine">
							<ref target="context:fercan.dce." type="context">Sirona</ref>
						</persName>
					</person>
					<person>
						<persName type="cognomen"> <ref target="context:fercan.person.cognomen" type="context"> </ref> </persName>
					</person>
					<person>
						<persName> <roleName type="religious"> <ref target="context:fercan.person.religious" type="context"> </ref>
						</roleName> </persName>
					</person>
					<person>
						<persName type="gentilnomen"><ref target="context:fercan.person.gentilnomen." type="context">
						</ref></persName>
					</person>
					<person>
						<persName> <roleName type="other"> <ref target="context:fercan.person.other." type="context"> </ref> </roleName>
						</persName>
					</person>
					<person>
						<persName> <roleName type="military"> <ref target="context:fercan.person.military." type="context"> </ref>
						</roleName> </persName>
					</person>
					<person>
						<persName> <roleName type="office"> <ref target="context:fercan.person.office." type="context"> </ref>
						</roleName> </persName>
					</person>
					<person>
						<persName type="sovereign"> <ref target="context:fercan.person.sovereign." type="context"> </ref> </persName>
					</person>
				</listPerson>
				<listOrg>
					<org type="admin_unit">
						<orgName> <ref target="context:fercan.org.admin." type="context"> </ref>
						</orgName>
					</org>
					<org type="military_unit">
						<orgName><ref target="context:fercan.org.military." type="context">
						</ref></orgName>
					</org>
					<org type="population_group">
						<orgName> <ref target="context:fercan.org.population." type="context">
						</ref> </orgName>
					</org>
				</listOrg>
			</sourceDesc>
		</fileDesc>
		<encodingDesc>
			<geoDecl xml:id="WGS" datum="WGS84">World Geodetic System</geoDecl>
			<editorialDecl>
				<p>Digitale Repräsentation konform mit EpiDoc: http://epidoc.sourceforge.net</p>
				<p>Majuskel und Minuskel ausgeführt nach Leidener Klammersystem, Majuskel bildet
					Inschrift originalgetreu ab, Minuskel enthält editorische Hinzufügungen</p>
			</editorialDecl>
			<projectDesc>
				<p>Die keltischen Götternamen in den Inschriften der römischen Provinz Germania
					Inferior. Eine Fallstudie zu Religion im Kontext von Kulturkontakt und
					Kulturtransfer (FWF – Projekt P 29274-G25 )</p>
				<p>Das Forschungsprojekt beabsichtigt, sämtliche keltischen Götternamen, die sich in
					lateinischen Inschriften der römischen Provinz Germania Inferior erhaltenen
					haben, zusammenzustellen und auszuwerten. Die gewählte Quellengrundlage
					erscheint besonders geeignet Erscheinungsformen zu untersuchen, welche auf
					religiöser Ebene durch das Zusammentreffen von verschiedenen kulturellen
					Einflüssen entstanden sind. Diese sind hier einerseits definiert durch die
					Verwendung der keltischen Sprache, andererseits durch die lateinische Sprache
					und durch Formen aus dem Inneren des Imperium Romanum, die man mit dem Etikett
					„römisch“ versehen kann. Das Interesse gilt dabei nicht nur religiösen, sondern
					auch damit verbundenen gesellschaftlichen Aspekten und den entsprechenden
					Mentalitäten. Doch soll damit auch zu einem verbesserten Gesamtbild der
					Provinzialreligion in Niedergermanien beigetragen werden.<lb/> Die
					Abschlusspublikation wird ergänzt um einen ausführlichen
					sprachwissenschaftlichen Kommentar (von Patrizia de Bernardo Stempel) in der
					Reihe ‚Corpus - F.E.R.C.AN. (Fontes epigraphici religionum Celticarum
					antiquarum)‘ erscheinen. </p>
			</projectDesc>
		</encodingDesc>
		<profileDesc>
			<langUsage>
				<language ident="la">Latein</language>
			</langUsage>
			<textClass>
				<keywords>
					<list>
						<item> <ref target="context:fercan.dedication." type="context"> </ref> </item>
						<item> <ref target="context:fercan.character." type="context"> </ref> </item>
						<item> <ref target="context:fercan.other." type="context"> </ref> </item>
						<item> <ref target="context:fercan.rel.other." type="context"> </ref> </item>
						<!-- Belegform gesamt  -->
						<item> <ref target="context:fercan.divinepart." type="context">S[i]rona[e]</ref> </item>
					</list>
				</keywords>
			</textClass>
		</profileDesc>
		<revisionDesc>
			<change when="2019" n="1" corresp="https://gams.uni-graz.at/o:fercan.1/TEI_SOURCE.2020-02-26">Initial
				Version</change>
			<change when="2020" n="2" corresp="https://gams.uni-graz.at/o:fercan.1/TEI_SOURCE.2022-03-07">Version
				2</change>
			<change when="2022" n="3">Version 3</change>
		</revisionDesc>
	</teiHeader>
	<facsimile>
		<graphic mimeType="image/jpeg" xml:id="IMAGE.1" url="1025_front1.jpg">
			<desc>Front, CIL XIII Projekt, CC BY-NC</desc>
		</graphic>
	
            <!-- todo: @xml:id-->
            <graphic mimeType="image/jpeg" url="1025_front2.jpg"><desc>Front, CIL XIII Projekt, CC BY-NC</desc></graphic>
        </facsimile>
	<text>
		<body>
			<ab> <ref target="context:fercan" type="context">FERCAN</ref> </ab>
			<div subtype="editions" type="bibliography" org="uniform" sample="complete">
				<listBibl>
					<bibl xml:id="1">Behn 1929/30, 87</bibl>
				
            <bibl xml:id="2">AE 1933, 140</bibl>
        
            <bibl xml:id="3">Nesselhauf 1937, Nr.86</bibl>
        
            <bibl xml:id="4">Behrens 1938, Nr.8</bibl>
        
            <bibl xml:id="5">Stümpel 1965 (Alzeyer Museum), 54</bibl>
        
            <bibl xml:id="6">Weber 1966, 153</bibl>
        
            <bibl xml:id="7">Klumbach 1973 Altiaium, 15</bibl>
        
            <bibl xml:id="8">Künzl 1975, Nr.16</bibl>
        
            <bibl xml:id="9">Weisgerber 1975, 106</bibl>
        
            <bibl xml:id="10">Scheungraber 2020, 488 Nr.12</bibl>
        
            <bibl xml:id="11">Ferlut 2022, Nr.1235</bibl>
        </listBibl>
			</div>
			<div subtype="concordances" type="bibliography" org="uniform" sample="complete">
				<listBibl>
					<bibl type="EDCS"><idno>EDCS-11202203</idno><date>zuletzt abgerufen 2023-06-27</date></bibl>
					<bibl type="EDH"><idno>HD024006</idno><date>Version von 2020-08-24</date></bibl>
					<bibl type="trismegistos"><idno>www.trismegistos.org/text/210420</idno><date>zuletzt abgerufen 2023-06-27</date></bibl>
					<bibl type="lupa"><idno>http://lupa.at/15481</idno><date>Version von 2023-01-01</date></bibl>
					<bibl type="other"><idno> </idno><date> </date></bibl>
				</listBibl>
			</div>
			<div type="edition" subtype="diplomatic" xml:id="majuscule" xml:lang="la" xml:space="preserve" org="uniform" sample="complete">
				<ab><lb n="1"/>APOLLIN<gap reason="lost" quantity="1" unit="character"/>
<lb n="2"/><unclear>E</unclear>T <unclear>S</unclear><gap reason="lost" quantity="1" unit="character"/>RONA<gap reason="lost" quantity="1" unit="character"/>
<lb n="3"/><gap reason="lost" quantity="1" unit="character"/><unclear>G</unclear>EN<gap reason="lost" extent="unknown" unit="character"/>I <gap reason="lost" extent="unknown" unit="character"/>
<lb n="4"/><gap reason="lost" extent="unknown" unit="character"/>I<gap reason="lost" quantity="1" unit="character"/><unclear>I</unclear>O<unclear>I</unclear><gap reason="lost" extent="unknown" unit="character"/><orig/></ab></div>
			<div type="edition" xml:lang="la" xml:id="minuscule" subtype="normalised" xml:space="preserve" org="uniform" sample="complete"><ab><lb n="1"/>Apollin<supplied reason="lost">i</supplied>
<lb n="2"/>et S<supplied reason="lost">i</supplied>rona<supplied reason="lost">e</supplied>
<lb n="3"/><gap reason="lost" quantity="1" unit="character"/><unclear>G</unclear>EN<gap reason="lost" extent="unknown" unit="character"/>I
<lb n="4"/><gap reason="lost" extent="unknown" unit="character"/>I<gap reason="lost" quantity="1" unit="character"/><unclear>I</unclear>O<unclear>I</unclear><gap reason="lost" extent="unknown" unit="character"/></ab></div>
			<div type="translation" xml:lang="de" org="uniform" sample="complete">
				<p>                                                <p>Für <rs type="divine">Apollo</rs> und <rs type="divine">Sirona</rs>!</p>
                                                <p>...<br/></p></p>
			</div>
			<div type="translation" xml:lang="en" org="uniform" sample="complete">
				<p>                                                <p>To <rs type="divine">Apollo</rs> and <rs type="divine">Sirona</rs>!</p>...<p/></p>
			</div>
			<div type="apparatus" org="uniform" sample="complete">
				<app loc="1">
					<note anchored="true">Apollin(i) – Scheungraber</note>
				</app>
			
            <app loc="2"><note anchored="true">S[i]rona(e) – Scheungraber</note></app>
        
            <app loc="4"><note anchored="true">[---]O[---]M I – AE, Behn; [---]centi[---] – Behrens, Stümpel, Klumbach; [---]ICEN[---]I[---] vom C wird nur die obere Hälfte gezeigt, könnte also auch ein G sein – Nesselhauf; [---]ICEN[---]I[---] – Weisgerber; [..]ioen[…]i[..] – Weber; [.]GEN[---] – Künzl; [---]IGEN[---]I[---]I[---] – EDH, Scheungraber, Ferlut; ev. auch Gen[io]? – EDH </note></app>
        
            <app loc="5"><note anchored="true">[---] – AE 1933, Behn; m.i..i…… – Behrens, Stümpel, Klumbach; [---]O[---] – Künzl; [---]IOI[---] – Nesselhauf, Weber, Weisgerber, EDH, Scheungraber, Ferlut</note></app>
        </div>
			<div type="commentary" subtype="general" org="uniform" sample="complete">
				<p> </p>
			</div>
			<div type="commentary" subtype="language" org="uniform" sample="complete">
				<p> </p>
			</div>
			<div type="commentary" subtype="deity" org="uniform" sample="complete">
				<p> </p>
			</div>
			<linkGrp type="alignment" domains="#majuscule #minuscule">
			</linkGrp>
		</body>
		<back>
			<note type="Objbeschr_note"><p>EDH: Zwei aneinanderpassende Fragmente eines Altars, unten abgebrochen, bestoßen. </p><p>2N86: Altärchen, dessen Unterstück fehlt, der erhaltene Teil in der Längsrichtung gebrochen. An Stelle der üblichen Schale oben ein viereckiger Klotz mit Dübelloch, wohl für eine Statuette</p><p>Behn 1929/30, S. 87: Das Unterstück fehlt, der erhaltene Teil ist in der Längsrichtung gebrochen. Das obere Profil lief ringsum und ist an der linken Seite abgehackt.</p><p>CSIR II,1: Bruchstelle vorne senkrecht und schräg durch die Inschrift. Unterteil verloren… Die Altarbekrönung mit den Pulvini ist etwas zurückgesetzt. Statt der Focusschale ist in der Mitte eine geglättete Fläche von etwa 10x10cm, mit einem kleinen Dübelloch.<br/></p></note>
			<note type="ArchKlass_note"><p>Pulvini</p><p>Reparatur</p><p>Opferschale</p><p>Dübelloch</p></note>
			<note type="Material_note"><p>Nesselhauf: gebr. in Flonheim<br/></p></note>
			<note type="Inschrifttraeger_note">                                                    <p><br/></p></note>
			<note type="VerwahrortOrt_note"/>
			<note type="InvNr_note"><p>Lt. Weisgerber 1975, S. 115, 4<br/></p></note>
			<note type="Fundstelle_note"><p>WSpDB: Lager<br/>Lupa: im Kastell verbaut</p></note>
			<note type="Fundumst_note"><p>Lt. 2N86<br/></p></note>
			<note type="Fundjahr_note"/>
			<note type="FOantik_note"/>
			<note type="FOmodern_note"/>
			<note type="civitas_note"/>
			<note type="Autopsie_note"/>
			<note type="Appcrit_note"/>
			<note type="Abb_note">                                                    <p><span style="font-size:12.0pt;line-height:107%; font-family:LeedsUniExt;mso-ansi-language:DE-AT;mso-fareast-language:EN-US; mso-bidi-language:AR-SA;mso-bidi-font-weight:bold">WSpDB: Film: 29/1-2;<span style="mso-spacerun:yes"> </span>T 74/1461</span></p><p><span style="font-size:12.0pt;line-height:107%; font-family:LeedsUniExt;mso-ansi-language:DE-AT;mso-fareast-language:EN-US; mso-bidi-language:AR-SA;mso-bidi-font-weight:bold"><b>LUPA Rechte einholen<br/></b></span></p></note>
			<note type="englUEbers_note"/>
			<note type="dtUEbers_note"/>
			<note type="Editionen_note"><p>Photos von online nicht verfügbaren Inschriftentexten s. Ordner: ISntexte Slg</p></note>
			<note type="ErhzustObj_note"/>
			<note type="Masse_note"><p>Messung: CIL XIII Projekt<br/></p></note>
			<note type="Ikonogr_note"/>
			<note type="Inschrtext_note"/>
			<note type="ErhzustInschr_note"/>
			<note type="Schrifttechnik_note"/>
			<note type="Buchsthoehe_note"><p>Messung CIL XIII Projekt<br/></p></note>
			<note type="Notvar_note"/>
			<note type="KommGoettern_note"/>
			<note type="SonstKomm_note"/>
			<note type="Datierung_note"><p>WSpDB: 200-220</p><p>EDH: 1 n. Chr. – 300 n. Chr.</p><p>Künzel: wahrscheinlich frühes 3. Jh.</p><p>Weber: wohl severisch</p></note>
			<note type="ElektronischeRessourcen_note"/>
			<note type="Index_note"/>
		</back>
	</text>
</TEI>