<TEI xmlns="http://www.tei-c.org/ns/1.0" xml:id="superior58" n="">
	<teiHeader xml:lang="en">
		<fileDesc>
			<titleStmt>
				<title type="full"><title type="main">Mars Loucetius</title><title type="sub">CF-GeS-1067</title></title>
				<respStmt>
					<resp>Inschriftenedition</resp>
					<persName><forename>Werner</forename><surname>Petermandl</surname></persName>
				</respStmt>
				<respStmt>
					<resp>Archäologische Beschreibung und geografische Daten</resp>
					<persName><forename>Astrid</forename><surname>Schmölzer</surname></persName>
				</respStmt>
				<funder ref="https://www.fwf.ac.at">Austrian Science Fund (FWF): P 9274-G25</funder>
			</titleStmt>
			<publicationStmt>
				<publisher><link target="https://antike.uni-graz.at"/><orgName ref="https://d-nb.info/gnd/1213531357">Institut für Antike, Fachbereich Alte
					Geschichte und Epigraphik, Karl-Franzens-Universität Graz</orgName></publisher>
				<authority><link target="https://informationsmodellierung.uni-graz.at"/><orgName ref="http://d-nb.info/gnd/1137284463">Zentrum für Informationsmodellierung -
					Austrian Centre for Digital Humanities, Karl-Franzens-Universität
					Graz</orgName></authority>
				<distributor><link target="https://gams.uni-graz.at"/><orgName full="yes">GAMS -
					Geisteswissenschaftliches Asset Management System</orgName></distributor>
				<date when="2022">2022</date>
				<pubPlace>Graz</pubPlace>
				<idno type="PID">o:fercan.58</idno>
				<availability>
					<licence target="https://creativecommons.org/licenses/by-nc/4.0">Creative
						Commons BY-NC 4.0</licence>
				</availability>
			</publicationStmt>
			<seriesStmt>
				<title ref="https://gams.uni-graz.at/fercan">FERCAN: Fontes Epigraphici Religionum
					Celticarum Antiquarum</title>
				<respStmt>
					<resp>Projektleitung</resp>
					<persName><forename>Wolfgang</forename><surname>Spickermann</surname></persName>
				</respStmt>
			</seriesStmt>
			<sourceDesc>
				<msDesc>
					<msIdentifier>
						<settlement>Speyer</settlement>
						<repository>Archäologische Denkmalpflege</repository>
						<idno>Befundnummer: 201/4</idno>
					</msIdentifier>
					<msContents>
						<summary>Weihinschrift</summary>
					</msContents>
					<physDesc>
						<objectDesc>
							<supportDesc>
								<support> <p>                                                <p>Von diesem Weihealtar ist nur noch ein Fragment erhalten, wobei Teile der Bekrönung und des Inschriftenfeldes vorhanden sind, die Basis jedoch vollständig fehlt. An der rechten Seite scheint in Teilen des Inschriftenfeldes der originale Abschluss erhalten zu sein, an der linken Seite sind ca. 10 cm, so Kreckel (2004, 421), abgearbeitet. Das rechte obere Eck ist bis in die zweite Zeile des wohl ursprünglich ungerahmten Inschriftenfeldes ausgebrochen. Die Bekrönung ist durch ein erhabenes Feld, auf dem die Inschrift außerhalb des Inschriftenfeldes beginnt und darüber eine einfache Stufung vom Körper getrennt. In welcher Form der Aufsatz dekoriert war, ist nicht mehr zu erkennen, die Deckplatte ist glatt erhalten. An der rechten Seite ist noch der Umlauf der Reliefleiste vorhanden. Außerdem finden sich auf der Vorderseite, sowie auf der rechten Seite, Reste weißer Farbe.</p></p> <material> <ref type="context" target="context:fercan.material." ana="https://gams.uni-graz.at/o:fercan.arch#C.120220">Sandstein</ref> </material>
									<objectType ref="https://gams.uni-graz.at/o:fercan.arch#C.110300">Weihealtar</objectType> <dimensions>
										<height unit="cm">26,5</height>
										<width unit="cm">18,8</width>
										<depth unit="cm">30</depth>
									</dimensions> <note type="dimensions" anchored="true"> Die angegebenen Maße sind die des erhaltenen Fragments.</note> </support>
								<condition> <ref type="context" target="context:fercan.condition" ana="https://gams.uni-graz.at/o:fercan.arch#C.130320">kleineres Fragment</ref> </condition>
							</supportDesc>
							<layoutDesc>
								<layout> <p>                                                <p>Vom Inschriftentext sind die erste und 4 folgende Zeilen erhalten, ob und wieweit sich der Text darunter fortsetzte kann nicht gesagt werden.</p>
                                                <p>Die erhaltenen Zeilen sind am linken Rand abgearbeitet, in Z.2 ist noch das Ende der Schräghaste des A und in Z.3 das Ende der Waagrechthaste des T erhalten. Das L in Z.4 ist geschrägt und die Waagrechthaste bedeutend flacher als bei den anderen L der Inschrift, weswegen die Lesung unsicher ist. In Z.5 ist der dritte erhaltene Buchstabe gleich weit vom nachfolgendem S entfernt, wie das als zweiter Buchstabe der Zeile erhaltene L.</p><p>Die Weiheformel ist mit 2,2 cm wesentlich kleiner als die restliche Inschrift. In Z.2 ist das V mit 2,6 und in Z.3 das C mit 2,4 cm kleiner gearbeitet um noch in der Zeile Platz zu haben.<br/></p></p> <note type="condition" anchored="true"/> </layout>
							</layoutDesc>
						</objectDesc>
						<handDesc>
							<handNote> <desc type="execution">gemeißelt</desc> <height unit="cm" atLeast="3.7" atMost="4.3">3,7–4,3</height> </handNote>
						</handDesc>
						<decoDesc>
							<decoNote> <p><p>Keine bildliche Gestaltung vorhanden.<br/></p></p> <term ana="https://gams.uni-graz.at/o:fercan.arch#C.130300">Fragment</term>
                      <term ana="https://gams.uni-graz.at/o:fercan.arch#C.150100">Inschrift außerhalb des Inschriftenfeldes</term>
							</decoNote>
						</decoDesc>
					</physDesc>
					<history>
						<origin> <origPlace> <placeName/> <region>Civitas Vangionum</region> </origPlace> <origDate notBefore="" notAfter="" instant="false"><date> </date> <note type="original"> <ref target="context:fercan.date." type="context"> </ref> </note></origDate> </origin>
						<provenance type="found" when="1997"> <placeName> <ref type="context" target="context:fercan.geog.modern.">Eisenberg</ref> </placeName> <p>Gewanne Hühnerfeld, Bereich von Haus 5, aus der östlichen Schale der Mauer 201 (Kreckel 2004, 421)</p> <location>
								<geo decls="#WGS"/>
							</location> <note anchored="true"/> </provenance>
						<provenance type="observed" subtype="autopsied">                                                <p>vidimus (7.11.2023)<br/></p>
                                                </provenance>
					</history>
				</msDesc>
				<listPlace>
					<place type="antique_term">
						<placeName><ref target="context:fercan.geog.term" type="context"/> </placeName>
					</place>
					<place type="sacral_building">
						<placeName> <ref target="context:fercan.geog.sacral." type="context"> </ref>
						</placeName>
					</place>
				</listPlace>
				<listPerson>
					<!-- Sonstige theonymische Formulare -->
					<person>
						<persName subtype="celtic_normalized_other" type="divine">
							<ref target="context:fercan.dcn.other" type="context">Victoria</ref>
						</persName>
					</person>
					<!-- theonymisches formular -->
					<person>
						<persName subtype="celtic_normalized" type="divine">
							<ref target="context:fercan.dcn." type="context">Mars Loucetius</ref>
						</persName>
					</person>
					<!-- keltisches götternamenelement  -->
					<person>
						<persName subtype="celtic_element" type="divine">
							<ref target="context:fercan.dce." type="context">Loucetius</ref>
						</persName>
					</person>
					<person>
						<persName type="cognomen"> <ref target="context:fercan.person.cognomen" type="context"> </ref> </persName>
					</person>
					<person>
						<persName> <roleName type="religious"> <ref target="context:fercan.person.religious" type="context"> </ref>
						</roleName> </persName>
					</person>
					<person>
						<persName type="gentilnomen"><ref target="context:fercan.person.gentilnomen." type="context">Iulius</ref></persName>
					</person>
					<person>
						<persName> <roleName type="other"> <ref target="context:fercan.person.other." type="context"> </ref> </roleName>
						</persName>
					</person>
					<person>
						<persName> <roleName type="military"> <ref target="context:fercan.person.military." type="context"> </ref>
						</roleName> </persName>
					</person>
					<person>
						<persName> <roleName type="office"> <ref target="context:fercan.person.office." type="context"> </ref>
						</roleName> </persName>
					</person>
					<person>
						<persName type="sovereign"> <ref target="context:fercan.person.sovereign." type="context"> </ref> </persName>
					</person>
				</listPerson>
				<listOrg>
					<org type="admin_unit">
						<orgName> <ref target="context:fercan.org.admin." type="context"> </ref>
						</orgName>
					</org>
					<org type="military_unit">
						<orgName><ref target="context:fercan.org.military." type="context">
						</ref></orgName>
					</org>
					<org type="population_group">
						<orgName> <ref target="context:fercan.org.population." type="context">
						</ref> </orgName>
					</org>
				</listOrg>
			</sourceDesc>
		</fileDesc>
		<encodingDesc>
			<geoDecl xml:id="WGS" datum="WGS84">World Geodetic System</geoDecl>
			<editorialDecl>
				<p>Digitale Repräsentation konform mit EpiDoc: http://epidoc.sourceforge.net</p>
				<p>Majuskel und Minuskel ausgeführt nach Leidener Klammersystem, Majuskel bildet
					Inschrift originalgetreu ab, Minuskel enthält editorische Hinzufügungen</p>
			</editorialDecl>
			<projectDesc>
				<p>Die keltischen Götternamen in den Inschriften der römischen Provinz Germania
					Inferior. Eine Fallstudie zu Religion im Kontext von Kulturkontakt und
					Kulturtransfer (FWF – Projekt P 29274-G25 )</p>
				<p>Das Forschungsprojekt beabsichtigt, sämtliche keltischen Götternamen, die sich in
					lateinischen Inschriften der römischen Provinz Germania Inferior erhaltenen
					haben, zusammenzustellen und auszuwerten. Die gewählte Quellengrundlage
					erscheint besonders geeignet Erscheinungsformen zu untersuchen, welche auf
					religiöser Ebene durch das Zusammentreffen von verschiedenen kulturellen
					Einflüssen entstanden sind. Diese sind hier einerseits definiert durch die
					Verwendung der keltischen Sprache, andererseits durch die lateinische Sprache
					und durch Formen aus dem Inneren des Imperium Romanum, die man mit dem Etikett
					„römisch“ versehen kann. Das Interesse gilt dabei nicht nur religiösen, sondern
					auch damit verbundenen gesellschaftlichen Aspekten und den entsprechenden
					Mentalitäten. Doch soll damit auch zu einem verbesserten Gesamtbild der
					Provinzialreligion in Niedergermanien beigetragen werden.<lb/> Die
					Abschlusspublikation wird ergänzt um einen ausführlichen
					sprachwissenschaftlichen Kommentar (von Patrizia de Bernardo Stempel) in der
					Reihe ‚Corpus - F.E.R.C.AN. (Fontes epigraphici religionum Celticarum
					antiquarum)‘ erscheinen. </p>
			</projectDesc>
		</encodingDesc>
		<profileDesc>
			<langUsage>
				<language ident="la">Latein</language>
			</langUsage>
			<textClass>
				<keywords>
					<list>
						<item> <ref target="context:fercan.dedication." type="context">in honorem domus divinae</ref> </item>
						<item> <ref target="context:fercan.character." type="context"> </ref> </item>
						<item> <ref target="context:fercan.other." type="context"> </ref> </item>
						<item> <ref target="context:fercan.rel.other." type="context"> </ref> </item>
						<!-- Belegform gesamt  -->
						<item> <ref target="context:fercan.divinepart." type="context">[Ma]rti Lou[cet]io</ref> </item>
					</list>
				</keywords>
			</textClass>
		</profileDesc>
		<revisionDesc>
			<change when="2019" n="1" corresp="https://gams.uni-graz.at/o:fercan.1/TEI_SOURCE.2020-02-26">Initial
				Version</change>
			<change when="2020" n="2" corresp="https://gams.uni-graz.at/o:fercan.1/TEI_SOURCE.2022-03-07">Version
				2</change>
			<change when="2022" n="3">Version 3</change>
		</revisionDesc>
	</teiHeader>
	<facsimile>
		<graphic mimeType="image/jpeg" xml:id="IMAGE.1" url="1067_front.jpg">
			<desc>Front, FercanGermaniaSuperior, CC BY-NC</desc>
		</graphic>
	
            <!-- todo: @xml:id-->
            <graphic mimeType="image/jpeg" url="1067_front_IS.jpg">
                <desc>Inschrift, FercanGermaniaSuperior, CC BY-NC</desc>
            </graphic>
        
            <!-- todo: @xml:id-->
            <graphic mimeType="image/jpeg" url="1067_re.jpg">
                <desc>rechts, FercanGermaniaSuperior, CC BY-NC</desc>
            </graphic>
        </facsimile>
	<text>
		<body>
			<ab> <ref target="context:fercan" type="context">FERCAN</ref> </ab>
			<div subtype="editions" type="bibliography" org="uniform" sample="complete">
				<listBibl>
					<bibl xml:id="1">Kreckel 2004, 421</bibl>
				</listBibl>
			</div>
			<div subtype="concordances" type="bibliography" org="uniform" sample="complete">
				<listBibl>
					<bibl type="EDCS"><idno> </idno><date> </date></bibl>
					<bibl type="EDH"><idno> </idno><date> </date></bibl>
					<bibl type="trismegistos"><idno> </idno><date> </date></bibl>
					<bibl type="lupa"><idno> </idno><date> </date></bibl>
					<bibl type="other"><idno> </idno><date> </date></bibl>
				</listBibl>
			</div>
			<div type="edition" subtype="diplomatic" xml:id="majuscule" xml:lang="la" xml:space="preserve" org="uniform" sample="complete">
				<ab><lb n="1"/><gap reason="lost" extent="unknown" unit="character"/> H D D
<lb n="2"/><gap reason="lost" extent="unknown" unit="character"/><unclear>A</unclear>RTI LOV
<lb n="3"/><gap reason="lost" extent="unknown" unit="character"/><unclear>T</unclear>IO ET VIC
<lb n="4"/><gap reason="lost" extent="unknown" unit="character"/>IAE IV<unclear>L</unclear>
<lb n="5"/><gap reason="lost" extent="unknown" unit="character"/>EL<unclear>I</unclear>S<orig/></ab></div>
			<div type="edition" xml:lang="la" xml:id="minuscule" subtype="normalised" xml:space="preserve" org="uniform" sample="complete"><ab><lb n="1"/><supplied reason="lost">In</supplied> <expan><abbr>h</abbr><ex>onorem</ex></expan> <expan><abbr>d</abbr><ex>omus</ex></expan> <expan><abbr>d</abbr><ex>ivinae</ex></expan>
<lb n="2"/><supplied reason="lost">M</supplied>arti Lou
<lb n="3" break="no"/><supplied reason="lost">ce</supplied>tio et Vic
<lb n="4" break="no"/><supplied reason="lost">tor</supplied>iae <expan><abbr>Iul</abbr><ex>ius</ex></expan>
<lb n="5"/><gap reason="lost" extent="unknown" unit="character"/>elis</ab></div>
			<div type="translation" xml:lang="de" org="uniform" sample="complete">
				<p><p>Zur Ehre des Kaiserhauses für <rs type="divine">Mars Loucetius</rs> und <i>Victoria</i>!</p><p>Iulius …elis<br/></p></p>
			</div>
			<div type="translation" xml:lang="en" org="uniform" sample="complete">
				<p><p>In honour of the Divine Household to <rs type="divine">Mars Loucetius</rs> and <i>Victoria</i>! </p><p>Iulius …elis</p></p>
			</div>
			<div type="apparatus" org="uniform" sample="complete">
				<app loc="5">
					<note anchored="true">[Fid]elis – Kreckel</note>
				</app>
			
            <app loc="6"><note anchored="true">[v(otum) s(olvit) l(ibens) m(erito)] – Kreckel</note></app>
        </div>
			<div type="commentary" subtype="general" org="uniform" sample="complete">Iulius …elis: vermutlich römisches Namensformular ohne Praenomen<br/>Iulius: italisches Gentilnomen, kaiserliches Gentilnomen, überall äußerst gängig (Kakoschke 2021, GN 637)<p> </p>
			</div>
			<div type="commentary" subtype="language" org="uniform" sample="complete">
				<p> </p>
			</div>
			<div type="commentary" subtype="deity" org="uniform" sample="complete">
				<p> </p>
			</div>
			<linkGrp type="alignment" domains="#majuscule #minuscule">
			</linkGrp>
		</body>
		<back>
			<note type="Objbeschr_note">                                                    <p>Kreckel:</p>
                                                    <p>Beschreibung: Altarstein; vermutlich ungerahmtes Inschriftfeld; unterhalb der wohl ursprünglich geraden Deckplatte einfaches Profil, auf dem die Eingangsformel der Inschrift steht; Deckplatte ist oben glatt und zeigt keine Spuren eines Aufsatzes</p>
                                                    <p>Erhaltung: stark fragmentiert, unterer Teil abgebrochen, rechte Kante original bis auf abgebrochene obere Ecke, Profil auf der rechten Seite abgearbeitet, linke Seite ca. 10 cm abgearbeitet</p><p>Winni: Die Autopsie zeigte, dass sich auf der original Seite und dem Inschriftenfeld Reste weißer Frabe befinden.</p></note>
			<note type="ArchKlass_note"/>
			<note type="Material_note"><p>roter Sandstein</p><p>Kreckel 2004 421<br/></p></note>
			<note type="Inschrifttraeger_note">Lt. Kreckel 2004 421<br/></note>
			<note type="VerwahrortOrt_note"/>
			<note type="InvNr_note"/>
			<note type="Fundstelle_note"/>
			<note type="Fundumst_note"/>
			<note type="Fundjahr_note"/>
			<note type="FOantik_note"/>
			<note type="FOmodern_note"/>
			<note type="civitas_note"/>
			<note type="Autopsie_note"/>
			<note type="Appcrit_note"/>
			<note type="Abb_note"/>
			<note type="englUEbers_note"/>
			<note type="dtUEbers_note"/>
			<note type="Editionen_note"><p>Photos von online nicht verfügbaren Inschriftentexten s. Ordner: ISntexte Slg</p></note>
			<note type="ErhzustObj_note">                                                    </note>
			<note type="Masse_note"><p>Kreckel 2004 421<br/></p></note>
			<note type="Ikonogr_note"/>
			<note type="Inschrtext_note"/>
			<note type="ErhzustInschr_note"/>
			<note type="Schrifttechnik_note"/>
			<note type="Buchsthoehe_note">                                                    <p>Maße von Fr. Hünerfauth in Mail vom 5.8. 3,9</p><p>Eigene Messung: Z.1 2,2</p><p>Z.2 und Z.3 kleinere Buchstaben am Zeilenende mit 2,6 und 2,4</p><p>die restlichen Buchstaben zwischen 3,7-4,3.<br/></p></note>
			<note type="Notvar_note"/>
			<note type="KommGoettern_note"/>
			<note type="SonstKomm_note"><p>Kreckel 2004, 422:</p><p>„Falls der Stifter des Altars wirklich römischer Bürger war, so könnte das Fehlen eines Praenomens darauf hinweisen, dass diese Weihung evtl. erst im 3. Jh. erfolgte, da laut W. Boppert (Fn: Steindenkmäler Worms, 26) spätestens seit dem 3. Jh. die römischen Bürger diesen Namensbestandteil nicht mehr geführt hätten. Nach Meyer (Fn: Epigraphik, 92) aber habe das Praenomen schon im 2. Jh. „aufgehört, wirklich Name zu sein“ und sei nur noch „ein Bestandteil des amtlichen römischen Namens“ geblieben“</p></note>
			<note type="Datierung_note"><p>Kreckel 2004, 423 - vermutlich 2. H. d. 2. Jhs oder 1. H. d. 3. Jh. n.Chr</p></note>
			<note type="ElektronischeRessourcen_note"/>
			<note type="Index_note"/>
		</back>
	</text>
</TEI>