<TEI xmlns="http://www.tei-c.org/ns/1.0" xml:id="superior115" n="">
	<teiHeader xml:lang="en">
		<fileDesc>
			<titleStmt>
				<title type="full"><title type="main">Abnoba</title><title type="sub">CF-GeS-1105</title></title>
				<respStmt>
					<resp>Inschriftenedition</resp>
					<persName><forename>Werner</forename><surname>Petermandl</surname></persName>
				</respStmt>
				<respStmt>
					<resp>Archäologische Beschreibung und geografische Daten</resp>
					<persName><forename>Astrid</forename><surname>Schmölzer</surname></persName>
				</respStmt>
				<funder ref="https://www.fwf.ac.at">Austrian Science Fund (FWF): P 9274-G25</funder>
			</titleStmt>
			<publicationStmt>
				<publisher><link target="https://antike.uni-graz.at"/><orgName ref="https://d-nb.info/gnd/1213531357">Institut für Antike, Fachbereich Alte
					Geschichte und Epigraphik, Karl-Franzens-Universität Graz</orgName></publisher>
				<authority><link target="https://informationsmodellierung.uni-graz.at"/><orgName ref="http://d-nb.info/gnd/1137284463">Zentrum für Informationsmodellierung -
					Austrian Centre for Digital Humanities, Karl-Franzens-Universität
					Graz</orgName></authority>
				<distributor><link target="https://gams.uni-graz.at"/><orgName full="yes">GAMS -
					Geisteswissenschaftliches Asset Management System</orgName></distributor>
				<date when="2022">2022</date>
				<pubPlace>Graz</pubPlace>
				<idno type="PID">o:fercan.115</idno>
				<availability>
					<licence target="https://creativecommons.org/licenses/by-nc/4.0">Creative
						Commons BY-NC 4.0</licence>
				</availability>
			</publicationStmt>
			<seriesStmt>
				<title ref="https://gams.uni-graz.at/fercan">FERCAN: Fontes Epigraphici Religionum
					Celticarum Antiquarum</title>
				<respStmt>
					<resp>Projektleitung</resp>
					<persName><forename>Wolfgang</forename><surname>Spickermann</surname></persName>
				</respStmt>
			</seriesStmt>
			<sourceDesc>
				<msDesc>
					<msIdentifier>
						<settlement> Waldmössingen, Kirche</settlement>
						<repository/>
						<idno/>
					</msIdentifier>
					<msContents>
						<summary>Weihinschrift</summary>
					</msContents>
					<physDesc>
						<objectDesc>
							<supportDesc>
								<support> <p/> <material> <ref type="context" target="context:fercan.material." ana="https://gams.uni-graz.at/o:fercan.arch"/> </material>
									<objectType ref="https://gams.uni-graz.at/o:fercan.arch#C.110300">Weihealtar</objectType> <dimensions>
										<height unit="cm"> </height>
										<width unit="cm"> </width>
										<depth unit="cm"> </depth>
									</dimensions> <note type="dimensions" anchored="true"> </note> </support>
								<condition> <ref type="context" target="context:fercan.condition" ana="https://gams.uni-graz.at/o:fercan.arch#C.130700">unklar</ref> </condition>
							</supportDesc>
							<layoutDesc>
								<layout> <p>                                                <p>Die Inschrift ist verloren und nur durch das Tagebuch des Lehrers Rohrer aus Seedorf überliefert worden, wobei die Überlieferung nicht ganz unproblematisch ist. Allen frühen Wiedergaben gemein ist jedoch, dass das erste S in Z.3 über das V gestellt und diesem eingeschrieben ist.</p>
                                                <p>Die beiden frühest erhaltenen Wiedergaben dieses Tagebuchs finden sich bei Nägele (1896, 51; 1897, 8), weisen aber bereits Unterschiede in der Inschriftengestalltung auf: So steht in Z.2 1896 SACRum, während er in 1897 SACRVM schreibt. Weiters is in Z.3 das letzte S in 1896 ebenfalls leicht hochgestellt, während es 1897 normal geschreiben ist. (siehe Bild)<br/></p>
                                                <p>In der zeitlich nächsten Wiedergabe, AE 1898, 23, wird Z.2 als SACRVM wiedergegeben, und das S in Z.3 in normaler Größe. Dafür ist der erste Buchstabe in Z.3 ein B. (s. Apparatus criticus)</p>
                                                <p>Sowohl Haug/Sixt (1914, Nr.99) als auch CIL 6356 sagen über Z.3 "das zweite S rechts ist wohl nur als Verdeutlichung des kleinen s im Text gemeint (so auch Zangmeister)" (Haug/Sixt 1914, 177), also als eine erklärende Notiz von Herrn Rohrer zu deuten. Entsprechend wird in ihren, und ihnen folgenden, Lesungen das zweite S getilgt. (s. Apparatus criticus) Unklar ist auf welcher Basis Haug/Sixt (1914, 176) folgende Aussage über Venonnus in Z.3 treffen: "Das I war mit N ligiert;", sowie warum die EDH in der Majuskel hier einen Buchstabenausfall N[ ]V angibt, da sich für keine dieser Angaben bei den auf Rohrer basiernden Angaben von Nägele oder der AE Hinweise finden.</p>
                                                <p>Zu einer Ligatur: s. Majuskelumschrift.</p></p> <note type="condition" anchored="true"/> </layout>
							</layoutDesc>
						</objectDesc>
						<handDesc>
							<handNote> <desc type="execution">gemeißelt</desc> <height unit="cm" atLeast="0" atMost="0"/> </handNote>
						</handDesc>
						<decoDesc>
							<decoNote> <p/> <term ana="https://gams.uni-graz.at/o:fercan.arch#">
								<ref type="context" target="context:fercan.arch."/> </term>
							</decoNote>
						</decoDesc>
					</physDesc>
					<history>
						<origin> <origPlace> <placeName/> <region/> </origPlace> <origDate notBefore="" notAfter="" instant="false"><date> </date> <note type="original"> <ref target="context:fercan.date." type="context"> </ref> </note></origDate> </origin>
						<provenance type="found" when=""> <placeName> <ref type="context" target="context:fercan.geog.modern.">Waldmössingen</ref> </placeName> <p><p>in der Kirche (Nägele 1896, 51 Nr. 4)</p></p> <location>
								<geo decls="#WGS"/>
							</location> <note anchored="true">                                                <p>"Beim Neubau der Kirche in Waldmössingen [...] vor etwa 12 Jahren [...] Er wurde nachher wieder in die heutige Kirche verbaut, wahrscheinlich aber nicht ohne zerschlagen worden zu sein." (Nägele 1896, 51 Nr. 4)</p></note> </provenance>
						<provenance type="observed" subtype="autopsied"><p>non vidimus</p><p>Lesung gründet auf: Nägele 1896 und 1897<br/></p></provenance>
					</history>
				</msDesc>
				<listPlace>
					<place type="antique_term">
						<placeName><ref target="context:fercan.geog.term" type="context"/> </placeName>
					</place>
					<place type="sacral_building">
						<placeName> <ref target="context:fercan.geog.sacral." type="context"> </ref>
						</placeName>
					</place>
				</listPlace>
				<listPerson>
					<!-- Sonstige theonymische Formulare -->
					<person>
						<persName subtype="celtic_normalized_other" type="divine">
							<ref target="context:fercan.dcn.other" type="context"> </ref>
						</persName>
					</person>
					<!-- theonymisches formular -->
					<person>
						<persName subtype="celtic_normalized" type="divine">
							<ref target="context:fercan.dcn." type="context">Abnoba</ref>
						</persName>
					</person>
					<!-- keltisches götternamenelement  -->
					<person>
						<persName subtype="celtic_element" type="divine">
							<ref target="context:fercan.dce." type="context">Abnoba</ref>
						</persName>
					</person>
					<person>
						<persName type="cognomen"> <ref target="context:fercan.person.cognomen" type="context"> </ref> </persName>
					</person>
					<person>
						<persName> <roleName type="religious"> <ref target="context:fercan.person.religious" type="context"> </ref>
						</roleName> </persName>
					</person>
					<person>
						<persName type="gentilnomen"><ref target="context:fercan.person.gentilnomen." type="context">Venonnius</ref></persName>
					</person>
					<person>
						<persName> <roleName type="other"> <ref target="context:fercan.person.other." type="context"> </ref> </roleName>
						</persName>
					</person>
					<person>
						<persName> <roleName type="military"> <ref target="context:fercan.person.military." type="context"> </ref>
						</roleName> </persName>
					</person>
					<person>
						<persName> <roleName type="office"> <ref target="context:fercan.person.office." type="context"> </ref>
						</roleName> </persName>
					</person>
					<person>
						<persName type="sovereign"> <ref target="context:fercan.person.sovereign." type="context"> </ref> </persName>
					</person>
				</listPerson>
				<listOrg>
					<org type="admin_unit">
						<orgName> <ref target="context:fercan.org.admin." type="context"> </ref>
						</orgName>
					</org>
					<org type="military_unit">
						<orgName><ref target="context:fercan.org.military." type="context">
						</ref></orgName>
					</org>
					<org type="population_group">
						<orgName> <ref target="context:fercan.org.population." type="context">
						</ref> </orgName>
					</org>
				</listOrg>
			</sourceDesc>
		</fileDesc>
		<encodingDesc>
			<geoDecl xml:id="WGS" datum="WGS84">World Geodetic System</geoDecl>
			<editorialDecl>
				<p>Digitale Repräsentation konform mit EpiDoc: http://epidoc.sourceforge.net</p>
				<p>Majuskel und Minuskel ausgeführt nach Leidener Klammersystem, Majuskel bildet
					Inschrift originalgetreu ab, Minuskel enthält editorische Hinzufügungen</p>
			</editorialDecl>
			<projectDesc>
				<p>Die keltischen Götternamen in den Inschriften der römischen Provinz Germania
					Inferior. Eine Fallstudie zu Religion im Kontext von Kulturkontakt und
					Kulturtransfer (FWF – Projekt P 29274-G25 )</p>
				<p>Das Forschungsprojekt beabsichtigt, sämtliche keltischen Götternamen, die sich in
					lateinischen Inschriften der römischen Provinz Germania Inferior erhaltenen
					haben, zusammenzustellen und auszuwerten. Die gewählte Quellengrundlage
					erscheint besonders geeignet Erscheinungsformen zu untersuchen, welche auf
					religiöser Ebene durch das Zusammentreffen von verschiedenen kulturellen
					Einflüssen entstanden sind. Diese sind hier einerseits definiert durch die
					Verwendung der keltischen Sprache, andererseits durch die lateinische Sprache
					und durch Formen aus dem Inneren des Imperium Romanum, die man mit dem Etikett
					„römisch“ versehen kann. Das Interesse gilt dabei nicht nur religiösen, sondern
					auch damit verbundenen gesellschaftlichen Aspekten und den entsprechenden
					Mentalitäten. Doch soll damit auch zu einem verbesserten Gesamtbild der
					Provinzialreligion in Niedergermanien beigetragen werden.<lb/> Die
					Abschlusspublikation wird ergänzt um einen ausführlichen
					sprachwissenschaftlichen Kommentar (von Patrizia de Bernardo Stempel) in der
					Reihe ‚Corpus - F.E.R.C.AN. (Fontes epigraphici religionum Celticarum
					antiquarum)‘ erscheinen. </p>
			</projectDesc>
		</encodingDesc>
		<profileDesc>
			<langUsage>
				<language ident="la">Latein</language>
			</langUsage>
			<textClass>
				<keywords>
					<list>
						<item> <ref target="context:fercan.dedication." type="context">sacrum</ref> </item>
						<item> <ref target="context:fercan.character." type="context"> </ref> </item>
						<item> <ref target="context:fercan.other." type="context"> </ref> </item>
						<item> <ref target="context:fercan.rel.other." type="context"> </ref> </item>
						<!-- Belegform gesamt  -->
						<item> <ref target="context:fercan.divinepart." type="context"> Abnobae</ref> </item>
					</list>
				</keywords>
			</textClass>
		</profileDesc>
		<revisionDesc>
			<change when="2019" n="1" corresp="https://gams.uni-graz.at/o:fercan.1/TEI_SOURCE.2020-02-26">Initial
				Version</change>
			<change when="2020" n="2" corresp="https://gams.uni-graz.at/o:fercan.1/TEI_SOURCE.2022-03-07">Version
				2</change>
			<change when="2022" n="3">Version 3</change>
		</revisionDesc>
	</teiHeader>
	<facsimile>
		<graphic mimeType="image/png" xml:id="IMAGE.1" url="1105_front_Abschr1.png">
			<desc>Nägele 1896, Nr.4</desc>
		</graphic>
	
            <!-- todo: @xml:id-->
            <graphic mimeType="image/png" url="1105_front_Abschr2.png">
                <desc> Nägele 1897, 8</desc>
            </graphic>
        </facsimile>
	<text>
		<body>
			<ab> <ref target="context:fercan" type="context">FERCAN</ref> </ab>
			<div subtype="editions" type="bibliography" org="uniform" sample="complete">
				<listBibl>
					<bibl xml:id="1">Nägele 1896, Nr.4</bibl>
				
            <bibl xml:id="2">Nägele 1897, 8</bibl>
        
            <bibl xml:id="3">AE 1898, 23</bibl>
        
            <bibl xml:id="4">CIL XIII 6356</bibl>
        
            <bibl xml:id="5">Haug/Sixt 1914, 176 Nr.99</bibl>
        
            <bibl xml:id="6">Riese 1914, Nr.2614</bibl>
        
            <bibl xml:id="7">Schaub 1994, 27</bibl>
        
            <bibl xml:id="8">Scheungraber 2020, 64 Nr.10</bibl>
        
            <bibl xml:id="9">Ferlut 2022, Nr.1</bibl>
        </listBibl>
			</div>
			<div subtype="concordances" type="bibliography" org="uniform" sample="complete">
				<listBibl>
					<bibl type="EDCS"><idno>EDCS-11000368</idno><date>2024-02-01</date></bibl>
					<bibl type="EDH"><idno>HD022196</idno><date>2020-10-05</date></bibl>
					<bibl type="trismegistos"><idno>www.trismegistos.org/text/210226</idno><date>2024-02-01</date></bibl>
					<bibl type="lupa"><idno>http://lupa.at/7939</idno><date>2022-12-20</date></bibl>
					<bibl type="other"><idno> </idno><date> </date></bibl>
				</listBibl>
			</div>
			<div type="edition" subtype="diplomatic" xml:id="majuscule" xml:lang="la" xml:space="preserve" org="uniform" sample="complete">
				<ab><lb n="1"/>ABNOB<hi rend="ligature">AE</hi>
<lb n="2"/>SACRVM
<lb n="3"/>L VENNONV<add place="above">S</add> <add place="above">S</add>
<lb n="4"/>ME<gap reason="lost" extent="unknown" unit="character"/><orig/></ab></div>
			<div type="edition" xml:lang="la" xml:id="minuscule" subtype="normalised" xml:space="preserve" org="uniform" sample="complete"><ab><lb n="1"/>Abnobae
<lb n="2"/>sacrum
<lb n="3"/><expan><abbr>L</abbr><ex>ucius</ex></expan> Venonn<supplied reason="lost">i</supplied>us S<gap reason="lost" extent="unknown" unit="character"/>
<lb n="4"/>Me<gap reason="lost" extent="unknown" unit="character"/>
<lb n="5"/></ab></div>
			<div type="translation" xml:lang="de" org="uniform" sample="complete">
				<p><p>Der <rs type="divine">Abnoba</rs> geheiligt!</p><p>Lucius Vennonius...</p></p>
			</div>
			<div type="translation" xml:lang="en" org="uniform" sample="complete">
				<p><p>Sacred to <rs type="divine">Abnoba</rs>!</p><p>Lucius Vennonius...</p></p>
			</div>
			<div type="apparatus" org="uniform" sample="complete">
				<app loc="3">
					<note anchored="true">B Vennonus – AE; in der Majuskel VENNON[ ]VS – EDH; am Ende der Zeile {S} – CIL, EDH, Haug/Sixt, Scheungraber, Ferlut</note>
				</app>
			
            <app loc="4">
                <note anchored="true">Me[mor?]... – Haug/Sixt; Verbindung vom Ende von Z.3 und den Resten von Z.4: Sme(rt)... – Riese</note>
            </app>
        </div>
			<div type="commentary" subtype="general" org="uniform" sample="complete"><p>Lucius Venonnius S.../Sme.../Me...: tria nomina</p><p>Venonnius: italisches Gentilnomen, vor allem in Italien belegt (Kakoschke 2021, GN 1416)</p><p>Sme: sofern diese Buchstaben zusammengehören, könnten sie einen der beiden seltenen keltischen Namen Smertuccus (Kakoschke 2021, CN 2904), oder Smertulitanus (Kakoschke 2021, CN 2905) bilden.<br/><p> </p>
			</p></div>
			<div type="commentary" subtype="language" org="uniform" sample="complete">
				<p> </p>
			</div>
			<div type="commentary" subtype="deity" org="uniform" sample="complete">
				<p> </p>
			</div>
			<linkGrp type="alignment" domains="#majuscule #minuscule">
			</linkGrp>
		</body>
		<back>
			<note type="Objbeschr_note"><p>Der Stein soll in der Form der Abnoba-Ara vom Schänzle bei Rötenberg (vgl. Sixt, Führer Nr. 159) geglichen haben.</p></note>
			<note type="ArchKlass_note"/>
			<note type="Material_note"/>
			<note type="Inschrifttraeger_note"/>
			<note type="VerwahrortOrt_note"><p>"Beim Neubau der Kirche in Waldmössingen fand sich vor etwa 12 Jahren ein den Schilderungen nach ähnlich geformter Stein wie der bekannte vom Schänzle im Lapidarium. [=Haug/Sixt 1914, Nr. 100] Derselbe hat nach dem Tagebuch des Schullehrers Rohrer (in Seedorf) obige Aufschrift getragen. Er wurde nachher wieder in die heutige Kirche verbaut, wahrscheinlich aber nicht, ohne vorher zerschlagen worden zu sein." (Nägele 1896, Nr4)<br/></p></note>
			<note type="InvNr_note"/>
			<note type="Fundstelle_note"/>
			<note type="Fundumst_note"><p>Nägele 1896, 51 Nr.4/1897, 8; Haug/Sixt 1914, 176-77<br/></p></note>
			<note type="Fundjahr_note">                                                    <p>laut Nägele etwa 12 Jahre vor 1896<br/></p></note>
			<note type="FOantik_note"/>
			<note type="FOmodern_note"><p>so CIL</p></note>
			<note type="civitas_note"/>
			<note type="Autopsie_note"/>
			<note type="Appcrit_note"/>
			<note type="Abb_note"/>
			<note type="englUEbers_note"/>
			<note type="dtUEbers_note"/>
			<note type="Editionen_note"/>
			<note type="ErhzustObj_note"/>
			<note type="Masse_note"/>
			<note type="Ikonogr_note"/>
			<note type="Inschrtext_note"/>
			<note type="ErhzustInschr_note"/>
			<note type="Schrifttechnik_note"/>
			<note type="Buchsthoehe_note"/>
			<note type="Notvar_note"/>
			<note type="KommGoettern_note"/>
			<note type="SonstKomm_note"/>
			<note type="Datierung_note"><p>EDH: 71 AD – 200 AD</p></note>
			<note type="ElektronischeRessourcen_note"/>
			<note type="Index_note"/>
		</back>
	</text>
</TEI>