<TEI xmlns="http://www.tei-c.org/ns/1.0" xml:id="superior96" n="">
	<teiHeader xml:lang="en">
		<fileDesc>
			<titleStmt>
				<title type="full"><title type="main">Mercurius Tourenus</title><title type="sub">CF-GeS-1057</title></title>
				<respStmt>
					<resp>Inschriftenedition</resp>
					<persName><forename>Werner</forename><surname>Petermandl</surname></persName>
				</respStmt>
				<respStmt>
					<resp>Archäologische Beschreibung und geografische Daten</resp>
					<persName><forename>Astrid</forename><surname>Schmölzer</surname></persName>
				</respStmt>
				<funder ref="https://www.fwf.ac.at">Austrian Science Fund (FWF): P 9274-G25</funder>
			</titleStmt>
			<publicationStmt>
				<publisher><link target="https://antike.uni-graz.at"/><orgName ref="https://d-nb.info/gnd/1213531357">Institut für Antike, Fachbereich Alte
					Geschichte und Epigraphik, Karl-Franzens-Universität Graz</orgName></publisher>
				<authority><link target="https://informationsmodellierung.uni-graz.at"/><orgName ref="http://d-nb.info/gnd/1137284463">Zentrum für Informationsmodellierung -
					Austrian Centre for Digital Humanities, Karl-Franzens-Universität
					Graz</orgName></authority>
				<distributor><link target="https://gams.uni-graz.at"/><orgName full="yes">GAMS -
					Geisteswissenschaftliches Asset Management System</orgName></distributor>
				<date when="2022">2022</date>
				<pubPlace>Graz</pubPlace>
				<idno type="PID">o:fercan.96</idno>
				<availability>
					<licence target="https://creativecommons.org/licenses/by-nc/4.0">Creative
						Commons BY-NC 4.0</licence>
				</availability>
			</publicationStmt>
			<seriesStmt>
				<title ref="https://gams.uni-graz.at/fercan">FERCAN: Fontes Epigraphici Religionum
					Celticarum Antiquarum</title>
				<respStmt>
					<resp>Projektleitung</resp>
					<persName><forename>Wolfgang</forename><surname>Spickermann</surname></persName>
				</respStmt>
			</seriesStmt>
			<sourceDesc>
				<msDesc>
					<msIdentifier>
						<settlement>Speyer</settlement>
						<repository>Historisches Museum der Pfalz</repository>
						<idno>A 11</idno>
					</msIdentifier>
					<msContents>
						<summary>Weihinschrift</summary>
					</msContents>
					<physDesc>
						<objectDesc>
							<supportDesc>
								<support> <p>                                                <p>Der Weihealtar besitzt eine sehr stämmige Basis, auf die das ungerahmte Inschriftenfeld ohne (noch) sichtbare Stufen folgt. Von diesem ist die Bekrönung durch zwei Stufen getrennt. Sie wird gebildet von zwei Pulvini mit Resten eines Giebels in der Mitte und einer viereckigen Vertiefung dahinter, innerhalb derer sich eine Halbkugel befindet.<br/></p></p> <material> <ref type="context" target="context:fercan.material." ana="https://gams.uni-graz.at/o:fercan.arch#C.120220">Sandstein</ref> </material>
									<objectType ref="https://gams.uni-graz.at/o:fercan.arch#C.110300">Weihealtar</objectType> <dimensions>
										<height unit="cm">46</height>
										<width unit="cm">25</width>
										<depth unit="cm">23</depth>
									</dimensions> <note type="dimensions" anchored="true"> </note> </support>
								<condition> <ref type="context" target="context:fercan.condition" ana="https://gams.uni-graz.at/o:fercan.arch#C.130500">weitgehend vollständig</ref> </condition>
							</supportDesc>
							<layoutDesc>
								<layout> <p>                                                <p>Der Inschriftentext ist vollständig erhalten. Er füllt das Textfeld fast vollständig aus, nur unten bleibt ein schmaler Freiraum. Die Buchstaben sind von unregelmäßiger Form und zum Teil schwer zu lesen. </p>
                                                <p>Die Autopsie ergab rote Farbreste im M von Z.1. Der Zeilenabstand zwischen Z.3 und Z.4 ist größer als bei den übrigen Zeilen. Bei den R ist die Schräghaste vorne an den Bogen angesetzt, nicht hinten an der Senkrechthaste.</p>
                                                <p>In Z.2 ist die Lesung des Buchstabens nach dem V umstritten (s. Apparatus
 criticus). Die Oberfläche ist an der Stelle abgerieben und vertieft, es spricht jedoch vieles für die Lesung als ein
R: der Abstand zum nachfolgenden E entspricht dem R in Z.1, während er für ein I überraschend groß wäre, darüber hinaus sind unter dem richtigen Licht Reste des R deutlich sichtbar (s. Bild 2). Ein 
ähnliches Problem findet sich auch bei CF-GeS-1055. Das N in Z.4 weist die selbe schiefe Form auf, wie in CF-GeS-1055, was die Frage nach dem Steinmetz aufwirft.<br/></p></p> <note type="condition" anchored="true"/> </layout>
							</layoutDesc>
						</objectDesc>
						<handDesc>
							<handNote> <desc type="execution">gemeißelt</desc> <height unit="cm" atLeast="2.2" atMost="3.7">2,2–3,7</height> </handNote>
						</handDesc>
						<decoDesc>
							<decoNote> <p><p>Keine bildliche Gestaltung vorhanden.<br/></p></p> <term ana="https://gams.uni-graz.at/o:fercan.arch#C.150900">Pulvini</term>
                      <term ana="https://gams.uni-graz.at/o:fercan.arch#C.220100">Giebel</term>
							</decoNote>
						</decoDesc>
					</physDesc>
					<history>
						<origin> <origPlace> <placeName/> <region>Civitas Nemetum</region> </origPlace> <origDate notBefore="" notAfter="" instant="false"><date> </date> <note type="original"> <ref target="context:fercan.date." type="context"> </ref> </note></origDate> </origin>
						<provenance type="found" when="1821"> <placeName> <ref type="context" target="context:fercan.geog.modern.">Ruppertsberg</ref> </placeName> <p>auf der Hohenburg; in den Weinbergen von Wolf zu Ruppertsberg und Grohé zu Neustadt (Bernhard 1976, 148 und König 1821, 485 Nr.3)</p> <location>
								<geo decls="#WGS"/>
							</location> <note anchored="true">„bei Rigolung der Weinberge“ (Bernhard 1976, 148); gemeinsam mit CF-GeS-1011</note> </provenance>
						<provenance type="observed" subtype="autopsied">vidimus (7.11.2023)</provenance>
					</history>
				</msDesc>
				<listPlace>
					<place type="antique_term">
						<placeName><ref target="context:fercan.geog.term" type="context"/> </placeName>
					</place>
					<place type="sacral_building">
						<placeName> <ref target="context:fercan.geog.sacral." type="context"> </ref>
						</placeName>
					</place>
				</listPlace>
				<listPerson>
					<!-- Sonstige theonymische Formulare -->
					<person>
						<persName subtype="celtic_normalized_other" type="divine">
							<ref target="context:fercan.dcn.other" type="context"> </ref>
						</persName>
					</person>
					<!-- theonymisches formular -->
					<person>
						<persName subtype="celtic_normalized" type="divine">
							<ref target="context:fercan.dcn." type="context">Mercurius Tourenus</ref>
						</persName>
					</person>
					<!-- keltisches götternamenelement  -->
					<person>
						<persName subtype="celtic_element" type="divine">
							<ref target="context:fercan.dce." type="context">Tourenus</ref>
						</persName>
					</person>
					<person>
						<persName type="cognomen"> <ref target="context:fercan.person.cognomen" type="context">Atro; Firmus</ref> </persName>
					</person>
					<person>
						<persName> <roleName type="religious"> <ref target="context:fercan.person.religious" type="context"> </ref>
						</roleName> </persName>
					</person>
					<person>
						<persName type="gentilnomen"><ref target="context:fercan.person.gentilnomen." type="context"> </ref></persName>
					</person>
					<person>
						<persName> <roleName type="other"> <ref target="context:fercan.person.other." type="context"> </ref> </roleName>
						</persName>
					</person>
					<person>
						<persName> <roleName type="military"> <ref target="context:fercan.person.military." type="context"> </ref>
						</roleName> </persName>
					</person>
					<person>
						<persName> <roleName type="office"> <ref target="context:fercan.person.office." type="context"> </ref>
						</roleName> </persName>
					</person>
					<person>
						<persName type="sovereign"> <ref target="context:fercan.person.sovereign." type="context"> </ref> </persName>
					</person>
				</listPerson>
				<listOrg>
					<org type="admin_unit">
						<orgName> <ref target="context:fercan.org.admin." type="context"> </ref>
						</orgName>
					</org>
					<org type="military_unit">
						<orgName><ref target="context:fercan.org.military." type="context"> </ref></orgName>
					</org>
					<org type="population_group">
						<orgName> <ref target="context:fercan.org.population." type="context">
						</ref> </orgName>
					</org>
				</listOrg>
			</sourceDesc>
		</fileDesc>
		<encodingDesc>
			<geoDecl xml:id="WGS" datum="WGS84">World Geodetic System</geoDecl>
			<editorialDecl>
				<p>Digitale Repräsentation konform mit EpiDoc: http://epidoc.sourceforge.net</p>
				<p>Majuskel und Minuskel ausgeführt nach Leidener Klammersystem, Majuskel bildet
					Inschrift originalgetreu ab, Minuskel enthält editorische Hinzufügungen</p>
			</editorialDecl>
			<projectDesc>
				<p>Die keltischen Götternamen in den Inschriften der römischen Provinz Germania
					Inferior. Eine Fallstudie zu Religion im Kontext von Kulturkontakt und
					Kulturtransfer (FWF – Projekt P 29274-G25 )</p>
				<p>Das Forschungsprojekt beabsichtigt, sämtliche keltischen Götternamen, die sich in
					lateinischen Inschriften der römischen Provinz Germania Inferior erhaltenen
					haben, zusammenzustellen und auszuwerten. Die gewählte Quellengrundlage
					erscheint besonders geeignet Erscheinungsformen zu untersuchen, welche auf
					religiöser Ebene durch das Zusammentreffen von verschiedenen kulturellen
					Einflüssen entstanden sind. Diese sind hier einerseits definiert durch die
					Verwendung der keltischen Sprache, andererseits durch die lateinische Sprache
					und durch Formen aus dem Inneren des Imperium Romanum, die man mit dem Etikett
					„römisch“ versehen kann. Das Interesse gilt dabei nicht nur religiösen, sondern
					auch damit verbundenen gesellschaftlichen Aspekten und den entsprechenden
					Mentalitäten. Doch soll damit auch zu einem verbesserten Gesamtbild der
					Provinzialreligion in Niedergermanien beigetragen werden.<lb/> Die
					Abschlusspublikation wird ergänzt um einen ausführlichen
					sprachwissenschaftlichen Kommentar (von Patrizia de Bernardo Stempel) in der
					Reihe ‚Corpus - F.E.R.C.AN. (Fontes epigraphici religionum Celticarum
					antiquarum)‘ erscheinen. </p>
			</projectDesc>
		</encodingDesc>
		<profileDesc>
			<langUsage>
				<language ident="la">Latein</language>
			</langUsage>
			<textClass>
				<keywords>
					<list>
						<item> <ref target="context:fercan.dedication." type="context"> </ref> </item>
						<item> <ref target="context:fercan.character." type="context"> </ref> </item>
						<item> <ref target="context:fercan.other." type="context"> </ref> </item>
						<item> <ref target="context:fercan.rel.other." type="context"> </ref> </item>
						<!-- Belegform gesamt  -->
						<item> <ref target="context:fercan.divinepart." type="context">Mercurio Toureno</ref> </item>
					</list>
				</keywords>
			</textClass>
		</profileDesc>
		<revisionDesc>
			<change when="2019" n="1" corresp="https://gams.uni-graz.at/o:fercan.1/TEI_SOURCE.2020-02-26">Initial
				Version</change>
			<change when="2020" n="2" corresp="https://gams.uni-graz.at/o:fercan.1/TEI_SOURCE.2022-03-07">Version
				2</change>
			<change when="2022" n="3">Version 3</change>
		</revisionDesc>
	</teiHeader>
	<facsimile>
		<graphic mimeType="image/jpeg" xml:id="IMAGE.1" url="1057_front_unklar.jpg">
			<desc>Front, Historisches Museum der Pfalz, Speyer, Foto: Ortolf Harl 2016</desc>
		</graphic>
	
            <!-- todo: @xml:id-->
            <graphic mimeType="image/jpeg" url="1057_front_unklar_IS.jpg">
                <desc>Inschrift, Historisches Museum der Pfalz, Speyer, Foto: Ortolf Harl 2016</desc>
            </graphic>
        </facsimile>
	<text>
		<body>
			<ab> <ref target="context:fercan" type="context">FERCAN</ref> </ab>
			<div subtype="editions" type="bibliography" org="uniform" sample="complete">
				<listBibl>
					<bibl xml:id="1">Brambach 1867 (Corpus), Nr.1830</bibl>
				
            <bibl xml:id="2">CIL XIII 6122</bibl>
        
            <bibl xml:id="4">Riese 1914, Nr.3365</bibl>
        
            <bibl xml:id="5">Sprater 1948, 64</bibl>
        
            <bibl xml:id="6">Bernhard 1976, 149</bibl>
        
            <bibl xml:id="7">Hirte 1995, 416</bibl>
        
            <bibl xml:id="3">Hildenbrand 1911 (Steinsaal), Nr.178</bibl>
        </listBibl>
			</div>
			<div subtype="concordances" type="bibliography" org="uniform" sample="complete">
				<listBibl>
					<bibl type="EDCS"><idno>EDCS-11000116</idno><date>zuletzt abgerufen 2023-07-14</date></bibl>
					<bibl type="EDH"><idno>HD076038</idno><date>Version von 2021-02-17</date></bibl>
					<bibl type="trismegistos"><idno>https://www.trismegistos.org/text/425080</idno><date>zuletzt abgerufen 2023-07-14</date></bibl>
					<bibl type="lupa"><idno>http://lupa.at/26685</idno><date>Version von 2016-10-21</date></bibl>
					<bibl type="other"><idno>https://cil.bbaw.de/ace/id/KO0000464</idno><date>zuletzt abgerufen 2023-07-14 </date></bibl>
				</listBibl>
			</div>
			<div type="edition" subtype="diplomatic" xml:id="majuscule" xml:lang="la" xml:space="preserve" org="uniform" sample="complete">
				<ab><lb n="1"/>MERCVR
<lb n="2"/>IO TOVRE
<lb n="3"/><unclear>N</unclear>O <unclear>F</unclear>IRM
<lb n="4"/>O A<unclear>T</unclear>RO<unclear>N</unclear>IS</ab></div>
			<div type="edition" xml:lang="la" xml:id="minuscule" subtype="normalised" xml:space="preserve" org="uniform" sample="complete"><ab><lb n="1"/>Mercur
<lb n="2" break="no"/>io Toure
<lb n="3" break="no"/>no Firm
<lb n="4" break="no"/>o Atronis</ab></div>
			<div type="translation" xml:lang="de" org="uniform" sample="complete">
				<p><p>Für <rs type="divine">Mercurius Tourenus</rs>!</p><p>Firmo (der Sohn) des Atro</p></p>
			</div>
			<div type="translation" xml:lang="en" org="uniform" sample="complete">
				<p><p>To <rs type="divine">Mercurius Tourenus</rs>!</p><p>Firmo (the son) of Atro</p></p>
			</div>
			<div type="apparatus" org="uniform" sample="complete">
				<app loc="2">
					<note anchored="true">T(vel i)out(vel r)e – CIL; Touṭe- – Riese; IO TOVE – Hildenbrand; IO TOVTE – Sprater, Bernhard, Hirte; IOTOVI[-]ES – EDH  </note>
				</app>
			
            <app loc="3">
                <note anchored="true">CETRN – Brambach; F(?)irmi(?) – CIL; no F̣irṃ- – Riese; NO FIRMI – Sprater, Bernhard, Hirte; IIO FIRMI – Hildenbrand; IIOETRM – EDH</note>
            </app>
        
            <app loc="4">
                <note anchored="true">OMROIVIS – Brambach; Ai(vel At vel Et)ronis – CIL; O Aironis (filio) – Hildenbrand; [i]o Aironis – Riese; O AIRONIS – Sprater, Bernhard; OAIRONIS – EDH; O SIRONIS – Hirte</note>
            </app>
        </div>
			<div type="commentary" subtype="general" org="uniform" sample="complete">                                                <p>Firmo Atronis: einheimisches Namensformular mit Angabe des Namens des Vaters im Genetiv</p>
                                                <p>Firmo: Kakoschke liest und kennt nur den lateinischen Namen Firmio (Kakoschke 2021, CN 1322)</p>
                                                <p>Atro: Kakoschke liest und kennt nur den lateinischen Namen Airo (Kakoschke 2021, CN 100) Vater des ersten.
			</p></div>
			<div type="commentary" subtype="language" org="uniform" sample="complete">
				<p> </p>
			</div>
			<div type="commentary" subtype="deity" org="uniform" sample="complete">                                                <rs type="divine">Tourenus</rs>: Die Ergänzung des Götternamens ist nicht gesichert, aber wahrscheinlich.<br/>
                                                <p> </p>
			</div>
			<linkGrp type="alignment" domains="#majuscule #minuscule">
			</linkGrp>
		</body>
		<back>
			<note type="Objbeschr_note"><p>Oben Pulvini mit viereckiger Vertiefung (CIL Kartei)</p><p>Oben Wülste mit viereckiger Vertiefung, innerhalb der letzteren eine halbkugelförmige Erhöhung (Hildenbrand, Steinsaal, 1911, S. 55, Nr. 178)</p></note>
			<note type="ArchKlass_note">                                                    <p><br/></p></note>
			<note type="Material_note"><p>weiß (CIL Kartei)<br/></p></note>
			<note type="Inschrifttraeger_note"/>
			<note type="VerwahrortOrt_note"/>
			<note type="InvNr_note"/>
			<note type="Fundstelle_note"/>
			<note type="Fundumst_note">                                                    Winf: Bei Cissonius 1011 kein Verweis auf gemeinsamen Fund, ergänzen? - 2.8. ergänzt.<br/></note>
			<note type="Fundjahr_note"><p>So EDH</p><p>1820 – Orelli 5917; so auch Steiner 1851-1864, N. 781</p></note>
			<note type="FOantik_note"/>
			<note type="FOmodern_note"/>
			<note type="civitas_note"/>
			<note type="Autopsie_note"><p><!--[if gte mso 9]><xml>
 <o:OfficeDocumentSettings>
  <o:AllowPNG></o:AllowPNG>
 </o:OfficeDocumentSettings>
</xml><![endif]--><!--[if gte mso 9]><xml>
 <w:WordDocument>
  <w:View>Normal</w:View>
  <w:Zoom>0</w:Zoom>
  <w:TrackMoves></w:TrackMoves>
  <w:TrackFormatting></w:TrackFormatting>
  <w:HyphenationZone>21</w:HyphenationZone>
  <w:PunctuationKerning></w:PunctuationKerning>
  <w:ValidateAgainstSchemas></w:ValidateAgainstSchemas>
  <w:SaveIfXMLInvalid>false</w:SaveIfXMLInvalid>
  <w:IgnoreMixedContent>false</w:IgnoreMixedContent>
  <w:AlwaysShowPlaceholderText>false</w:AlwaysShowPlaceholderText>
  <w:DoNotPromoteQF></w:DoNotPromoteQF>
  <w:LidThemeOther>DE-AT</w:LidThemeOther>
  <w:LidThemeAsian>X-NONE</w:LidThemeAsian>
  <w:LidThemeComplexScript>X-NONE</w:LidThemeComplexScript>
  <w:Compatibility>
   <w:BreakWrappedTables></w:BreakWrappedTables>
   <w:SnapToGridInCell></w:SnapToGridInCell>
   <w:WrapTextWithPunct></w:WrapTextWithPunct>
   <w:UseAsianBreakRules></w:UseAsianBreakRules>
   <w:DontGrowAutofit></w:DontGrowAutofit>
   <w:SplitPgBreakAndParaMark></w:SplitPgBreakAndParaMark>
   <w:EnableOpenTypeKerning></w:EnableOpenTypeKerning>
   <w:DontFlipMirrorIndents></w:DontFlipMirrorIndents>
   <w:OverrideTableStyleHps></w:OverrideTableStyleHps>
  </w:Compatibility>
  <m:mathPr>
   <m:mathFont m:val="Cambria Math"></m:mathFont>
   <m:brkBin m:val="before"></m:brkBin>
   <m:brkBinSub m:val="&#45;-"></m:brkBinSub>
   <m:smallFrac m:val="off"></m:smallFrac>
   <m:dispDef></m:dispDef>
   <m:lMargin m:val="0"></m:lMargin>
   <m:rMargin m:val="0"></m:rMargin>
   <m:defJc m:val="centerGroup"></m:defJc>
   <m:wrapIndent m:val="1440"></m:wrapIndent>
   <m:intLim m:val="subSup"></m:intLim>
   <m:naryLim m:val="undOvr"></m:naryLim>
  </m:mathPr></w:WordDocument>
</xml><![endif]--><!--[if gte mso 9]><xml>
 <w:LatentStyles DefLockedState="false" DefUnhideWhenUsed="false"
  DefSemiHidden="false" DefQFormat="false" DefPriority="99"
  LatentStyleCount="376">
  <w:LsdException Locked="false" Priority="0" QFormat="true" Name="Normal"></w:LsdException>
  <w:LsdException Locked="false" Priority="9" QFormat="true" Name="heading 1"></w:LsdException>
  <w:LsdException Locked="false" Priority="9" SemiHidden="true"
   UnhideWhenUsed="true" QFormat="true" Name="heading 2"></w:LsdException>
  <w:LsdException Locked="false" Priority="9" SemiHidden="true"
   UnhideWhenUsed="true" QFormat="true" Name="heading 3"></w:LsdException>
  <w:LsdException Locked="false" Priority="9" SemiHidden="true"
   UnhideWhenUsed="true" QFormat="true" Name="heading 4"></w:LsdException>
  <w:LsdException Locked="false" Priority="9" SemiHidden="true"
   UnhideWhenUsed="true" QFormat="true" Name="heading 5"></w:LsdException>
  <w:LsdException Locked="false" Priority="9" SemiHidden="true"
   UnhideWhenUsed="true" QFormat="true" Name="heading 6"></w:LsdException>
  <w:LsdException Locked="false" Priority="9" SemiHidden="true"
   UnhideWhenUsed="true" QFormat="true" Name="heading 7"></w:LsdException>
  <w:LsdException Locked="false" Priority="9" SemiHidden="true"
   UnhideWhenUsed="true" QFormat="true" Name="heading 8"></w:LsdException>
  <w:LsdException Locked="false" Priority="9" SemiHidden="true"
   UnhideWhenUsed="true" QFormat="true" Name="heading 9"></w:LsdException>
  <w:LsdException Locked="false" SemiHidden="true" UnhideWhenUsed="true"
   Name="index 1"></w:LsdException>
  <w:LsdException Locked="false" SemiHidden="true" UnhideWhenUsed="true"
   Name="index 2"></w:LsdException>
  <w:LsdException Locked="false" SemiHidden="true" UnhideWhenUsed="true"
   Name="index 3"></w:LsdException>
  <w:LsdException Locked="false" SemiHidden="true" UnhideWhenUsed="true"
   Name="index 4"></w:LsdException>
  <w:LsdException Locked="false" SemiHidden="true" UnhideWhenUsed="true"
   Name="index 5"></w:LsdException>
  <w:LsdException Locked="false" SemiHidden="true" UnhideWhenUsed="true"
   Name="index 6"></w:LsdException>
  <w:LsdException Locked="false" SemiHidden="true" UnhideWhenUsed="true"
   Name="index 7"></w:LsdException>
  <w:LsdException Locked="false" SemiHidden="true" UnhideWhenUsed="true"
   Name="index 8"></w:LsdException>
  <w:LsdException Locked="false" SemiHidden="true" UnhideWhenUsed="true"
   Name="index 9"></w:LsdException>
  <w:LsdException Locked="false" Priority="39" SemiHidden="true"
   UnhideWhenUsed="true" Name="toc 1"></w:LsdException>
  <w:LsdException Locked="false" Priority="39" SemiHidden="true"
   UnhideWhenUsed="true" Name="toc 2"></w:LsdException>
  <w:LsdException Locked="false" Priority="39" SemiHidden="true"
   UnhideWhenUsed="true" Name="toc 3"></w:LsdException>
  <w:LsdException Locked="false" Priority="39" SemiHidden="true"
   UnhideWhenUsed="true" Name="toc 4"></w:LsdException>
  <w:LsdException Locked="false" Priority="39" SemiHidden="true"
   UnhideWhenUsed="true" Name="toc 5"></w:LsdException>
  <w:LsdException Locked="false" Priority="39" SemiHidden="true"
   UnhideWhenUsed="true" Name="toc 6"></w:LsdException>
  <w:LsdException Locked="false" Priority="39" SemiHidden="true"
   UnhideWhenUsed="true" Name="toc 7"></w:LsdException>
  <w:LsdException Locked="false" Priority="39" SemiHidden="true"
   UnhideWhenUsed="true" Name="toc 8"></w:LsdException>
  <w:LsdException Locked="false" Priority="39" SemiHidden="true"
   UnhideWhenUsed="true" Name="toc 9"></w:LsdException>
  <w:LsdException Locked="false" SemiHidden="true" UnhideWhenUsed="true"
   Name="Normal Indent"></w:LsdException>
  <w:LsdException Locked="false" SemiHidden="true" UnhideWhenUsed="true"
   Name="footnote text"></w:LsdException>
  <w:LsdException Locked="false" SemiHidden="true" UnhideWhenUsed="true"
   Name="annotation text"></w:LsdException>
  <w:LsdException Locked="false" SemiHidden="true" UnhideWhenUsed="true"
   Name="header"></w:LsdException>
  <w:LsdException Locked="false" SemiHidden="true" UnhideWhenUsed="true"
   Name="footer"></w:LsdException>
  <w:LsdException Locked="false" SemiHidden="true" UnhideWhenUsed="true"
   Name="index heading"></w:LsdException>
  <w:LsdException Locked="false" Priority="35" SemiHidden="true"
   UnhideWhenUsed="true" QFormat="true" Name="caption"></w:LsdException>
  <w:LsdException Locked="false" SemiHidden="true" UnhideWhenUsed="true"
   Name="table of figures"></w:LsdException>
  <w:LsdException Locked="false" SemiHidden="true" UnhideWhenUsed="true"
   Name="envelope address"></w:LsdException>
  <w:LsdException Locked="false" SemiHidden="true" UnhideWhenUsed="true"
   Name="envelope return"></w:LsdException>
  <w:LsdException Locked="false" SemiHidden="true" UnhideWhenUsed="true"
   Name="footnote reference"></w:LsdException>
  <w:LsdException Locked="false" SemiHidden="true" UnhideWhenUsed="true"
   Name="annotation reference"></w:LsdException>
  <w:LsdException Locked="false" SemiHidden="true" UnhideWhenUsed="true"
   Name="line number"></w:LsdException>
  <w:LsdException Locked="false" SemiHidden="true" UnhideWhenUsed="true"
   Name="page number"></w:LsdException>
  <w:LsdException Locked="false" SemiHidden="true" UnhideWhenUsed="true"
   Name="endnote reference"></w:LsdException>
  <w:LsdException Locked="false" SemiHidden="true" UnhideWhenUsed="true"
   Name="endnote text"></w:LsdException>
  <w:LsdException Locked="false" SemiHidden="true" UnhideWhenUsed="true"
   Name="table of authorities"></w:LsdException>
  <w:LsdException Locked="false" SemiHidden="true" UnhideWhenUsed="true"
   Name="macro"></w:LsdException>
  <w:LsdException Locked="false" SemiHidden="true" UnhideWhenUsed="true"
   Name="toa heading"></w:LsdException>
  <w:LsdException Locked="false" SemiHidden="true" UnhideWhenUsed="true"
   Name="List"></w:LsdException>
  <w:LsdException Locked="false" SemiHidden="true" UnhideWhenUsed="true"
   Name="List Bullet"></w:LsdException>
  <w:LsdException Locked="false" SemiHidden="true" UnhideWhenUsed="true"
   Name="List Number"></w:LsdException>
  <w:LsdException Locked="false" SemiHidden="true" UnhideWhenUsed="true"
   Name="List 2"></w:LsdException>
  <w:LsdException Locked="false" SemiHidden="true" UnhideWhenUsed="true"
   Name="List 3"></w:LsdException>
  <w:LsdException Locked="false" SemiHidden="true" UnhideWhenUsed="true"
   Name="List 4"></w:LsdException>
  <w:LsdException Locked="false" SemiHidden="true" UnhideWhenUsed="true"
   Name="List 5"></w:LsdException>
  <w:LsdException Locked="false" SemiHidden="true" UnhideWhenUsed="true"
   Name="List Bullet 2"></w:LsdException>
  <w:LsdException Locked="false" SemiHidden="true" UnhideWhenUsed="true"
   Name="List Bullet 3"></w:LsdException>
  <w:LsdException Locked="false" SemiHidden="true" UnhideWhenUsed="true"
   Name="List Bullet 4"></w:LsdException>
  <w:LsdException Locked="false" SemiHidden="true" UnhideWhenUsed="true"
   Name="List Bullet 5"></w:LsdException>
  <w:LsdException Locked="false" SemiHidden="true" UnhideWhenUsed="true"
   Name="List Number 2"></w:LsdException>
  <w:LsdException Locked="false" SemiHidden="true" UnhideWhenUsed="true"
   Name="List Number 3"></w:LsdException>
  <w:LsdException Locked="false" SemiHidden="true" UnhideWhenUsed="true"
   Name="List Number 4"></w:LsdException>
  <w:LsdException Locked="false" SemiHidden="true" UnhideWhenUsed="true"
   Name="List Number 5"></w:LsdException>
  <w:LsdException Locked="false" Priority="10" QFormat="true" Name="Title"></w:LsdException>
  <w:LsdException Locked="false" SemiHidden="true" UnhideWhenUsed="true"
   Name="Closing"></w:LsdException>
  <w:LsdException Locked="false" SemiHidden="true" UnhideWhenUsed="true"
   Name="Signature"></w:LsdException>
  <w:LsdException Locked="false" Priority="1" SemiHidden="true"
   UnhideWhenUsed="true" Name="Default Paragraph Font"></w:LsdException>
  <w:LsdException Locked="false" SemiHidden="true" UnhideWhenUsed="true"
   Name="Body Text"></w:LsdException>
  <w:LsdException Locked="false" SemiHidden="true" UnhideWhenUsed="true"
   Name="Body Text Indent"></w:LsdException>
  <w:LsdException Locked="false" SemiHidden="true" UnhideWhenUsed="true"
   Name="List Continue"></w:LsdException>
  <w:LsdException Locked="false" SemiHidden="true" UnhideWhenUsed="true"
   Name="List Continue 2"></w:LsdException>
  <w:LsdException Locked="false" SemiHidden="true" UnhideWhenUsed="true"
   Name="List Continue 3"></w:LsdException>
  <w:LsdException Locked="false" SemiHidden="true" UnhideWhenUsed="true"
   Name="List Continue 4"></w:LsdException>
  <w:LsdException Locked="false" SemiHidden="true" UnhideWhenUsed="true"
   Name="List Continue 5"></w:LsdException>
  <w:LsdException Locked="false" SemiHidden="true" UnhideWhenUsed="true"
   Name="Message Header"></w:LsdException>
  <w:LsdException Locked="false" Priority="11" QFormat="true" Name="Subtitle"></w:LsdException>
  <w:LsdException Locked="false" SemiHidden="true" UnhideWhenUsed="true"
   Name="Salutation"></w:LsdException>
  <w:LsdException Locked="false" SemiHidden="true" UnhideWhenUsed="true"
   Name="Date"></w:LsdException>
  <w:LsdException Locked="false" SemiHidden="true" UnhideWhenUsed="true"
   Name="Body Text First Indent"></w:LsdException>
  <w:LsdException Locked="false" SemiHidden="true" UnhideWhenUsed="true"
   Name="Body Text First Indent 2"></w:LsdException>
  <w:LsdException Locked="false" SemiHidden="true" UnhideWhenUsed="true"
   Name="Note Heading"></w:LsdException>
  <w:LsdException Locked="false" SemiHidden="true" UnhideWhenUsed="true"
   Name="Body Text 2"></w:LsdException>
  <w:LsdException Locked="false" SemiHidden="true" UnhideWhenUsed="true"
   Name="Body Text 3"></w:LsdException>
  <w:LsdException Locked="false" SemiHidden="true" UnhideWhenUsed="true"
   Name="Body Text Indent 2"></w:LsdException>
  <w:LsdException Locked="false" SemiHidden="true" UnhideWhenUsed="true"
   Name="Body Text Indent 3"></w:LsdException>
  <w:LsdException Locked="false" SemiHidden="true" UnhideWhenUsed="true"
   Name="Block Text"></w:LsdException>
  <w:LsdException Locked="false" SemiHidden="true" UnhideWhenUsed="true"
   Name="Hyperlink"></w:LsdException>
  <w:LsdException Locked="false" SemiHidden="true" UnhideWhenUsed="true"
   Name="FollowedHyperlink"></w:LsdException>
  <w:LsdException Locked="false" Priority="22" QFormat="true" Name="Strong"></w:LsdException>
  <w:LsdException Locked="false" Priority="20" QFormat="true" Name="Emphasis"></w:LsdException>
  <w:LsdException Locked="false" SemiHidden="true" UnhideWhenUsed="true"
   Name="Document Map"></w:LsdException>
  <w:LsdException Locked="false" SemiHidden="true" UnhideWhenUsed="true"
   Name="Plain Text"></w:LsdException>
  <w:LsdException Locked="false" SemiHidden="true" UnhideWhenUsed="true"
   Name="E-mail Signature"></w:LsdException>
  <w:LsdException Locked="false" SemiHidden="true" UnhideWhenUsed="true"
   Name="HTML Top of Form"></w:LsdException>
  <w:LsdException Locked="false" SemiHidden="true" UnhideWhenUsed="true"
   Name="HTML Bottom of Form"></w:LsdException>
  <w:LsdException Locked="false" SemiHidden="true" UnhideWhenUsed="true"
   Name="Normal (Web)"></w:LsdException>
  <w:LsdException Locked="false" SemiHidden="true" UnhideWhenUsed="true"
   Name="HTML Acronym"></w:LsdException>
  <w:LsdException Locked="false" SemiHidden="true" UnhideWhenUsed="true"
   Name="HTML Address"></w:LsdException>
  <w:LsdException Locked="false" SemiHidden="true" UnhideWhenUsed="true"
   Name="HTML Cite"></w:LsdException>
  <w:LsdException Locked="false" SemiHidden="true" UnhideWhenUsed="true"
   Name="HTML Code"></w:LsdException>
  <w:LsdException Locked="false" SemiHidden="true" UnhideWhenUsed="true"
   Name="HTML Definition"></w:LsdException>
  <w:LsdException Locked="false" SemiHidden="true" UnhideWhenUsed="true"
   Name="HTML Keyboard"></w:LsdException>
  <w:LsdException Locked="false" SemiHidden="true" UnhideWhenUsed="true"
   Name="HTML Preformatted"></w:LsdException>
  <w:LsdException Locked="false" SemiHidden="true" UnhideWhenUsed="true"
   Name="HTML Sample"></w:LsdException>
  <w:LsdException Locked="false" SemiHidden="true" UnhideWhenUsed="true"
   Name="HTML Typewriter"></w:LsdException>
  <w:LsdException Locked="false" SemiHidden="true" UnhideWhenUsed="true"
   Name="HTML Variable"></w:LsdException>
  <w:LsdException Locked="false" SemiHidden="true" UnhideWhenUsed="true"
   Name="Normal Table"></w:LsdException>
  <w:LsdException Locked="false" SemiHidden="true" UnhideWhenUsed="true"
   Name="annotation subject"></w:LsdException>
  <w:LsdException Locked="false" SemiHidden="true" UnhideWhenUsed="true"
   Name="No List"></w:LsdException>
  <w:LsdException Locked="false" SemiHidden="true" UnhideWhenUsed="true"
   Name="Outline List 1"></w:LsdException>
  <w:LsdException Locked="false" SemiHidden="true" UnhideWhenUsed="true"
   Name="Outline List 2"></w:LsdException>
  <w:LsdException Locked="false" SemiHidden="true" UnhideWhenUsed="true"
   Name="Outline List 3"></w:LsdException>
  <w:LsdException Locked="false" SemiHidden="true" UnhideWhenUsed="true"
   Name="Table Simple 1"></w:LsdException>
  <w:LsdException Locked="false" SemiHidden="true" UnhideWhenUsed="true"
   Name="Table Simple 2"></w:LsdException>
  <w:LsdException Locked="false" SemiHidden="true" UnhideWhenUsed="true"
   Name="Table Simple 3"></w:LsdException>
  <w:LsdException Locked="false" SemiHidden="true" UnhideWhenUsed="true"
   Name="Table Classic 1"></w:LsdException>
  <w:LsdException Locked="false" SemiHidden="true" UnhideWhenUsed="true"
   Name="Table Classic 2"></w:LsdException>
  <w:LsdException Locked="false" SemiHidden="true" UnhideWhenUsed="true"
   Name="Table Classic 3"></w:LsdException>
  <w:LsdException Locked="false" SemiHidden="true" UnhideWhenUsed="true"
   Name="Table Classic 4"></w:LsdException>
  <w:LsdException Locked="false" SemiHidden="true" UnhideWhenUsed="true"
   Name="Table Colorful 1"></w:LsdException>
  <w:LsdException Locked="false" SemiHidden="true" UnhideWhenUsed="true"
   Name="Table Colorful 2"></w:LsdException>
  <w:LsdException Locked="false" SemiHidden="true" UnhideWhenUsed="true"
   Name="Table Colorful 3"></w:LsdException>
  <w:LsdException Locked="false" SemiHidden="true" UnhideWhenUsed="true"
   Name="Table Columns 1"></w:LsdException>
  <w:LsdException Locked="false" SemiHidden="true" UnhideWhenUsed="true"
   Name="Table Columns 2"></w:LsdException>
  <w:LsdException Locked="false" SemiHidden="true" UnhideWhenUsed="true"
   Name="Table Columns 3"></w:LsdException>
  <w:LsdException Locked="false" SemiHidden="true" UnhideWhenUsed="true"
   Name="Table Columns 4"></w:LsdException>
  <w:LsdException Locked="false" SemiHidden="true" UnhideWhenUsed="true"
   Name="Table Columns 5"></w:LsdException>
  <w:LsdException Locked="false" SemiHidden="true" UnhideWhenUsed="true"
   Name="Table Grid 1"></w:LsdException>
  <w:LsdException Locked="false" SemiHidden="true" UnhideWhenUsed="true"
   Name="Table Grid 2"></w:LsdException>
  <w:LsdException Locked="false" SemiHidden="true" UnhideWhenUsed="true"
   Name="Table Grid 3"></w:LsdException>
  <w:LsdException Locked="false" SemiHidden="true" UnhideWhenUsed="true"
   Name="Table Grid 4"></w:LsdException>
  <w:LsdException Locked="false" SemiHidden="true" UnhideWhenUsed="true"
   Name="Table Grid 5"></w:LsdException>
  <w:LsdException Locked="false" SemiHidden="true" UnhideWhenUsed="true"
   Name="Table Grid 6"></w:LsdException>
  <w:LsdException Locked="false" SemiHidden="true" UnhideWhenUsed="true"
   Name="Table Grid 7"></w:LsdException>
  <w:LsdException Locked="false" SemiHidden="true" UnhideWhenUsed="true"
   Name="Table Grid 8"></w:LsdException>
  <w:LsdException Locked="false" SemiHidden="true" UnhideWhenUsed="true"
   Name="Table List 1"></w:LsdException>
  <w:LsdException Locked="false" SemiHidden="true" UnhideWhenUsed="true"
   Name="Table List 2"></w:LsdException>
  <w:LsdException Locked="false" SemiHidden="true" UnhideWhenUsed="true"
   Name="Table List 3"></w:LsdException>
  <w:LsdException Locked="false" SemiHidden="true" UnhideWhenUsed="true"
   Name="Table List 4"></w:LsdException>
  <w:LsdException Locked="false" SemiHidden="true" UnhideWhenUsed="true"
   Name="Table List 5"></w:LsdException>
  <w:LsdException Locked="false" SemiHidden="true" UnhideWhenUsed="true"
   Name="Table List 6"></w:LsdException>
  <w:LsdException Locked="false" SemiHidden="true" UnhideWhenUsed="true"
   Name="Table List 7"></w:LsdException>
  <w:LsdException Locked="false" SemiHidden="true" UnhideWhenUsed="true"
   Name="Table List 8"></w:LsdException>
  <w:LsdException Locked="false" SemiHidden="true" UnhideWhenUsed="true"
   Name="Table 3D effects 1"></w:LsdException>
  <w:LsdException Locked="false" SemiHidden="true" UnhideWhenUsed="true"
   Name="Table 3D effects 2"></w:LsdException>
  <w:LsdException Locked="false" SemiHidden="true" UnhideWhenUsed="true"
   Name="Table 3D effects 3"></w:LsdException>
  <w:LsdException Locked="false" SemiHidden="true" UnhideWhenUsed="true"
   Name="Table Contemporary"></w:LsdException>
  <w:LsdException Locked="false" SemiHidden="true" UnhideWhenUsed="true"
   Name="Table Elegant"></w:LsdException>
  <w:LsdException Locked="false" SemiHidden="true" UnhideWhenUsed="true"
   Name="Table Professional"></w:LsdException>
  <w:LsdException Locked="false" SemiHidden="true" UnhideWhenUsed="true"
   Name="Table Subtle 1"></w:LsdException>
  <w:LsdException Locked="false" SemiHidden="true" UnhideWhenUsed="true"
   Name="Table Subtle 2"></w:LsdException>
  <w:LsdException Locked="false" SemiHidden="true" UnhideWhenUsed="true"
   Name="Table Web 1"></w:LsdException>
  <w:LsdException Locked="false" SemiHidden="true" UnhideWhenUsed="true"
   Name="Table Web 2"></w:LsdException>
  <w:LsdException Locked="false" SemiHidden="true" UnhideWhenUsed="true"
   Name="Table Web 3"></w:LsdException>
  <w:LsdException Locked="false" SemiHidden="true" UnhideWhenUsed="true"
   Name="Balloon Text"></w:LsdException>
  <w:LsdException Locked="false" Priority="39" Name="Table Grid"></w:LsdException>
  <w:LsdException Locked="false" SemiHidden="true" UnhideWhenUsed="true"
   Name="Table Theme"></w:LsdException>
  <w:LsdException Locked="false" SemiHidden="true" Name="Placeholder Text"></w:LsdException>
  <w:LsdException Locked="false" Priority="1" QFormat="true" Name="No Spacing"></w:LsdException>
  <w:LsdException Locked="false" Priority="60" Name="Light Shading"></w:LsdException>
  <w:LsdException Locked="false" Priority="61" Name="Light List"></w:LsdException>
  <w:LsdException Locked="false" Priority="62" Name="Light Grid"></w:LsdException>
  <w:LsdException Locked="false" Priority="63" Name="Medium Shading 1"></w:LsdException>
  <w:LsdException Locked="false" Priority="64" Name="Medium Shading 2"></w:LsdException>
  <w:LsdException Locked="false" Priority="65" Name="Medium List 1"></w:LsdException>
  <w:LsdException Locked="false" Priority="66" Name="Medium List 2"></w:LsdException>
  <w:LsdException Locked="false" Priority="67" Name="Medium Grid 1"></w:LsdException>
  <w:LsdException Locked="false" Priority="68" Name="Medium Grid 2"></w:LsdException>
  <w:LsdException Locked="false" Priority="69" Name="Medium Grid 3"></w:LsdException>
  <w:LsdException Locked="false" Priority="70" Name="Dark List"></w:LsdException>
  <w:LsdException Locked="false" Priority="71" Name="Colorful Shading"></w:LsdException>
  <w:LsdException Locked="false" Priority="72" Name="Colorful List"></w:LsdException>
  <w:LsdException Locked="false" Priority="73" Name="Colorful Grid"></w:LsdException>
  <w:LsdException Locked="false" Priority="60" Name="Light Shading Accent 1"></w:LsdException>
  <w:LsdException Locked="false" Priority="61" Name="Light List Accent 1"></w:LsdException>
  <w:LsdException Locked="false" Priority="62" Name="Light Grid Accent 1"></w:LsdException>
  <w:LsdException Locked="false" Priority="63" Name="Medium Shading 1 Accent 1"></w:LsdException>
  <w:LsdException Locked="false" Priority="64" Name="Medium Shading 2 Accent 1"></w:LsdException>
  <w:LsdException Locked="false" Priority="65" Name="Medium List 1 Accent 1"></w:LsdException>
  <w:LsdException Locked="false" SemiHidden="true" Name="Revision"></w:LsdException>
  <w:LsdException Locked="false" Priority="34" QFormat="true"
   Name="List Paragraph"></w:LsdException>
  <w:LsdException Locked="false" Priority="29" QFormat="true" Name="Quote"></w:LsdException>
  <w:LsdException Locked="false" Priority="30" QFormat="true"
   Name="Intense Quote"></w:LsdException>
  <w:LsdException Locked="false" Priority="66" Name="Medium List 2 Accent 1"></w:LsdException>
  <w:LsdException Locked="false" Priority="67" Name="Medium Grid 1 Accent 1"></w:LsdException>
  <w:LsdException Locked="false" Priority="68" Name="Medium Grid 2 Accent 1"></w:LsdException>
  <w:LsdException Locked="false" Priority="69" Name="Medium Grid 3 Accent 1"></w:LsdException>
  <w:LsdException Locked="false" Priority="70" Name="Dark List Accent 1"></w:LsdException>
  <w:LsdException Locked="false" Priority="71" Name="Colorful Shading Accent 1"></w:LsdException>
  <w:LsdException Locked="false" Priority="72" Name="Colorful List Accent 1"></w:LsdException>
  <w:LsdException Locked="false" Priority="73" Name="Colorful Grid Accent 1"></w:LsdException>
  <w:LsdException Locked="false" Priority="60" Name="Light Shading Accent 2"></w:LsdException>
  <w:LsdException Locked="false" Priority="61" Name="Light List Accent 2"></w:LsdException>
  <w:LsdException Locked="false" Priority="62" Name="Light Grid Accent 2"></w:LsdException>
  <w:LsdException Locked="false" Priority="63" Name="Medium Shading 1 Accent 2"></w:LsdException>
  <w:LsdException Locked="false" Priority="64" Name="Medium Shading 2 Accent 2"></w:LsdException>
  <w:LsdException Locked="false" Priority="65" Name="Medium List 1 Accent 2"></w:LsdException>
  <w:LsdException Locked="false" Priority="66" Name="Medium List 2 Accent 2"></w:LsdException>
  <w:LsdException Locked="false" Priority="67" Name="Medium Grid 1 Accent 2"></w:LsdException>
  <w:LsdException Locked="false" Priority="68" Name="Medium Grid 2 Accent 2"></w:LsdException>
  <w:LsdException Locked="false" Priority="69" Name="Medium Grid 3 Accent 2"></w:LsdException>
  <w:LsdException Locked="false" Priority="70" Name="Dark List Accent 2"></w:LsdException>
  <w:LsdException Locked="false" Priority="71" Name="Colorful Shading Accent 2"></w:LsdException>
  <w:LsdException Locked="false" Priority="72" Name="Colorful List Accent 2"></w:LsdException>
  <w:LsdException Locked="false" Priority="73" Name="Colorful Grid Accent 2"></w:LsdException>
  <w:LsdException Locked="false" Priority="60" Name="Light Shading Accent 3"></w:LsdException>
  <w:LsdException Locked="false" Priority="61" Name="Light List Accent 3"></w:LsdException>
  <w:LsdException Locked="false" Priority="62" Name="Light Grid Accent 3"></w:LsdException>
  <w:LsdException Locked="false" Priority="63" Name="Medium Shading 1 Accent 3"></w:LsdException>
  <w:LsdException Locked="false" Priority="64" Name="Medium Shading 2 Accent 3"></w:LsdException>
  <w:LsdException Locked="false" Priority="65" Name="Medium List 1 Accent 3"></w:LsdException>
  <w:LsdException Locked="false" Priority="66" Name="Medium List 2 Accent 3"></w:LsdException>
  <w:LsdException Locked="false" Priority="67" Name="Medium Grid 1 Accent 3"></w:LsdException>
  <w:LsdException Locked="false" Priority="68" Name="Medium Grid 2 Accent 3"></w:LsdException>
  <w:LsdException Locked="false" Priority="69" Name="Medium Grid 3 Accent 3"></w:LsdException>
  <w:LsdException Locked="false" Priority="70" Name="Dark List Accent 3"></w:LsdException>
  <w:LsdException Locked="false" Priority="71" Name="Colorful Shading Accent 3"></w:LsdException>
  <w:LsdException Locked="false" Priority="72" Name="Colorful List Accent 3"></w:LsdException>
  <w:LsdException Locked="false" Priority="73" Name="Colorful Grid Accent 3"></w:LsdException>
  <w:LsdException Locked="false" Priority="60" Name="Light Shading Accent 4"></w:LsdException>
  <w:LsdException Locked="false" Priority="61" Name="Light List Accent 4"></w:LsdException>
  <w:LsdException Locked="false" Priority="62" Name="Light Grid Accent 4"></w:LsdException>
  <w:LsdException Locked="false" Priority="63" Name="Medium Shading 1 Accent 4"></w:LsdException>
  <w:LsdException Locked="false" Priority="64" Name="Medium Shading 2 Accent 4"></w:LsdException>
  <w:LsdException Locked="false" Priority="65" Name="Medium List 1 Accent 4"></w:LsdException>
  <w:LsdException Locked="false" Priority="66" Name="Medium List 2 Accent 4"></w:LsdException>
  <w:LsdException Locked="false" Priority="67" Name="Medium Grid 1 Accent 4"></w:LsdException>
  <w:LsdException Locked="false" Priority="68" Name="Medium Grid 2 Accent 4"></w:LsdException>
  <w:LsdException Locked="false" Priority="69" Name="Medium Grid 3 Accent 4"></w:LsdException>
  <w:LsdException Locked="false" Priority="70" Name="Dark List Accent 4"></w:LsdException>
  <w:LsdException Locked="false" Priority="71" Name="Colorful Shading Accent 4"></w:LsdException>
  <w:LsdException Locked="false" Priority="72" Name="Colorful List Accent 4"></w:LsdException>
  <w:LsdException Locked="false" Priority="73" Name="Colorful Grid Accent 4"></w:LsdException>
  <w:LsdException Locked="false" Priority="60" Name="Light Shading Accent 5"></w:LsdException>
  <w:LsdException Locked="false" Priority="61" Name="Light List Accent 5"></w:LsdException>
  <w:LsdException Locked="false" Priority="62" Name="Light Grid Accent 5"></w:LsdException>
  <w:LsdException Locked="false" Priority="63" Name="Medium Shading 1 Accent 5"></w:LsdException>
  <w:LsdException Locked="false" Priority="64" Name="Medium Shading 2 Accent 5"></w:LsdException>
  <w:LsdException Locked="false" Priority="65" Name="Medium List 1 Accent 5"></w:LsdException>
  <w:LsdException Locked="false" Priority="66" Name="Medium List 2 Accent 5"></w:LsdException>
  <w:LsdException Locked="false" Priority="67" Name="Medium Grid 1 Accent 5"></w:LsdException>
  <w:LsdException Locked="false" Priority="68" Name="Medium Grid 2 Accent 5"></w:LsdException>
  <w:LsdException Locked="false" Priority="69" Name="Medium Grid 3 Accent 5"></w:LsdException>
  <w:LsdException Locked="false" Priority="70" Name="Dark List Accent 5"></w:LsdException>
  <w:LsdException Locked="false" Priority="71" Name="Colorful Shading Accent 5"></w:LsdException>
  <w:LsdException Locked="false" Priority="72" Name="Colorful List Accent 5"></w:LsdException>
  <w:LsdException Locked="false" Priority="73" Name="Colorful Grid Accent 5"></w:LsdException>
  <w:LsdException Locked="false" Priority="60" Name="Light Shading Accent 6"></w:LsdException>
  <w:LsdException Locked="false" Priority="61" Name="Light List Accent 6"></w:LsdException>
  <w:LsdException Locked="false" Priority="62" Name="Light Grid Accent 6"></w:LsdException>
  <w:LsdException Locked="false" Priority="63" Name="Medium Shading 1 Accent 6"></w:LsdException>
  <w:LsdException Locked="false" Priority="64" Name="Medium Shading 2 Accent 6"></w:LsdException>
  <w:LsdException Locked="false" Priority="65" Name="Medium List 1 Accent 6"></w:LsdException>
  <w:LsdException Locked="false" Priority="66" Name="Medium List 2 Accent 6"></w:LsdException>
  <w:LsdException Locked="false" Priority="67" Name="Medium Grid 1 Accent 6"></w:LsdException>
  <w:LsdException Locked="false" Priority="68" Name="Medium Grid 2 Accent 6"></w:LsdException>
  <w:LsdException Locked="false" Priority="69" Name="Medium Grid 3 Accent 6"></w:LsdException>
  <w:LsdException Locked="false" Priority="70" Name="Dark List Accent 6"></w:LsdException>
  <w:LsdException Locked="false" Priority="71" Name="Colorful Shading Accent 6"></w:LsdException>
  <w:LsdException Locked="false" Priority="72" Name="Colorful List Accent 6"></w:LsdException>
  <w:LsdException Locked="false" Priority="73" Name="Colorful Grid Accent 6"></w:LsdException>
  <w:LsdException Locked="false" Priority="19" QFormat="true"
   Name="Subtle Emphasis"></w:LsdException>
  <w:LsdException Locked="false" Priority="21" QFormat="true"
   Name="Intense Emphasis"></w:LsdException>
  <w:LsdException Locked="false" Priority="31" QFormat="true"
   Name="Subtle Reference"></w:LsdException>
  <w:LsdException Locked="false" Priority="32" QFormat="true"
   Name="Intense Reference"></w:LsdException>
  <w:LsdException Locked="false" Priority="33" QFormat="true" Name="Book Title"></w:LsdException>
  <w:LsdException Locked="false" Priority="37" SemiHidden="true"
   UnhideWhenUsed="true" Name="Bibliography"></w:LsdException>
  <w:LsdException Locked="false" Priority="39" SemiHidden="true"
   UnhideWhenUsed="true" QFormat="true" Name="TOC Heading"></w:LsdException>
  <w:LsdException Locked="false" Priority="41" Name="Plain Table 1"></w:LsdException>
  <w:LsdException Locked="false" Priority="42" Name="Plain Table 2"></w:LsdException>
  <w:LsdException Locked="false" Priority="43" Name="Plain Table 3"></w:LsdException>
  <w:LsdException Locked="false" Priority="44" Name="Plain Table 4"></w:LsdException>
  <w:LsdException Locked="false" Priority="45" Name="Plain Table 5"></w:LsdException>
  <w:LsdException Locked="false" Priority="40" Name="Grid Table Light"></w:LsdException>
  <w:LsdException Locked="false" Priority="46" Name="Grid Table 1 Light"></w:LsdException>
  <w:LsdException Locked="false" Priority="47" Name="Grid Table 2"></w:LsdException>
  <w:LsdException Locked="false" Priority="48" Name="Grid Table 3"></w:LsdException>
  <w:LsdException Locked="false" Priority="49" Name="Grid Table 4"></w:LsdException>
  <w:LsdException Locked="false" Priority="50" Name="Grid Table 5 Dark"></w:LsdException>
  <w:LsdException Locked="false" Priority="51" Name="Grid Table 6 Colorful"></w:LsdException>
  <w:LsdException Locked="false" Priority="52" Name="Grid Table 7 Colorful"></w:LsdException>
  <w:LsdException Locked="false" Priority="46"
   Name="Grid Table 1 Light Accent 1"></w:LsdException>
  <w:LsdException Locked="false" Priority="47" Name="Grid Table 2 Accent 1"></w:LsdException>
  <w:LsdException Locked="false" Priority="48" Name="Grid Table 3 Accent 1"></w:LsdException>
  <w:LsdException Locked="false" Priority="49" Name="Grid Table 4 Accent 1"></w:LsdException>
  <w:LsdException Locked="false" Priority="50" Name="Grid Table 5 Dark Accent 1"></w:LsdException>
  <w:LsdException Locked="false" Priority="51"
   Name="Grid Table 6 Colorful Accent 1"></w:LsdException>
  <w:LsdException Locked="false" Priority="52"
   Name="Grid Table 7 Colorful Accent 1"></w:LsdException>
  <w:LsdException Locked="false" Priority="46"
   Name="Grid Table 1 Light Accent 2"></w:LsdException>
  <w:LsdException Locked="false" Priority="47" Name="Grid Table 2 Accent 2"></w:LsdException>
  <w:LsdException Locked="false" Priority="48" Name="Grid Table 3 Accent 2"></w:LsdException>
  <w:LsdException Locked="false" Priority="49" Name="Grid Table 4 Accent 2"></w:LsdException>
  <w:LsdException Locked="false" Priority="50" Name="Grid Table 5 Dark Accent 2"></w:LsdException>
  <w:LsdException Locked="false" Priority="51"
   Name="Grid Table 6 Colorful Accent 2"></w:LsdException>
  <w:LsdException Locked="false" Priority="52"
   Name="Grid Table 7 Colorful Accent 2"></w:LsdException>
  <w:LsdException Locked="false" Priority="46"
   Name="Grid Table 1 Light Accent 3"></w:LsdException>
  <w:LsdException Locked="false" Priority="47" Name="Grid Table 2 Accent 3"></w:LsdException>
  <w:LsdException Locked="false" Priority="48" Name="Grid Table 3 Accent 3"></w:LsdException>
  <w:LsdException Locked="false" Priority="49" Name="Grid Table 4 Accent 3"></w:LsdException>
  <w:LsdException Locked="false" Priority="50" Name="Grid Table 5 Dark Accent 3"></w:LsdException>
  <w:LsdException Locked="false" Priority="51"
   Name="Grid Table 6 Colorful Accent 3"></w:LsdException>
  <w:LsdException Locked="false" Priority="52"
   Name="Grid Table 7 Colorful Accent 3"></w:LsdException>
  <w:LsdException Locked="false" Priority="46"
   Name="Grid Table 1 Light Accent 4"></w:LsdException>
  <w:LsdException Locked="false" Priority="47" Name="Grid Table 2 Accent 4"></w:LsdException>
  <w:LsdException Locked="false" Priority="48" Name="Grid Table 3 Accent 4"></w:LsdException>
  <w:LsdException Locked="false" Priority="49" Name="Grid Table 4 Accent 4"></w:LsdException>
  <w:LsdException Locked="false" Priority="50" Name="Grid Table 5 Dark Accent 4"></w:LsdException>
  <w:LsdException Locked="false" Priority="51"
   Name="Grid Table 6 Colorful Accent 4"></w:LsdException>
  <w:LsdException Locked="false" Priority="52"
   Name="Grid Table 7 Colorful Accent 4"></w:LsdException>
  <w:LsdException Locked="false" Priority="46"
   Name="Grid Table 1 Light Accent 5"></w:LsdException>
  <w:LsdException Locked="false" Priority="47" Name="Grid Table 2 Accent 5"></w:LsdException>
  <w:LsdException Locked="false" Priority="48" Name="Grid Table 3 Accent 5"></w:LsdException>
  <w:LsdException Locked="false" Priority="49" Name="Grid Table 4 Accent 5"></w:LsdException>
  <w:LsdException Locked="false" Priority="50" Name="Grid Table 5 Dark Accent 5"></w:LsdException>
  <w:LsdException Locked="false" Priority="51"
   Name="Grid Table 6 Colorful Accent 5"></w:LsdException>
  <w:LsdException Locked="false" Priority="52"
   Name="Grid Table 7 Colorful Accent 5"></w:LsdException>
  <w:LsdException Locked="false" Priority="46"
   Name="Grid Table 1 Light Accent 6"></w:LsdException>
  <w:LsdException Locked="false" Priority="47" Name="Grid Table 2 Accent 6"></w:LsdException>
  <w:LsdException Locked="false" Priority="48" Name="Grid Table 3 Accent 6"></w:LsdException>
  <w:LsdException Locked="false" Priority="49" Name="Grid Table 4 Accent 6"></w:LsdException>
  <w:LsdException Locked="false" Priority="50" Name="Grid Table 5 Dark Accent 6"></w:LsdException>
  <w:LsdException Locked="false" Priority="51"
   Name="Grid Table 6 Colorful Accent 6"></w:LsdException>
  <w:LsdException Locked="false" Priority="52"
   Name="Grid Table 7 Colorful Accent 6"></w:LsdException>
  <w:LsdException Locked="false" Priority="46" Name="List Table 1 Light"></w:LsdException>
  <w:LsdException Locked="false" Priority="47" Name="List Table 2"></w:LsdException>
  <w:LsdException Locked="false" Priority="48" Name="List Table 3"></w:LsdException>
  <w:LsdException Locked="false" Priority="49" Name="List Table 4"></w:LsdException>
  <w:LsdException Locked="false" Priority="50" Name="List Table 5 Dark"></w:LsdException>
  <w:LsdException Locked="false" Priority="51" Name="List Table 6 Colorful"></w:LsdException>
  <w:LsdException Locked="false" Priority="52" Name="List Table 7 Colorful"></w:LsdException>
  <w:LsdException Locked="false" Priority="46"
   Name="List Table 1 Light Accent 1"></w:LsdException>
  <w:LsdException Locked="false" Priority="47" Name="List Table 2 Accent 1"></w:LsdException>
  <w:LsdException Locked="false" Priority="48" Name="List Table 3 Accent 1"></w:LsdException>
  <w:LsdException Locked="false" Priority="49" Name="List Table 4 Accent 1"></w:LsdException>
  <w:LsdException Locked="false" Priority="50" Name="List Table 5 Dark Accent 1"></w:LsdException>
  <w:LsdException Locked="false" Priority="51"
   Name="List Table 6 Colorful Accent 1"></w:LsdException>
  <w:LsdException Locked="false" Priority="52"
   Name="List Table 7 Colorful Accent 1"></w:LsdException>
  <w:LsdException Locked="false" Priority="46"
   Name="List Table 1 Light Accent 2"></w:LsdException>
  <w:LsdException Locked="false" Priority="47" Name="List Table 2 Accent 2"></w:LsdException>
  <w:LsdException Locked="false" Priority="48" Name="List Table 3 Accent 2"></w:LsdException>
  <w:LsdException Locked="false" Priority="49" Name="List Table 4 Accent 2"></w:LsdException>
  <w:LsdException Locked="false" Priority="50" Name="List Table 5 Dark Accent 2"></w:LsdException>
  <w:LsdException Locked="false" Priority="51"
   Name="List Table 6 Colorful Accent 2"></w:LsdException>
  <w:LsdException Locked="false" Priority="52"
   Name="List Table 7 Colorful Accent 2"></w:LsdException>
  <w:LsdException Locked="false" Priority="46"
   Name="List Table 1 Light Accent 3"></w:LsdException>
  <w:LsdException Locked="false" Priority="47" Name="List Table 2 Accent 3"></w:LsdException>
  <w:LsdException Locked="false" Priority="48" Name="List Table 3 Accent 3"></w:LsdException>
  <w:LsdException Locked="false" Priority="49" Name="List Table 4 Accent 3"></w:LsdException>
  <w:LsdException Locked="false" Priority="50" Name="List Table 5 Dark Accent 3"></w:LsdException>
  <w:LsdException Locked="false" Priority="51"
   Name="List Table 6 Colorful Accent 3"></w:LsdException>
  <w:LsdException Locked="false" Priority="52"
   Name="List Table 7 Colorful Accent 3"></w:LsdException>
  <w:LsdException Locked="false" Priority="46"
   Name="List Table 1 Light Accent 4"></w:LsdException>
  <w:LsdException Locked="false" Priority="47" Name="List Table 2 Accent 4"></w:LsdException>
  <w:LsdException Locked="false" Priority="48" Name="List Table 3 Accent 4"></w:LsdException>
  <w:LsdException Locked="false" Priority="49" Name="List Table 4 Accent 4"></w:LsdException>
  <w:LsdException Locked="false" Priority="50" Name="List Table 5 Dark Accent 4"></w:LsdException>
  <w:LsdException Locked="false" Priority="51"
   Name="List Table 6 Colorful Accent 4"></w:LsdException>
  <w:LsdException Locked="false" Priority="52"
   Name="List Table 7 Colorful Accent 4"></w:LsdException>
  <w:LsdException Locked="false" Priority="46"
   Name="List Table 1 Light Accent 5"></w:LsdException>
  <w:LsdException Locked="false" Priority="47" Name="List Table 2 Accent 5"></w:LsdException>
  <w:LsdException Locked="false" Priority="48" Name="List Table 3 Accent 5"></w:LsdException>
  <w:LsdException Locked="false" Priority="49" Name="List Table 4 Accent 5"></w:LsdException>
  <w:LsdException Locked="false" Priority="50" Name="List Table 5 Dark Accent 5"></w:LsdException>
  <w:LsdException Locked="false" Priority="51"
   Name="List Table 6 Colorful Accent 5"></w:LsdException>
  <w:LsdException Locked="false" Priority="52"
   Name="List Table 7 Colorful Accent 5"></w:LsdException>
  <w:LsdException Locked="false" Priority="46"
   Name="List Table 1 Light Accent 6"></w:LsdException>
  <w:LsdException Locked="false" Priority="47" Name="List Table 2 Accent 6"></w:LsdException>
  <w:LsdException Locked="false" Priority="48" Name="List Table 3 Accent 6"></w:LsdException>
  <w:LsdException Locked="false" Priority="49" Name="List Table 4 Accent 6"></w:LsdException>
  <w:LsdException Locked="false" Priority="50" Name="List Table 5 Dark Accent 6"></w:LsdException>
  <w:LsdException Locked="false" Priority="51"
   Name="List Table 6 Colorful Accent 6"></w:LsdException>
  <w:LsdException Locked="false" Priority="52"
   Name="List Table 7 Colorful Accent 6"></w:LsdException>
  <w:LsdException Locked="false" SemiHidden="true" UnhideWhenUsed="true"
   Name="Mention"></w:LsdException>
  <w:LsdException Locked="false" SemiHidden="true" UnhideWhenUsed="true"
   Name="Smart Hyperlink"></w:LsdException>
  <w:LsdException Locked="false" SemiHidden="true" UnhideWhenUsed="true"
   Name="Hashtag"></w:LsdException>
  <w:LsdException Locked="false" SemiHidden="true" UnhideWhenUsed="true"
   Name="Unresolved Mention"></w:LsdException>
  <w:LsdException Locked="false" SemiHidden="true" UnhideWhenUsed="true"
   Name="Smart Link"></w:LsdException>
 </w:LatentStyles>
</xml><![endif]--><!--[if gte mso 10]>
<style>
 /* Style Definitions */
 table.MsoNormalTable
	{mso-style-name:"Normale Tabelle";
	mso-tstyle-rowband-size:0;
	mso-tstyle-colband-size:0;
	mso-style-noshow:yes;
	mso-style-priority:99;
	mso-style-parent:"";
	mso-padding-alt:0cm 5.4pt 0cm 5.4pt;
	mso-para-margin-top:0cm;
	mso-para-margin-right:0cm;
	mso-para-margin-bottom:8.0pt;
	mso-para-margin-left:0cm;
	line-height:107%;
	mso-pagination:widow-orphan;
	font-size:11.0pt;
	font-family:"Calibri",sans-serif;
	mso-ascii-font-family:Calibri;
	mso-ascii-theme-font:minor-latin;
	mso-hansi-font-family:Calibri;
	mso-hansi-theme-font:minor-latin;
	mso-bidi-font-family:"Times New Roman";
	mso-bidi-theme-font:minor-bidi;
	mso-fareast-language:EN-US;}
</style>
<![endif]-->

</p><span style="font-size:12.0pt;font-family:LeedsUniExt">Lesung
in <span style="mso-bidi-font-style:italic">CIL Kartei vertraue ich nicht, nach
Photo anders</span></span><span style="font-size:12.0pt;font-family:LeedsUniExt; mso-bidi-font-style:italic"> <b style="mso-bidi-font-weight:normal"><span style="background:yellow;mso-highlight: yellow">Autopsie wäre gut</span></b></span>

<!--[if gte mso 9]><xml>
 <o:OfficeDocumentSettings>
  <o:AllowPNG/>
 </o:OfficeDocumentSettings>
</xml><![endif]--><!--[if gte mso 9]><xml>
 <w:WordDocument>
  <w:View>Normal</w:View>
  <w:Zoom>0</w:Zoom>
  <w:TrackMoves/>
  <w:TrackFormatting/>
  <w:HyphenationZone>21</w:HyphenationZone>
  <w:PunctuationKerning/>
  <w:ValidateAgainstSchemas/>
  <w:SaveIfXMLInvalid>false</w:SaveIfXMLInvalid>
  <w:IgnoreMixedContent>false</w:IgnoreMixedContent>
  <w:AlwaysShowPlaceholderText>false</w:AlwaysShowPlaceholderText>
  <w:DoNotPromoteQF/>
  <w:LidThemeOther>DE-AT</w:LidThemeOther>
  <w:LidThemeAsian>X-NONE</w:LidThemeAsian>
  <w:LidThemeComplexScript>X-NONE</w:LidThemeComplexScript>
  <w:Compatibility>
   <w:BreakWrappedTables/>
   <w:SnapToGridInCell/>
   <w:WrapTextWithPunct/>
   <w:UseAsianBreakRules/>
   <w:DontGrowAutofit/>
   <w:SplitPgBreakAndParaMark/>
   <w:EnableOpenTypeKerning/>
   <w:DontFlipMirrorIndents/>
   <w:OverrideTableStyleHps/>
  </w:Compatibility>
  <m:mathPr>
   <m:mathFont m:val="Cambria Math"/>
   <m:brkBin m:val="before"/>
   <m:brkBinSub m:val="&#45;-"/>
   <m:smallFrac m:val="off"/>
   <m:dispDef/>
   <m:lMargin m:val="0"/>
   <m:rMargin m:val="0"/>
   <m:defJc m:val="centerGroup"/>
   <m:wrapIndent m:val="1440"/>
   <m:intLim m:val="subSup"/>
   <m:naryLim m:val="undOvr"/>
  </m:mathPr></w:WordDocument>
</xml><![endif]--><!--[if gte mso 9]><xml>
 <w:LatentStyles DefLockedState="false" DefUnhideWhenUsed="false"
  DefSemiHidden="false" DefQFormat="false" DefPriority="99"
  LatentStyleCount="376">
  <w:LsdException Locked="false" Priority="0" QFormat="true" Name="Normal"/>
  <w:LsdException Locked="false" Priority="9" QFormat="true" Name="heading 1"/>
  <w:LsdException Locked="false" Priority="9" SemiHidden="true"
   UnhideWhenUsed="true" QFormat="true" Name="heading 2"/>
  <w:LsdException Locked="false" Priority="9" SemiHidden="true"
   UnhideWhenUsed="true" QFormat="true" Name="heading 3"/>
  <w:LsdException Locked="false" Priority="9" SemiHidden="true"
   UnhideWhenUsed="true" QFormat="true" Name="heading 4"/>
  <w:LsdException Locked="false" Priority="9" SemiHidden="true"
   UnhideWhenUsed="true" QFormat="true" Name="heading 5"/>
  <w:LsdException Locked="false" Priority="9" SemiHidden="true"
   UnhideWhenUsed="true" QFormat="true" Name="heading 6"/>
  <w:LsdException Locked="false" Priority="9" SemiHidden="true"
   UnhideWhenUsed="true" QFormat="true" Name="heading 7"/>
  <w:LsdException Locked="false" Priority="9" SemiHidden="true"
   UnhideWhenUsed="true" QFormat="true" Name="heading 8"/>
  <w:LsdException Locked="false" Priority="9" SemiHidden="true"
   UnhideWhenUsed="true" QFormat="true" Name="heading 9"/>
  <w:LsdException Locked="false" SemiHidden="true" UnhideWhenUsed="true"
   Name="index 1"/>
  <w:LsdException Locked="false" SemiHidden="true" UnhideWhenUsed="true"
   Name="index 2"/>
  <w:LsdException Locked="false" SemiHidden="true" UnhideWhenUsed="true"
   Name="index 3"/>
  <w:LsdException Locked="false" SemiHidden="true" UnhideWhenUsed="true"
   Name="index 4"/>
  <w:LsdException Locked="false" SemiHidden="true" UnhideWhenUsed="true"
   Name="index 5"/>
  <w:LsdException Locked="false" SemiHidden="true" UnhideWhenUsed="true"
   Name="index 6"/>
  <w:LsdException Locked="false" SemiHidden="true" UnhideWhenUsed="true"
   Name="index 7"/>
  <w:LsdException Locked="false" SemiHidden="true" UnhideWhenUsed="true"
   Name="index 8"/>
  <w:LsdException Locked="false" SemiHidden="true" UnhideWhenUsed="true"
   Name="index 9"/>
  <w:LsdException Locked="false" Priority="39" SemiHidden="true"
   UnhideWhenUsed="true" Name="toc 1"/>
  <w:LsdException Locked="false" Priority="39" SemiHidden="true"
   UnhideWhenUsed="true" Name="toc 2"/>
  <w:LsdException Locked="false" Priority="39" SemiHidden="true"
   UnhideWhenUsed="true" Name="toc 3"/>
  <w:LsdException Locked="false" Priority="39" SemiHidden="true"
   UnhideWhenUsed="true" Name="toc 4"/>
  <w:LsdException Locked="false" Priority="39" SemiHidden="true"
   UnhideWhenUsed="true" Name="toc 5"/>
  <w:LsdException Locked="false" Priority="39" SemiHidden="true"
   UnhideWhenUsed="true" Name="toc 6"/>
  <w:LsdException Locked="false" Priority="39" SemiHidden="true"
   UnhideWhenUsed="true" Name="toc 7"/>
  <w:LsdException Locked="false" Priority="39" SemiHidden="true"
   UnhideWhenUsed="true" Name="toc 8"/>
  <w:LsdException Locked="false" Priority="39" SemiHidden="true"
   UnhideWhenUsed="true" Name="toc 9"/>
  <w:LsdException Locked="false" SemiHidden="true" UnhideWhenUsed="true"
   Name="Normal Indent"/>
  <w:LsdException Locked="false" SemiHidden="true" UnhideWhenUsed="true"
   Name="footnote text"/>
  <w:LsdException Locked="false" SemiHidden="true" UnhideWhenUsed="true"
   Name="annotation text"/>
  <w:LsdException Locked="false" SemiHidden="true" UnhideWhenUsed="true"
   Name="header"/>
  <w:LsdException Locked="false" SemiHidden="true" UnhideWhenUsed="true"
   Name="footer"/>
  <w:LsdException Locked="false" SemiHidden="true" UnhideWhenUsed="true"
   Name="index heading"/>
  <w:LsdException Locked="false" Priority="35" SemiHidden="true"
   UnhideWhenUsed="true" QFormat="true" Name="caption"/>
  <w:LsdException Locked="false" SemiHidden="true" UnhideWhenUsed="true"
   Name="table of figures"/>
  <w:LsdException Locked="false" SemiHidden="true" UnhideWhenUsed="true"
   Name="envelope address"/>
  <w:LsdException Locked="false" SemiHidden="true" UnhideWhenUsed="true"
   Name="envelope return"/>
  <w:LsdException Locked="false" SemiHidden="true" UnhideWhenUsed="true"
   Name="footnote reference"/>
  <w:LsdException Locked="false" SemiHidden="true" UnhideWhenUsed="true"
   Name="annotation reference"/>
  <w:LsdException Locked="false" SemiHidden="true" UnhideWhenUsed="true"
   Name="line number"/>
  <w:LsdException Locked="false" SemiHidden="true" UnhideWhenUsed="true"
   Name="page number"/>
  <w:LsdException Locked="false" SemiHidden="true" UnhideWhenUsed="true"
   Name="endnote reference"/>
  <w:LsdException Locked="false" SemiHidden="true" UnhideWhenUsed="true"
   Name="endnote text"/>
  <w:LsdException Locked="false" SemiHidden="true" UnhideWhenUsed="true"
   Name="table of authorities"/>
  <w:LsdException Locked="false" SemiHidden="true" UnhideWhenUsed="true"
   Name="macro"/>
  <w:LsdException Locked="false" SemiHidden="true" UnhideWhenUsed="true"
   Name="toa heading"/>
  <w:LsdException Locked="false" SemiHidden="true" UnhideWhenUsed="true"
   Name="List"/>
  <w:LsdException Locked="false" SemiHidden="true" UnhideWhenUsed="true"
   Name="List Bullet"/>
  <w:LsdException Locked="false" SemiHidden="true" UnhideWhenUsed="true"
   Name="List Number"/>
  <w:LsdException Locked="false" SemiHidden="true" UnhideWhenUsed="true"
   Name="List 2"/>
  <w:LsdException Locked="false" SemiHidden="true" UnhideWhenUsed="true"
   Name="List 3"/>
  <w:LsdException Locked="false" SemiHidden="true" UnhideWhenUsed="true"
   Name="List 4"/>
  <w:LsdException Locked="false" SemiHidden="true" UnhideWhenUsed="true"
   Name="List 5"/>
  <w:LsdException Locked="false" SemiHidden="true" UnhideWhenUsed="true"
   Name="List Bullet 2"/>
  <w:LsdException Locked="false" SemiHidden="true" UnhideWhenUsed="true"
   Name="List Bullet 3"/>
  <w:LsdException Locked="false" SemiHidden="true" UnhideWhenUsed="true"
   Name="List Bullet 4"/>
  <w:LsdException Locked="false" SemiHidden="true" UnhideWhenUsed="true"
   Name="List Bullet 5"/>
  <w:LsdException Locked="false" SemiHidden="true" UnhideWhenUsed="true"
   Name="List Number 2"/>
  <w:LsdException Locked="false" SemiHidden="true" UnhideWhenUsed="true"
   Name="List Number 3"/>
  <w:LsdException Locked="false" SemiHidden="true" UnhideWhenUsed="true"
   Name="List Number 4"/>
  <w:LsdException Locked="false" SemiHidden="true" UnhideWhenUsed="true"
   Name="List Number 5"/>
  <w:LsdException Locked="false" Priority="10" QFormat="true" Name="Title"/>
  <w:LsdException Locked="false" SemiHidden="true" UnhideWhenUsed="true"
   Name="Closing"/>
  <w:LsdException Locked="false" SemiHidden="true" UnhideWhenUsed="true"
   Name="Signature"/>
  <w:LsdException Locked="false" Priority="1" SemiHidden="true"
   UnhideWhenUsed="true" Name="Default Paragraph Font"/>
  <w:LsdException Locked="false" SemiHidden="true" UnhideWhenUsed="true"
   Name="Body Text"/>
  <w:LsdException Locked="false" SemiHidden="true" UnhideWhenUsed="true"
   Name="Body Text Indent"/>
  <w:LsdException Locked="false" SemiHidden="true" UnhideWhenUsed="true"
   Name="List Continue"/>
  <w:LsdException Locked="false" SemiHidden="true" UnhideWhenUsed="true"
   Name="List Continue 2"/>
  <w:LsdException Locked="false" SemiHidden="true" UnhideWhenUsed="true"
   Name="List Continue 3"/>
  <w:LsdException Locked="false" SemiHidden="true" UnhideWhenUsed="true"
   Name="List Continue 4"/>
  <w:LsdException Locked="false" SemiHidden="true" UnhideWhenUsed="true"
   Name="List Continue 5"/>
  <w:LsdException Locked="false" SemiHidden="true" UnhideWhenUsed="true"
   Name="Message Header"/>
  <w:LsdException Locked="false" Priority="11" QFormat="true" Name="Subtitle"/>
  <w:LsdException Locked="false" SemiHidden="true" UnhideWhenUsed="true"
   Name="Salutation"/>
  <w:LsdException Locked="false" SemiHidden="true" UnhideWhenUsed="true"
   Name="Date"/>
  <w:LsdException Locked="false" SemiHidden="true" UnhideWhenUsed="true"
   Name="Body Text First Indent"/>
  <w:LsdException Locked="false" SemiHidden="true" UnhideWhenUsed="true"
   Name="Body Text First Indent 2"/>
  <w:LsdException Locked="false" SemiHidden="true" UnhideWhenUsed="true"
   Name="Note Heading"/>
  <w:LsdException Locked="false" SemiHidden="true" UnhideWhenUsed="true"
   Name="Body Text 2"/>
  <w:LsdException Locked="false" SemiHidden="true" UnhideWhenUsed="true"
   Name="Body Text 3"/>
  <w:LsdException Locked="false" SemiHidden="true" UnhideWhenUsed="true"
   Name="Body Text Indent 2"/>
  <w:LsdException Locked="false" SemiHidden="true" UnhideWhenUsed="true"
   Name="Body Text Indent 3"/>
  <w:LsdException Locked="false" SemiHidden="true" UnhideWhenUsed="true"
   Name="Block Text"/>
  <w:LsdException Locked="false" SemiHidden="true" UnhideWhenUsed="true"
   Name="Hyperlink"/>
  <w:LsdException Locked="false" SemiHidden="true" UnhideWhenUsed="true"
   Name="FollowedHyperlink"/>
  <w:LsdException Locked="false" Priority="22" QFormat="true" Name="Strong"/>
  <w:LsdException Locked="false" Priority="20" QFormat="true" Name="Emphasis"/>
  <w:LsdException Locked="false" SemiHidden="true" UnhideWhenUsed="true"
   Name="Document Map"/>
  <w:LsdException Locked="false" SemiHidden="true" UnhideWhenUsed="true"
   Name="Plain Text"/>
  <w:LsdException Locked="false" SemiHidden="true" UnhideWhenUsed="true"
   Name="E-mail Signature"/>
  <w:LsdException Locked="false" SemiHidden="true" UnhideWhenUsed="true"
   Name="HTML Top of Form"/>
  <w:LsdException Locked="false" SemiHidden="true" UnhideWhenUsed="true"
   Name="HTML Bottom of Form"/>
  <w:LsdException Locked="false" SemiHidden="true" UnhideWhenUsed="true"
   Name="Normal (Web)"/>
  <w:LsdException Locked="false" SemiHidden="true" UnhideWhenUsed="true"
   Name="HTML Acronym"/>
  <w:LsdException Locked="false" SemiHidden="true" UnhideWhenUsed="true"
   Name="HTML Address"/>
  <w:LsdException Locked="false" SemiHidden="true" UnhideWhenUsed="true"
   Name="HTML Cite"/>
  <w:LsdException Locked="false" SemiHidden="true" UnhideWhenUsed="true"
   Name="HTML Code"/>
  <w:LsdException Locked="false" SemiHidden="true" UnhideWhenUsed="true"
   Name="HTML Definition"/>
  <w:LsdException Locked="false" SemiHidden="true" UnhideWhenUsed="true"
   Name="HTML Keyboard"/>
  <w:LsdException Locked="false" SemiHidden="true" UnhideWhenUsed="true"
   Name="HTML Preformatted"/>
  <w:LsdException Locked="false" SemiHidden="true" UnhideWhenUsed="true"
   Name="HTML Sample"/>
  <w:LsdException Locked="false" SemiHidden="true" UnhideWhenUsed="true"
   Name="HTML Typewriter"/>
  <w:LsdException Locked="false" SemiHidden="true" UnhideWhenUsed="true"
   Name="HTML Variable"/>
  <w:LsdException Locked="false" SemiHidden="true" UnhideWhenUsed="true"
   Name="Normal Table"/>
  <w:LsdException Locked="false" SemiHidden="true" UnhideWhenUsed="true"
   Name="annotation subject"/>
  <w:LsdException Locked="false" SemiHidden="true" UnhideWhenUsed="true"
   Name="No List"/>
  <w:LsdException Locked="false" SemiHidden="true" UnhideWhenUsed="true"
   Name="Outline List 1"/>
  <w:LsdException Locked="false" SemiHidden="true" UnhideWhenUsed="true"
   Name="Outline List 2"/>
  <w:LsdException Locked="false" SemiHidden="true" UnhideWhenUsed="true"
   Name="Outline List 3"/>
  <w:LsdException Locked="false" SemiHidden="true" UnhideWhenUsed="true"
   Name="Table Simple 1"/>
  <w:LsdException Locked="false" SemiHidden="true" UnhideWhenUsed="true"
   Name="Table Simple 2"/>
  <w:LsdException Locked="false" SemiHidden="true" UnhideWhenUsed="true"
   Name="Table Simple 3"/>
  <w:LsdException Locked="false" SemiHidden="true" UnhideWhenUsed="true"
   Name="Table Classic 1"/>
  <w:LsdException Locked="false" SemiHidden="true" UnhideWhenUsed="true"
   Name="Table Classic 2"/>
  <w:LsdException Locked="false" SemiHidden="true" UnhideWhenUsed="true"
   Name="Table Classic 3"/>
  <w:LsdException Locked="false" SemiHidden="true" UnhideWhenUsed="true"
   Name="Table Classic 4"/>
  <w:LsdException Locked="false" SemiHidden="true" UnhideWhenUsed="true"
   Name="Table Colorful 1"/>
  <w:LsdException Locked="false" SemiHidden="true" UnhideWhenUsed="true"
   Name="Table Colorful 2"/>
  <w:LsdException Locked="false" SemiHidden="true" UnhideWhenUsed="true"
   Name="Table Colorful 3"/>
  <w:LsdException Locked="false" SemiHidden="true" UnhideWhenUsed="true"
   Name="Table Columns 1"/>
  <w:LsdException Locked="false" SemiHidden="true" UnhideWhenUsed="true"
   Name="Table Columns 2"/>
  <w:LsdException Locked="false" SemiHidden="true" UnhideWhenUsed="true"
   Name="Table Columns 3"/>
  <w:LsdException Locked="false" SemiHidden="true" UnhideWhenUsed="true"
   Name="Table Columns 4"/>
  <w:LsdException Locked="false" SemiHidden="true" UnhideWhenUsed="true"
   Name="Table Columns 5"/>
  <w:LsdException Locked="false" SemiHidden="true" UnhideWhenUsed="true"
   Name="Table Grid 1"/>
  <w:LsdException Locked="false" SemiHidden="true" UnhideWhenUsed="true"
   Name="Table Grid 2"/>
  <w:LsdException Locked="false" SemiHidden="true" UnhideWhenUsed="true"
   Name="Table Grid 3"/>
  <w:LsdException Locked="false" SemiHidden="true" UnhideWhenUsed="true"
   Name="Table Grid 4"/>
  <w:LsdException Locked="false" SemiHidden="true" UnhideWhenUsed="true"
   Name="Table Grid 5"/>
  <w:LsdException Locked="false" SemiHidden="true" UnhideWhenUsed="true"
   Name="Table Grid 6"/>
  <w:LsdException Locked="false" SemiHidden="true" UnhideWhenUsed="true"
   Name="Table Grid 7"/>
  <w:LsdException Locked="false" SemiHidden="true" UnhideWhenUsed="true"
   Name="Table Grid 8"/>
  <w:LsdException Locked="false" SemiHidden="true" UnhideWhenUsed="true"
   Name="Table List 1"/>
  <w:LsdException Locked="false" SemiHidden="true" UnhideWhenUsed="true"
   Name="Table List 2"/>
  <w:LsdException Locked="false" SemiHidden="true" UnhideWhenUsed="true"
   Name="Table List 3"/>
  <w:LsdException Locked="false" SemiHidden="true" UnhideWhenUsed="true"
   Name="Table List 4"/>
  <w:LsdException Locked="false" SemiHidden="true" UnhideWhenUsed="true"
   Name="Table List 5"/>
  <w:LsdException Locked="false" SemiHidden="true" UnhideWhenUsed="true"
   Name="Table List 6"/>
  <w:LsdException Locked="false" SemiHidden="true" UnhideWhenUsed="true"
   Name="Table List 7"/>
  <w:LsdException Locked="false" SemiHidden="true" UnhideWhenUsed="true"
   Name="Table List 8"/>
  <w:LsdException Locked="false" SemiHidden="true" UnhideWhenUsed="true"
   Name="Table 3D effects 1"/>
  <w:LsdException Locked="false" SemiHidden="true" UnhideWhenUsed="true"
   Name="Table 3D effects 2"/>
  <w:LsdException Locked="false" SemiHidden="true" UnhideWhenUsed="true"
   Name="Table 3D effects 3"/>
  <w:LsdException Locked="false" SemiHidden="true" UnhideWhenUsed="true"
   Name="Table Contemporary"/>
  <w:LsdException Locked="false" SemiHidden="true" UnhideWhenUsed="true"
   Name="Table Elegant"/>
  <w:LsdException Locked="false" SemiHidden="true" UnhideWhenUsed="true"
   Name="Table Professional"/>
  <w:LsdException Locked="false" SemiHidden="true" UnhideWhenUsed="true"
   Name="Table Subtle 1"/>
  <w:LsdException Locked="false" SemiHidden="true" UnhideWhenUsed="true"
   Name="Table Subtle 2"/>
  <w:LsdException Locked="false" SemiHidden="true" UnhideWhenUsed="true"
   Name="Table Web 1"/>
  <w:LsdException Locked="false" SemiHidden="true" UnhideWhenUsed="true"
   Name="Table Web 2"/>
  <w:LsdException Locked="false" SemiHidden="true" UnhideWhenUsed="true"
   Name="Table Web 3"/>
  <w:LsdException Locked="false" SemiHidden="true" UnhideWhenUsed="true"
   Name="Balloon Text"/>
  <w:LsdException Locked="false" Priority="39" Name="Table Grid"/>
  <w:LsdException Locked="false" SemiHidden="true" UnhideWhenUsed="true"
   Name="Table Theme"/>
  <w:LsdException Locked="false" SemiHidden="true" Name="Placeholder Text"/>
  <w:LsdException Locked="false" Priority="1" QFormat="true" Name="No Spacing"/>
  <w:LsdException Locked="false" Priority="60" Name="Light Shading"/>
  <w:LsdException Locked="false" Priority="61" Name="Light List"/>
  <w:LsdException Locked="false" Priority="62" Name="Light Grid"/>
  <w:LsdException Locked="false" Priority="63" Name="Medium Shading 1"/>
  <w:LsdException Locked="false" Priority="64" Name="Medium Shading 2"/>
  <w:LsdException Locked="false" Priority="65" Name="Medium List 1"/>
  <w:LsdException Locked="false" Priority="66" Name="Medium List 2"/>
  <w:LsdException Locked="false" Priority="67" Name="Medium Grid 1"/>
  <w:LsdException Locked="false" Priority="68" Name="Medium Grid 2"/>
  <w:LsdException Locked="false" Priority="69" Name="Medium Grid 3"/>
  <w:LsdException Locked="false" Priority="70" Name="Dark List"/>
  <w:LsdException Locked="false" Priority="71" Name="Colorful Shading"/>
  <w:LsdException Locked="false" Priority="72" Name="Colorful List"/>
  <w:LsdException Locked="false" Priority="73" Name="Colorful Grid"/>
  <w:LsdException Locked="false" Priority="60" Name="Light Shading Accent 1"/>
  <w:LsdException Locked="false" Priority="61" Name="Light List Accent 1"/>
  <w:LsdException Locked="false" Priority="62" Name="Light Grid Accent 1"/>
  <w:LsdException Locked="false" Priority="63" Name="Medium Shading 1 Accent 1"/>
  <w:LsdException Locked="false" Priority="64" Name="Medium Shading 2 Accent 1"/>
  <w:LsdException Locked="false" Priority="65" Name="Medium List 1 Accent 1"/>
  <w:LsdException Locked="false" SemiHidden="true" Name="Revision"/>
  <w:LsdException Locked="false" Priority="34" QFormat="true"
   Name="List Paragraph"/>
  <w:LsdException Locked="false" Priority="29" QFormat="true" Name="Quote"/>
  <w:LsdException Locked="false" Priority="30" QFormat="true"
   Name="Intense Quote"/>
  <w:LsdException Locked="false" Priority="66" Name="Medium List 2 Accent 1"/>
  <w:LsdException Locked="false" Priority="67" Name="Medium Grid 1 Accent 1"/>
  <w:LsdException Locked="false" Priority="68" Name="Medium Grid 2 Accent 1"/>
  <w:LsdException Locked="false" Priority="69" Name="Medium Grid 3 Accent 1"/>
  <w:LsdException Locked="false" Priority="70" Name="Dark List Accent 1"/>
  <w:LsdException Locked="false" Priority="71" Name="Colorful Shading Accent 1"/>
  <w:LsdException Locked="false" Priority="72" Name="Colorful List Accent 1"/>
  <w:LsdException Locked="false" Priority="73" Name="Colorful Grid Accent 1"/>
  <w:LsdException Locked="false" Priority="60" Name="Light Shading Accent 2"/>
  <w:LsdException Locked="false" Priority="61" Name="Light List Accent 2"/>
  <w:LsdException Locked="false" Priority="62" Name="Light Grid Accent 2"/>
  <w:LsdException Locked="false" Priority="63" Name="Medium Shading 1 Accent 2"/>
  <w:LsdException Locked="false" Priority="64" Name="Medium Shading 2 Accent 2"/>
  <w:LsdException Locked="false" Priority="65" Name="Medium List 1 Accent 2"/>
  <w:LsdException Locked="false" Priority="66" Name="Medium List 2 Accent 2"/>
  <w:LsdException Locked="false" Priority="67" Name="Medium Grid 1 Accent 2"/>
  <w:LsdException Locked="false" Priority="68" Name="Medium Grid 2 Accent 2"/>
  <w:LsdException Locked="false" Priority="69" Name="Medium Grid 3 Accent 2"/>
  <w:LsdException Locked="false" Priority="70" Name="Dark List Accent 2"/>
  <w:LsdException Locked="false" Priority="71" Name="Colorful Shading Accent 2"/>
  <w:LsdException Locked="false" Priority="72" Name="Colorful List Accent 2"/>
  <w:LsdException Locked="false" Priority="73" Name="Colorful Grid Accent 2"/>
  <w:LsdException Locked="false" Priority="60" Name="Light Shading Accent 3"/>
  <w:LsdException Locked="false" Priority="61" Name="Light List Accent 3"/>
  <w:LsdException Locked="false" Priority="62" Name="Light Grid Accent 3"/>
  <w:LsdException Locked="false" Priority="63" Name="Medium Shading 1 Accent 3"/>
  <w:LsdException Locked="false" Priority="64" Name="Medium Shading 2 Accent 3"/>
  <w:LsdException Locked="false" Priority="65" Name="Medium List 1 Accent 3"/>
  <w:LsdException Locked="false" Priority="66" Name="Medium List 2 Accent 3"/>
  <w:LsdException Locked="false" Priority="67" Name="Medium Grid 1 Accent 3"/>
  <w:LsdException Locked="false" Priority="68" Name="Medium Grid 2 Accent 3"/>
  <w:LsdException Locked="false" Priority="69" Name="Medium Grid 3 Accent 3"/>
  <w:LsdException Locked="false" Priority="70" Name="Dark List Accent 3"/>
  <w:LsdException Locked="false" Priority="71" Name="Colorful Shading Accent 3"/>
  <w:LsdException Locked="false" Priority="72" Name="Colorful List Accent 3"/>
  <w:LsdException Locked="false" Priority="73" Name="Colorful Grid Accent 3"/>
  <w:LsdException Locked="false" Priority="60" Name="Light Shading Accent 4"/>
  <w:LsdException Locked="false" Priority="61" Name="Light List Accent 4"/>
  <w:LsdException Locked="false" Priority="62" Name="Light Grid Accent 4"/>
  <w:LsdException Locked="false" Priority="63" Name="Medium Shading 1 Accent 4"/>
  <w:LsdException Locked="false" Priority="64" Name="Medium Shading 2 Accent 4"/>
  <w:LsdException Locked="false" Priority="65" Name="Medium List 1 Accent 4"/>
  <w:LsdException Locked="false" Priority="66" Name="Medium List 2 Accent 4"/>
  <w:LsdException Locked="false" Priority="67" Name="Medium Grid 1 Accent 4"/>
  <w:LsdException Locked="false" Priority="68" Name="Medium Grid 2 Accent 4"/>
  <w:LsdException Locked="false" Priority="69" Name="Medium Grid 3 Accent 4"/>
  <w:LsdException Locked="false" Priority="70" Name="Dark List Accent 4"/>
  <w:LsdException Locked="false" Priority="71" Name="Colorful Shading Accent 4"/>
  <w:LsdException Locked="false" Priority="72" Name="Colorful List Accent 4"/>
  <w:LsdException Locked="false" Priority="73" Name="Colorful Grid Accent 4"/>
  <w:LsdException Locked="false" Priority="60" Name="Light Shading Accent 5"/>
  <w:LsdException Locked="false" Priority="61" Name="Light List Accent 5"/>
  <w:LsdException Locked="false" Priority="62" Name="Light Grid Accent 5"/>
  <w:LsdException Locked="false" Priority="63" Name="Medium Shading 1 Accent 5"/>
  <w:LsdException Locked="false" Priority="64" Name="Medium Shading 2 Accent 5"/>
  <w:LsdException Locked="false" Priority="65" Name="Medium List 1 Accent 5"/>
  <w:LsdException Locked="false" Priority="66" Name="Medium List 2 Accent 5"/>
  <w:LsdException Locked="false" Priority="67" Name="Medium Grid 1 Accent 5"/>
  <w:LsdException Locked="false" Priority="68" Name="Medium Grid 2 Accent 5"/>
  <w:LsdException Locked="false" Priority="69" Name="Medium Grid 3 Accent 5"/>
  <w:LsdException Locked="false" Priority="70" Name="Dark List Accent 5"/>
  <w:LsdException Locked="false" Priority="71" Name="Colorful Shading Accent 5"/>
  <w:LsdException Locked="false" Priority="72" Name="Colorful List Accent 5"/>
  <w:LsdException Locked="false" Priority="73" Name="Colorful Grid Accent 5"/>
  <w:LsdException Locked="false" Priority="60" Name="Light Shading Accent 6"/>
  <w:LsdException Locked="false" Priority="61" Name="Light List Accent 6"/>
  <w:LsdException Locked="false" Priority="62" Name="Light Grid Accent 6"/>
  <w:LsdException Locked="false" Priority="63" Name="Medium Shading 1 Accent 6"/>
  <w:LsdException Locked="false" Priority="64" Name="Medium Shading 2 Accent 6"/>
  <w:LsdException Locked="false" Priority="65" Name="Medium List 1 Accent 6"/>
  <w:LsdException Locked="false" Priority="66" Name="Medium List 2 Accent 6"/>
  <w:LsdException Locked="false" Priority="67" Name="Medium Grid 1 Accent 6"/>
  <w:LsdException Locked="false" Priority="68" Name="Medium Grid 2 Accent 6"/>
  <w:LsdException Locked="false" Priority="69" Name="Medium Grid 3 Accent 6"/>
  <w:LsdException Locked="false" Priority="70" Name="Dark List Accent 6"/>
  <w:LsdException Locked="false" Priority="71" Name="Colorful Shading Accent 6"/>
  <w:LsdException Locked="false" Priority="72" Name="Colorful List Accent 6"/>
  <w:LsdException Locked="false" Priority="73" Name="Colorful Grid Accent 6"/>
  <w:LsdException Locked="false" Priority="19" QFormat="true"
   Name="Subtle Emphasis"/>
  <w:LsdException Locked="false" Priority="21" QFormat="true"
   Name="Intense Emphasis"/>
  <w:LsdException Locked="false" Priority="31" QFormat="true"
   Name="Subtle Reference"/>
  <w:LsdException Locked="false" Priority="32" QFormat="true"
   Name="Intense Reference"/>
  <w:LsdException Locked="false" Priority="33" QFormat="true" Name="Book Title"/>
  <w:LsdException Locked="false" Priority="37" SemiHidden="true"
   UnhideWhenUsed="true" Name="Bibliography"/>
  <w:LsdException Locked="false" Priority="39" SemiHidden="true"
   UnhideWhenUsed="true" QFormat="true" Name="TOC Heading"/>
  <w:LsdException Locked="false" Priority="41" Name="Plain Table 1"/>
  <w:LsdException Locked="false" Priority="42" Name="Plain Table 2"/>
  <w:LsdException Locked="false" Priority="43" Name="Plain Table 3"/>
  <w:LsdException Locked="false" Priority="44" Name="Plain Table 4"/>
  <w:LsdException Locked="false" Priority="45" Name="Plain Table 5"/>
  <w:LsdException Locked="false" Priority="40" Name="Grid Table Light"/>
  <w:LsdException Locked="false" Priority="46" Name="Grid Table 1 Light"/>
  <w:LsdException Locked="false" Priority="47" Name="Grid Table 2"/>
  <w:LsdException Locked="false" Priority="48" Name="Grid Table 3"/>
  <w:LsdException Locked="false" Priority="49" Name="Grid Table 4"/>
  <w:LsdException Locked="false" Priority="50" Name="Grid Table 5 Dark"/>
  <w:LsdException Locked="false" Priority="51" Name="Grid Table 6 Colorful"/>
  <w:LsdException Locked="false" Priority="52" Name="Grid Table 7 Colorful"/>
  <w:LsdException Locked="false" Priority="46"
   Name="Grid Table 1 Light Accent 1"/>
  <w:LsdException Locked="false" Priority="47" Name="Grid Table 2 Accent 1"/>
  <w:LsdException Locked="false" Priority="48" Name="Grid Table 3 Accent 1"/>
  <w:LsdException Locked="false" Priority="49" Name="Grid Table 4 Accent 1"/>
  <w:LsdException Locked="false" Priority="50" Name="Grid Table 5 Dark Accent 1"/>
  <w:LsdException Locked="false" Priority="51"
   Name="Grid Table 6 Colorful Accent 1"/>
  <w:LsdException Locked="false" Priority="52"
   Name="Grid Table 7 Colorful Accent 1"/>
  <w:LsdException Locked="false" Priority="46"
   Name="Grid Table 1 Light Accent 2"/>
  <w:LsdException Locked="false" Priority="47" Name="Grid Table 2 Accent 2"/>
  <w:LsdException Locked="false" Priority="48" Name="Grid Table 3 Accent 2"/>
  <w:LsdException Locked="false" Priority="49" Name="Grid Table 4 Accent 2"/>
  <w:LsdException Locked="false" Priority="50" Name="Grid Table 5 Dark Accent 2"/>
  <w:LsdException Locked="false" Priority="51"
   Name="Grid Table 6 Colorful Accent 2"/>
  <w:LsdException Locked="false" Priority="52"
   Name="Grid Table 7 Colorful Accent 2"/>
  <w:LsdException Locked="false" Priority="46"
   Name="Grid Table 1 Light Accent 3"/>
  <w:LsdException Locked="false" Priority="47" Name="Grid Table 2 Accent 3"/>
  <w:LsdException Locked="false" Priority="48" Name="Grid Table 3 Accent 3"/>
  <w:LsdException Locked="false" Priority="49" Name="Grid Table 4 Accent 3"/>
  <w:LsdException Locked="false" Priority="50" Name="Grid Table 5 Dark Accent 3"/>
  <w:LsdException Locked="false" Priority="51"
   Name="Grid Table 6 Colorful Accent 3"/>
  <w:LsdException Locked="false" Priority="52"
   Name="Grid Table 7 Colorful Accent 3"/>
  <w:LsdException Locked="false" Priority="46"
   Name="Grid Table 1 Light Accent 4"/>
  <w:LsdException Locked="false" Priority="47" Name="Grid Table 2 Accent 4"/>
  <w:LsdException Locked="false" Priority="48" Name="Grid Table 3 Accent 4"/>
  <w:LsdException Locked="false" Priority="49" Name="Grid Table 4 Accent 4"/>
  <w:LsdException Locked="false" Priority="50" Name="Grid Table 5 Dark Accent 4"/>
  <w:LsdException Locked="false" Priority="51"
   Name="Grid Table 6 Colorful Accent 4"/>
  <w:LsdException Locked="false" Priority="52"
   Name="Grid Table 7 Colorful Accent 4"/>
  <w:LsdException Locked="false" Priority="46"
   Name="Grid Table 1 Light Accent 5"/>
  <w:LsdException Locked="false" Priority="47" Name="Grid Table 2 Accent 5"/>
  <w:LsdException Locked="false" Priority="48" Name="Grid Table 3 Accent 5"/>
  <w:LsdException Locked="false" Priority="49" Name="Grid Table 4 Accent 5"/>
  <w:LsdException Locked="false" Priority="50" Name="Grid Table 5 Dark Accent 5"/>
  <w:LsdException Locked="false" Priority="51"
   Name="Grid Table 6 Colorful Accent 5"/>
  <w:LsdException Locked="false" Priority="52"
   Name="Grid Table 7 Colorful Accent 5"/>
  <w:LsdException Locked="false" Priority="46"
   Name="Grid Table 1 Light Accent 6"/>
  <w:LsdException Locked="false" Priority="47" Name="Grid Table 2 Accent 6"/>
  <w:LsdException Locked="false" Priority="48" Name="Grid Table 3 Accent 6"/>
  <w:LsdException Locked="false" Priority="49" Name="Grid Table 4 Accent 6"/>
  <w:LsdException Locked="false" Priority="50" Name="Grid Table 5 Dark Accent 6"/>
  <w:LsdException Locked="false" Priority="51"
   Name="Grid Table 6 Colorful Accent 6"/>
  <w:LsdException Locked="false" Priority="52"
   Name="Grid Table 7 Colorful Accent 6"/>
  <w:LsdException Locked="false" Priority="46" Name="List Table 1 Light"/>
  <w:LsdException Locked="false" Priority="47" Name="List Table 2"/>
  <w:LsdException Locked="false" Priority="48" Name="List Table 3"/>
  <w:LsdException Locked="false" Priority="49" Name="List Table 4"/>
  <w:LsdException Locked="false" Priority="50" Name="List Table 5 Dark"/>
  <w:LsdException Locked="false" Priority="51" Name="List Table 6 Colorful"/>
  <w:LsdException Locked="false" Priority="52" Name="List Table 7 Colorful"/>
  <w:LsdException Locked="false" Priority="46"
   Name="List Table 1 Light Accent 1"/>
  <w:LsdException Locked="false" Priority="47" Name="List Table 2 Accent 1"/>
  <w:LsdException Locked="false" Priority="48" Name="List Table 3 Accent 1"/>
  <w:LsdException Locked="false" Priority="49" Name="List Table 4 Accent 1"/>
  <w:LsdException Locked="false" Priority="50" Name="List Table 5 Dark Accent 1"/>
  <w:LsdException Locked="false" Priority="51"
   Name="List Table 6 Colorful Accent 1"/>
  <w:LsdException Locked="false" Priority="52"
   Name="List Table 7 Colorful Accent 1"/>
  <w:LsdException Locked="false" Priority="46"
   Name="List Table 1 Light Accent 2"/>
  <w:LsdException Locked="false" Priority="47" Name="List Table 2 Accent 2"/>
  <w:LsdException Locked="false" Priority="48" Name="List Table 3 Accent 2"/>
  <w:LsdException Locked="false" Priority="49" Name="List Table 4 Accent 2"/>
  <w:LsdException Locked="false" Priority="50" Name="List Table 5 Dark Accent 2"/>
  <w:LsdException Locked="false" Priority="51"
   Name="List Table 6 Colorful Accent 2"/>
  <w:LsdException Locked="false" Priority="52"
   Name="List Table 7 Colorful Accent 2"/>
  <w:LsdException Locked="false" Priority="46"
   Name="List Table 1 Light Accent 3"/>
  <w:LsdException Locked="false" Priority="47" Name="List Table 2 Accent 3"/>
  <w:LsdException Locked="false" Priority="48" Name="List Table 3 Accent 3"/>
  <w:LsdException Locked="false" Priority="49" Name="List Table 4 Accent 3"/>
  <w:LsdException Locked="false" Priority="50" Name="List Table 5 Dark Accent 3"/>
  <w:LsdException Locked="false" Priority="51"
   Name="List Table 6 Colorful Accent 3"/>
  <w:LsdException Locked="false" Priority="52"
   Name="List Table 7 Colorful Accent 3"/>
  <w:LsdException Locked="false" Priority="46"
   Name="List Table 1 Light Accent 4"/>
  <w:LsdException Locked="false" Priority="47" Name="List Table 2 Accent 4"/>
  <w:LsdException Locked="false" Priority="48" Name="List Table 3 Accent 4"/>
  <w:LsdException Locked="false" Priority="49" Name="List Table 4 Accent 4"/>
  <w:LsdException Locked="false" Priority="50" Name="List Table 5 Dark Accent 4"/>
  <w:LsdException Locked="false" Priority="51"
   Name="List Table 6 Colorful Accent 4"/>
  <w:LsdException Locked="false" Priority="52"
   Name="List Table 7 Colorful Accent 4"/>
  <w:LsdException Locked="false" Priority="46"
   Name="List Table 1 Light Accent 5"/>
  <w:LsdException Locked="false" Priority="47" Name="List Table 2 Accent 5"/>
  <w:LsdException Locked="false" Priority="48" Name="List Table 3 Accent 5"/>
  <w:LsdException Locked="false" Priority="49" Name="List Table 4 Accent 5"/>
  <w:LsdException Locked="false" Priority="50" Name="List Table 5 Dark Accent 5"/>
  <w:LsdException Locked="false" Priority="51"
   Name="List Table 6 Colorful Accent 5"/>
  <w:LsdException Locked="false" Priority="52"
   Name="List Table 7 Colorful Accent 5"/>
  <w:LsdException Locked="false" Priority="46"
   Name="List Table 1 Light Accent 6"/>
  <w:LsdException Locked="false" Priority="47" Name="List Table 2 Accent 6"/>
  <w:LsdException Locked="false" Priority="48" Name="List Table 3 Accent 6"/>
  <w:LsdException Locked="false" Priority="49" Name="List Table 4 Accent 6"/>
  <w:LsdException Locked="false" Priority="50" Name="List Table 5 Dark Accent 6"/>
  <w:LsdException Locked="false" Priority="51"
   Name="List Table 6 Colorful Accent 6"/>
  <w:LsdException Locked="false" Priority="52"
   Name="List Table 7 Colorful Accent 6"/>
  <w:LsdException Locked="false" SemiHidden="true" UnhideWhenUsed="true"
   Name="Mention"/>
  <w:LsdException Locked="false" SemiHidden="true" UnhideWhenUsed="true"
   Name="Smart Hyperlink"/>
  <w:LsdException Locked="false" SemiHidden="true" UnhideWhenUsed="true"
   Name="Hashtag"/>
  <w:LsdException Locked="false" SemiHidden="true" UnhideWhenUsed="true"
   Name="Unresolved Mention"/>
  <w:LsdException Locked="false" SemiHidden="true" UnhideWhenUsed="true"
   Name="Smart Link"/>
 </w:LatentStyles>
</xml><![endif]--><!--[if gte mso 10]>
<style>
 /* Style Definitions */
 table.MsoNormalTable
	{mso-style-name:"Normale Tabelle";
	mso-tstyle-rowband-size:0;
	mso-tstyle-colband-size:0;
	mso-style-noshow:yes;
	mso-style-priority:99;
	mso-style-parent:"";
	mso-padding-alt:0cm 5.4pt 0cm 5.4pt;
	mso-para-margin-top:0cm;
	mso-para-margin-right:0cm;
	mso-para-margin-bottom:8.0pt;
	mso-para-margin-left:0cm;
	line-height:107%;
	mso-pagination:widow-orphan;
	font-size:11.0pt;
	font-family:"Calibri",sans-serif;
	mso-ascii-font-family:Calibri;
	mso-ascii-theme-font:minor-latin;
	mso-hansi-font-family:Calibri;
	mso-hansi-theme-font:minor-latin;
	mso-bidi-font-family:"Times New Roman";
	mso-bidi-theme-font:minor-bidi;
	mso-fareast-language:EN-US;}
</style>
<![endif]--><p/></note>
			<note type="Appcrit_note"/>
			<note type="Abb_note"><p>Film Nr. 54/8a-9a und 144/71</p><p>Sehr gute Bilder in Lupa: Rechte besorgen</p></note>
			<note type="englUEbers_note"/>
			<note type="dtUEbers_note"/>
			<note type="Editionen_note">                                                    <p>Photos von online nicht verfügbaren Inschriftentexten s. Ordner: ISntexte Slg</p><p>Weber 148 eingesehen</p>
                                                    <p>Kienle 255 - eingesehen</p>
                                                    <p>Orelli/Henzen 1856, Nr.5917 - eingesehen</p><p>Steiner 1851, Nr.781 - eingesehen</p><p>Brambach 1867, Nr.1830 - eingearbeitet</p><p>Hildenbrand Nr.178. Abb.27 (Photo) (EIRMIOAIRONIS), - eingearbeitet</p><p>Riese 1914, Nr.3365 (Firmio Aironis), - eingearbeitet</p></note>
			<note type="ErhzustObj_note"/>
			<note type="Masse_note"><p>EDH: H 48<br/></p></note>
			<note type="Ikonogr_note"/>
			<note type="Inschrtext_note"/>
			<note type="ErhzustInschr_note"/>
			<note type="Schrifttechnik_note"/>
			<note type="Buchsthoehe_note"/>
			<note type="Notvar_note"/>
			<note type="KommGoettern_note"><p>Tourenus: Die Ergänzung des Götternamens ist nicht gesichert, aber wahrscheinlich.</p></note>
			<note type="SonstKomm_note"/>
			<note type="Datierung_note"><p>WSpDB: 150-250<br/></p></note>
			<note type="ElektronischeRessourcen_note"/>
			<note type="Index_note"/>
		</back>
	</text>
</TEI>