<TEI xmlns="http://www.tei-c.org/ns/1.0" xml:id="superior41" n="">
	<teiHeader xml:lang="en">
		<fileDesc>
			<titleStmt>
				<title type="full"><title type="main">Epona</title><title type="sub"> CF-GeS-1124</title></title>
				<respStmt>
					<resp>Inschriftenedition</resp>
					<persName><forename>Werner</forename><surname>Petermandl</surname></persName>
				</respStmt>
				<respStmt>
					<resp>Archäologische Beschreibung und geografische Daten</resp>
					<persName><forename>Astrid</forename><surname>Schmölzer</surname></persName>
				</respStmt>
				<funder ref="https://www.fwf.ac.at">Austrian Science Fund (FWF): P 9274-G25</funder>
			</titleStmt>
			<publicationStmt>
				<publisher><link target="https://antike.uni-graz.at"/><orgName ref="https://d-nb.info/gnd/1213531357">Institut für Antike, Fachbereich Alte
					Geschichte und Epigraphik, Karl-Franzens-Universität Graz</orgName></publisher>
				<authority><link target="https://informationsmodellierung.uni-graz.at"/><orgName ref="http://d-nb.info/gnd/1137284463">Zentrum für Informationsmodellierung -
					Austrian Centre for Digital Humanities, Karl-Franzens-Universität
					Graz</orgName></authority>
				<distributor><link target="https://gams.uni-graz.at"/><orgName full="yes">GAMS -
					Geisteswissenschaftliches Asset Management System</orgName></distributor>
				<date when="2022">2022</date>
				<pubPlace>Graz</pubPlace>
				<idno type="PID">o:fercan.41</idno>
				<availability>
					<licence target="https://creativecommons.org/licenses/by-nc/4.0">Creative
						Commons BY-NC 4.0</licence>
				</availability>
			</publicationStmt>
			<seriesStmt>
				<title ref="https://gams.uni-graz.at/fercan">FERCAN: Fontes Epigraphici Religionum
					Celticarum Antiquarum</title>
				<respStmt>
					<resp>Projektleitung</resp>
					<persName><forename>Wolfgang</forename><surname>Spickermann</surname></persName>
				</respStmt>
			</seriesStmt>
			<sourceDesc>
				<msDesc>
					<msIdentifier>
						<settlement> </settlement>
						<repository> </repository>
						<idno/>
					</msIdentifier>
					<msContents>
						<summary>Weihinschrift</summary>
					</msContents>
					<physDesc>
						<objectDesc>
							<supportDesc>
								<support> <p>                                                <p>"Hochplastisches Relief auf tiefem Basissockel mit [ungerahmter] Weihinschrift; Rückplatte mit bogenförmigem Abschluß mit jeweils kleiner Eckvolute sowie pilasterartig gegliederten Seiten; Rückplatte im rechten Drittel anpassend gebrochen, Sockel mehrfach gebrochen und ausgebrochen, Köpfe der Figuren sowie Beine des Pferdes abgeschlagen, insgesamt bestoßen." (Euskirchen 1993, 810 Nr.230)</p>
                                                <p><br/></p></p> <material> <ref type="context" target="context:fercan.material." ana="https://gams.uni-graz.at/o:fercan.arch#C.120220">Sandstein</ref> </material>
									<objectType ref="https://gams.uni-graz.at/o:fercan.arch#C.110400">Weihestein</objectType> <dimensions>
										<height unit="cm">35,5</height>
										<width unit="cm">43,0</width>
										<depth unit="cm"> 12,7</depth>
									</dimensions> <note type="dimensions" anchored="true"> </note> </support>
								<condition> <ref type="context" target="context:fercan.condition" ana="https://gams.uni-graz.at/o:fercan.arch#C.130500">weitgehend vollständig</ref> </condition>
							</supportDesc>
							<layoutDesc>
								<layout> <p>                                                <p>Die Inschrift füllt den Sockel komplett aus und ist fast vollständig erhalten. Die Buchstabenhöhe verringert sich mit jeder Zeile und weist innerhalb jeder Zeile Schwankungen auf, darüber hinaus sind die Buchstaben nicht auf einer waagrechten Linie gesetzt, sondern folgen in der Mitte einer, in jeder Zeile unterschiedlich stark ausgeprägten, Wölbung nach oben.</p>
                                                <p>Die Worttrenner sind durchgehend korrekt gesetzt, weswegen sie auch für die beschädigtne Stellen in Z.1 und Z.2 angenommen werden können. In Z.1 sind durch Ausbrüche fast die gesamte obere Hälfte des H vor Epona, sowie die untere Hälfte des ersten E ein Teil des P sowie das obere Ende des zweiten E verloren. Am Ende von Z.2 sind nur mehr unleserliche Reste von mindestens drei Buchstaben zu erkennen, von denen der Letzte eine Rundung aufweist, wodurch C, G, O, Q oder S möglich sind. Die Lesung von INS durch Fellendorf-Börner/Olshausen (1989, 358) scheint zwar mit den damaligen Abbildungen zusammenzupassen, findet im heutigen Zustand jedoch keine Bestätigung mehr (s. <span>Kakoschke 2015, 184)
                                </span>, weswegen nicht überprüft werden kann ob es sich tatsächlich um Reste dieser Buchstaben gehandelt hat, oder nur um ähnlich wirkende Beschädigungen.<br/></p></p> <note type="condition" anchored="true"/> </layout>
							</layoutDesc>
						</objectDesc>
						<handDesc>
							<handNote> <desc type="execution">gemeißelt</desc> <height unit="cm" atLeast="1.85" atMost="2.70">1,85–2,70</height> </handNote>
						</handDesc>
						<decoDesc>
							<decoNote> <p>                                                <p>Da Fellendorf-Börner/Olshausen (1989, 351–354) das Relief sehr ausführlich und genau beschrieben haben, sei deren Ausführung hier wiedergegeben: </p>
                                                <p>"Das Relief zeigt die Göttin Epona, einen Opferdiener, die Reste eines Pferdes sowie einen kleinen Altar. [...] 
                                                    </p>
                                                <p>Epona 
sitzt [frontal zum Betrachter gerichtet] in der Mitte des Reliefs [bzw. ein wenig nach links verrückt] auf einem thronartigen Sessel mit 
Armlehnen. Sie trägt ein bodenlanges, dreifach gegürtetes Untergewand 
und ein Obergewand, worin Stola und Palla zu erkennen sind. Diese 
Kleidung ist von anderen Epona-Reliefs bekannt, beispielsweise aus 
Köngen und Freiberg am Neckar, und bei bildlichen Darstellungen durchaus
 üblich. Der Faltenwurf der Kleidung wurde bei diesem Relief sehr fein 
ausgearbeitet. An den Füßen trägt Epona Schuhe. Sie hält mit beiden Händen auf den Oberschenkeln [bzw. breit 
aufgestellten Beinen] ein großes Gefäß mit Früchten [Euskirchen 1993, 810f. Nr.230 hält auch einen Brotlaib für möglich, was aber eher 
unwahrscheinlich ist]. Das Gefäß 
ist tief und bauchig, mit eingezogenem Rand, und läßt sich somit nicht 
als patera bezeichnen, die sonst ein vielfach auftauchendes Attribut bei
 Epona-Darstellungen ist. M.-Th. Hanoteau bezeichnet die patera sogar 
als häufiges Attribut Eponas. Auf dem Öhringer Relief könnte man eher 
in der linken Hand des Opferdieners, der Epona zur Linken steht, eine 
patera erkennen. Diese ist ebenso mit Früchten gefüllt wie das Gefäß 
Eponas. </p>
                                                <p>Der Opferdiener ist wesentlich kleiner dargestellt als die 
Göttin, er reicht ihr knapp bis zu den Schultern. Er trägt ein 
knielanges Untergewand, darüber einen Umhang, der auf seiner rechten 
Schulter mit einer Fibel zusammengehalten wird. An den Füßen trägt er 
kurze Stiefel, die möglicherweise einen Umschlag aufweisen. Auf der 
linken Hand trägt der Opferdiener die bereits genannte flache Schale, 
darüber hinaus hält er in ebendieser Hand einen dickbauchigen Krug 
zwischen den Fingern, der einen ausgeprägten Fuß aufweist. Die 
ausgestreckte rechte Hand des Dieners ist etwas beschädigt, so daß man 
nur vermuten kann, daß er in ihr eine Schale oder ein Opfergerät hielt. 
Der Opferdiener steht zu Epona gewandt und scheint im Begriff zu sein, 
ein Opfer darzubringen. Dies wird noch zusätzlich deutlich durch einen 
kleinen Altar, der sich zwischen Epona und dem Opferdiener befindet. </p>
                                                <p>Der
 Altar ist dreiseitig sichtbar und offenbar ortsfest installiert. Er hat
 einen dreistufigen Sockel und ein Karnies mit drei Stufen, darauf liegt
 in der Mitte ein Räucherbecken, die beiden Pulvinaria rechts und links 
sind abgeschlagen. Der Opferdiener, der im Begriff ist ein Opfer 
darzubringen, ist von bildlichen Darstellungen der Matronen aus den 
Rheinprovinzen bekannt. Dort trägt er jedoch deutlich das Gefäßpaar 
Kanne und Griffschale in den Händen, welches das Öhringer Relief nicht 
klar zeigt. 'Üblicherweise trägt er die Griffschale in der Linken, die 
Kanne in der Rechten, über die Schultern häufig die Mantele'. Das hier 
besprochene Relief zeigt den Opferdiener ohne Mantele. Somit läßt er 
sich nicht den sonst bekannten Darstellungen zuordnen. </p>
                                                <p>Zur Rechten von 
Epona ist der vordere Teil eines Pferdekörpers zu sehen. Das kräftig 
gebaute Pferd bewegt sich auf den Betrachter zu und hatte den Kopf 
höchstwahrscheinlich zu Epona gewandt. [Euskirchen 1993, 810f. Nr.230 meint anhand des 'Verlaufs der 
kräftigen Brust- und Halsmuskulatur' erkennen zu können, dass das Pferd 
sich nach außen wendet.] Auch das Pferd ist im Verhältnis 
zur Göttin kleiner, es reichte ihr ebenfalls bis knapp an die Schultern.
 Das Pferd zeigt am Hals Ansätze eines Geschirrs, möglicherweise mit 
Schmuckplatten, welche durch die Beschädigung nicht deutlich sichtbar 
sind. Pferdegeschirre mit Verzierungen sind von Soldatengrabsteinen 
bekannt, doch auch die Epona-Reliefs aus Bregenz und Ladenburg zeigen 
verzierte Pferdegeschirre. </p>
                                                    <p>Die 
Figuren des Reliefs bilden ein harmonisches Ensemble, wobei Epona 
eindeutig dominiert. Das harmonische Zusammenwirken wird durch den 
architektonisch gestalteten Hintergrund unterstützt. Ein 
halbkreisförmiger Giebel spannt sich von der Höhe des Pferdekopfes bis 
zu dem Kopf des Opferdieners; in seiner Mitte befinden sich Kopf und 
Schultern der Göttin. Der Giebel wird von einem schmalen Architrav 
getragen, der auf Kapitellen ruht. Diese wiederum bilden den Abschluß 
von leicht angedeuteten Säulen. Die Gruppe steht auf einer nach vorne 
gezogenen Inschriftentafel. Das Relief wurde von dem Künstler sehr 
sorgfältig gestaltet. Teile der Figuren und des Hintergrundes weisen 
eine sicherlich gewollte Körnung auf. Da Epona nicht auf einem Pferd 
reitend, sondern neben einem Pferd sitzend dargestellt ist, muß dieses 
Relief dem sog. Reichstypus zugeordnet werden."</p></p> <term ana="https://gams.uni-graz.at/o:fercan.arch#C.252840">Gefäß</term>
                      <term ana="https://gams.uni-graz.at/o:fercan.arch#C.240100">Götterbild</term>
                      <term ana="https://gams.uni-graz.at/o:fercan.arch#C.251700">Obstschale</term>
                      <term ana="https://gams.uni-graz.at/o:fercan.arch#C.2528408">Kanne</term>
                      <term ana="https://gams.uni-graz.at/o:fercan.arch#C.230220">Opferdiener</term>
                      <term ana="https://gams.uni-graz.at/o:fercan.arch#C.252600">Opferszene</term>
                      <term ana="https://gams.uni-graz.at/o:fercan.arch#C.254800">Pferd</term>
                      <term ana="https://gams.uni-graz.at/o:fercan.arch#C.252300">Thron</term>
                      <term ana="https://gams.uni-graz.at/o:fercan.arch#C.252610">Altar</term>
                      <term ana="https://gams.uni-graz.at/o:fercan.arch#C.150900">Pulvini</term>
                      <term ana="https://gams.uni-graz.at/o:fercan.arch#C.220500">Pilaster</term>
                      <term ana="https://gams.uni-graz.at/o:fercan.arch#C.251801">Schuhe</term>
                      <term ana="https://gams.uni-graz.at/o:fercan.arch#C.252810">Opferschale (Opfergerät)</term>
                      <term ana="https://gams.uni-graz.at/o:fercan.arch#C.151000">Opferschale (Gestaltungsmerkmal)</term>
                      <term ana="https://gams.uni-graz.at/o:fercan.arch#C.220100">Giebel</term>
                      <term ana="https://gams.uni-graz.at/o:fercan.arch#C.220200">Kapitell</term>
                      
							</decoNote>
						</decoDesc>
					</physDesc>
					<history>
						<origin> <origPlace> <placeName>Vicus Aurelianus</placeName> <region>Civitas Aurelia G-?</region> </origPlace> <origDate notBefore="" notAfter="" instant="false"><date> </date> <note type="original"> <ref target="context:fercan.date." type="context"> </ref> </note></origDate> </origin>
						<provenance type="found" when="1986"> <placeName> <ref type="context" target="context:fercan.geog.modern.">Öhringen</ref> </placeName> <p>Weygangstraße, Ecke Rendelstraße, Parzelle 604/4</p> <location>
								<geo decls="#WGS"/>
							</location> <note anchored="true">"Am 12. Juni 1986 wurde beim Aushub einer Baugrube [...] ein römischer Brunnen angeschnitten. Es handelte sich um einen holzverschalten, verschütteten Brunnen, der etwa 2,5m unterhalb des heutigen Bodenniveaus ein Epona-Relief [...] barg." (Fellendorf-Börner/Olshausen 1989, 351)</note> </provenance>
						<provenance type="observed" subtype="autopsied"><p>non vidimus </p><p>Lesung gründet auf: Kakoschke und Photo<br/></p></provenance>
					</history>
				</msDesc>
				<listPlace>
					<place type="antique_term">
						<placeName><ref target="context:fercan.geog.term" type="context"/> </placeName>
					</place>
					<place type="sacral_building">
						<placeName> <ref target="context:fercan.geog.sacral." type="context"> </ref>
						</placeName>
					</place>
				</listPlace>
				<listPerson>
					<!-- Sonstige theonymische Formulare -->
					<person>
						<persName subtype="celtic_normalized_other" type="divine">
							<ref target="context:fercan.dcn.other" type="context"> </ref>
						</persName>
					</person>
					<!-- theonymisches formular -->
					<person>
						<persName subtype="celtic_normalized" type="divine">
							<ref target="context:fercan.dcn." type="context">Epona</ref>
						</persName>
					</person>
					<!-- keltisches götternamenelement  -->
					<person>
						<persName subtype="celtic_element" type="divine">
							<ref target="context:fercan.dce." type="context">Epona</ref>
						</persName>
					</person>
					<person>
						<persName type="cognomen"> <ref target="context:fercan.person.cognomen" type="context"> </ref> </persName>
					</person>
					<person>
						<persName> <roleName type="religious"> <ref target="context:fercan.person.religious" type="context"> </ref>
						</roleName> </persName>
					</person>
					<person>
						<persName type="gentilnomen"><ref target="context:fercan.person.gentilnomen." type="context">Iunius</ref></persName>
					</person>
					<person>
						<persName> <roleName type="other"> <ref target="context:fercan.person.other." type="context"> </ref> </roleName>
						</persName>
					</person>
					<person>
						<persName> <roleName type="military"> <ref target="context:fercan.person.military." type="context"> </ref>
						</roleName> </persName>
					</person>
					<person>
						<persName> <roleName type="office"> <ref target="context:fercan.person.office." type="context"> </ref>
						</roleName> </persName>
					</person>
					<person>
						<persName type="sovereign"> <ref target="context:fercan.person.sovereign." type="context"> </ref> </persName>
					</person>
				</listPerson>
				<listOrg>
					<org type="admin_unit">
						<orgName> <ref target="context:fercan.org.admin." type="context"> </ref>
						</orgName>
					</org>
					<org type="military_unit">
						<orgName><ref target="context:fercan.org.military." type="context">
						</ref></orgName>
					</org>
					<org type="population_group">
						<orgName> <ref target="context:fercan.org.population." type="context">
						</ref> </orgName>
					</org>
				</listOrg>
			</sourceDesc>
		</fileDesc>
		<encodingDesc>
			<geoDecl xml:id="WGS" datum="WGS84">World Geodetic System</geoDecl>
			<editorialDecl>
				<p>Digitale Repräsentation konform mit EpiDoc: http://epidoc.sourceforge.net</p>
				<p>Majuskel und Minuskel ausgeführt nach Leidener Klammersystem, Majuskel bildet
					Inschrift originalgetreu ab, Minuskel enthält editorische Hinzufügungen</p>
			</editorialDecl>
			<projectDesc>
				<p>Die keltischen Götternamen in den Inschriften der römischen Provinz Germania
					Inferior. Eine Fallstudie zu Religion im Kontext von Kulturkontakt und
					Kulturtransfer (FWF – Projekt P 29274-G25 )</p>
				<p>Das Forschungsprojekt beabsichtigt, sämtliche keltischen Götternamen, die sich in
					lateinischen Inschriften der römischen Provinz Germania Inferior erhaltenen
					haben, zusammenzustellen und auszuwerten. Die gewählte Quellengrundlage
					erscheint besonders geeignet Erscheinungsformen zu untersuchen, welche auf
					religiöser Ebene durch das Zusammentreffen von verschiedenen kulturellen
					Einflüssen entstanden sind. Diese sind hier einerseits definiert durch die
					Verwendung der keltischen Sprache, andererseits durch die lateinische Sprache
					und durch Formen aus dem Inneren des Imperium Romanum, die man mit dem Etikett
					„römisch“ versehen kann. Das Interesse gilt dabei nicht nur religiösen, sondern
					auch damit verbundenen gesellschaftlichen Aspekten und den entsprechenden
					Mentalitäten. Doch soll damit auch zu einem verbesserten Gesamtbild der
					Provinzialreligion in Niedergermanien beigetragen werden.<lb/> Die
					Abschlusspublikation wird ergänzt um einen ausführlichen
					sprachwissenschaftlichen Kommentar (von Patrizia de Bernardo Stempel) in der
					Reihe ‚Corpus - F.E.R.C.AN. (Fontes epigraphici religionum Celticarum
					antiquarum)‘ erscheinen. </p>
			</projectDesc>
		</encodingDesc>
		<profileDesc>
			<langUsage>
				<language ident="la">Latein</language>
			</langUsage>
			<textClass>
				<keywords>
					<list>
						<item> <ref target="context:fercan.dedication." type="context">in honorem domus divinae; votum laetus libens merito</ref> </item>
						<item> <ref target="context:fercan.character." type="context"> </ref> </item>
						<item> <ref target="context:fercan.other." type="context"> </ref> </item>
						<item> <ref target="context:fercan.rel.other." type="context">signum</ref> </item>
						<!-- Belegform gesamt  -->
						<item> <ref target="context:fercan.divinepart." type="context">Eponae</ref> </item>
					</list>
				</keywords>
			</textClass>
		</profileDesc>
		<revisionDesc>
			<change when="2019" n="1" corresp="https://gams.uni-graz.at/o:fercan.1/TEI_SOURCE.2020-02-26">Initial
				Version</change>
			<change when="2020" n="2" corresp="https://gams.uni-graz.at/o:fercan.1/TEI_SOURCE.2022-03-07">Version
				2</change>
			<change when="2022" n="3">Version 3</change>
		</revisionDesc>
	</teiHeader>
	<facsimile>
		<graphic mimeType="image/jpeg" xml:id="IMAGE.1" url="1124_front.jpg">
			<desc>Front, Ubi Erat Lupa, Foto: Ortolf Harl 2021</desc>
		</graphic>
	
            <!-- todo: @xml:id-->
            
        </facsimile>
	<text>
		<body>
			<ab> <ref target="context:fercan" type="context">FERCAN</ref> </ab>
			<div subtype="editions" type="bibliography" org="uniform" sample="complete">
				<listBibl>
					
				
            <bibl xml:id="1">Fellendorf-Börner/Olshausen 1989, 356–358</bibl>
        
            <bibl xml:id="2">AE 1990, 764</bibl>
        
            <bibl xml:id="3">Euskirchen 1993, Nr.230</bibl>
        
            <bibl xml:id="4">Kemkes/Willburger 2004, 106 Abb.20</bibl>
        
            <bibl xml:id="5">Kakoschke 2015, Nr.3</bibl>
        
            <bibl xml:id="6">Scheungraber 2020, 266 Nr.9</bibl>
        
            <bibl xml:id="7"> Ferlut 2022, Nr.137</bibl>
        </listBibl>
			</div>
			<div subtype="concordances" type="bibliography" org="uniform" sample="complete">
				<listBibl>
					<bibl type="EDCS"><idno> EDCS-05200530</idno><date> zuletzt abgerufen am 2023-03-20</date></bibl>
					<bibl type="EDH"><idno>HD024702</idno><date>Version von 2021-21-13</date></bibl>
					<bibl type="trismegistos"><idno>https://www.trismegistos.org/text/210464</idno><date> zuletzt abgerufen am 2023-03-20 </date></bibl>
					<bibl type="lupa"><idno>http://lupa.at/22000</idno><date> Version von 2022-12-20</date></bibl>
					<bibl type="other"><idno> </idno><date> </date></bibl>
				</listBibl>
			</div>
			<div type="edition" subtype="diplomatic" xml:id="majuscule" xml:lang="la" xml:space="preserve" org="uniform" sample="complete">
				<ab><lb n="1"/>IN<g type="interpunct">▴</g>H<g type="interpunct">▴</g>D<g type="interpunct">▴</g>D<g type="interpunct">▴</g>H EPONAE
<lb n="2"/>SIGNVM<g type="interpunct">▴</g>P<g type="interpunct">▴</g>IVNIVS <gap reason="illegible" quantity="3" unit="character"/>
<lb n="3"/>IDVS<g type="interpunct">▴</g>V<g type="interpunct">▴</g>L<g type="interpunct">▴</g>L<g type="interpunct">▴</g>M<orig/></ab></div>
			<div type="edition" xml:lang="la" xml:id="minuscule" subtype="normalised" xml:space="preserve" org="uniform" sample="complete"><ab><lb n="1"/>In <expan><abbr>h</abbr><ex>onorem</ex></expan> <expan><abbr>d</abbr><ex>omus</ex></expan> <expan><abbr>d</abbr><ex>ivinae</ex></expan> <expan><abbr>h</abbr><ex>oc</ex></expan> Eponae
<lb n="2"/>signum <expan><abbr>P</abbr><ex>ublius</ex></expan> Iunius <gap reason="illegible" quantity="3" unit="character"/>
<lb n="3" break="no"/>idus <expan><abbr>v</abbr><ex>otum</ex></expan> <expan><abbr>l</abbr><ex>aetus</ex></expan> <expan><abbr>l</abbr><ex>ibens</ex></expan> <expan><abbr>m</abbr><ex>erito</ex></expan></ab></div>
			<div type="translation" xml:lang="de" org="uniform" sample="complete">
				<p>                                                <p>Zu Ehren des Kaiserhauses!</p>
                                                <p>Mit diesem Kultbild der<rs type="divine"> Epona</rs> (hat) Publius Iunius ...idus (sein) Gelübde freudig, gerne und verdientermaßen (erfüllt).</p></p>
			</div>
			<div type="translation" xml:lang="en" org="uniform" sample="complete">
				<p>                                                <p>In honor for the Divine Household!</p>
                                                <p>With this cult image of <rs type="divine">Epona </rs>(has fulfilled) Publius Iunius ...idus a vow gladly, willingly and deservedly.</p></p>
			</div>
			<div type="apparatus" org="uniform" sample="complete">
				<app loc="2">
					<note anchored="true">am Ende der Zeile Ins – AE, Fellendorf-Börner/Olshausen, Euskirchen, Scheungraber, Ferlut; am Ende der Zeile Flor – EDH, Kakoschke; am Ende der Zeile Ins- – Kemkes/Willburger</note>
				</app>
			
            <app loc="3"><note anchored="true">idus(?) – EDH; -idus v(ovit) l(ibens) l(aetus) – Kemkes/Willburger; v(ovit) l(ibens) l(aetus) – Fellendorf-Börner/Olshausen; v(ovit) l(aetus) m(erito) – Euskirchen; v(ovit) – Kakoschke; l(ibens) l(aetus) – EDH; </note></app>
        </div>
			<div type="commentary" subtype="general" org="uniform" sample="complete">                                                <p>Publius Iunius -idus: tria nomina</p>
                                                <p>Iunuis: italisches Gentilnomen, äußerst gängig (Kakoschke 2021, GN 644)</p>
                                                <p>-idus: Cognomen, Vorgeschlagen wurden Insidus als Ableitung von insidiae, sonst nicht belegt (Fellendorf-Börner/Olshausen 1989, 358) sowie Floridus (Kakoschke 2015, 185) lateinisches Cognomen, vor allem in den keltischen Gebieten verbreitet (Kakoschke 2021, CN 1340)<br/>
                                                    </p>
                                                <p> </p>
			<p/></div>
			<div type="commentary" subtype="language" org="uniform" sample="complete">
				<p> </p>
			</div>
			<div type="commentary" subtype="deity" org="uniform" sample="complete">
				<p> </p>
			</div>
			<linkGrp type="alignment" domains="#majuscule #minuscule">
			</linkGrp>
		</body>
		<back>
			<note type="Objbeschr_note">                                                    <p>Fellendorf-Börner/Olshausen 1989, S. 351: ...ist ein Dreiviertel-Relief 
mit Inschriftsockel und wurde aus Schilfsandstein gearbeitet. [...] Das Relief war durch den Bagger erfaßt worden und zu Bruch gegangen, wodurch Teile der Inschrift bleibende Beschädigungen erlitten. Die Köpfe von Epona, dem Opferdiener und dem Pferd sind abgeschlagen, was auf eine gezielte Zerstörung, wahrscheinlich im Zuge der Alamanneneinfälle, hinweise. Ansonsten ist das Relief gut erhalten. </p>
                                                    <p><br/></p>
                                                    <p>Euskirchen 1993, Nr. 230: Hochplastisches Relief auf tiefem Basissockel mit Weihinschrift; Rückplatte mit bogenförmigem Abschluß mit jeweils kleiner Eckvolute sowie pilasterartig gegliederten Seiten; fragmentiert: Rückplatte im rechten Drittel anpassend gebrochen, Sockel mehrfach gebrochen und ausgebrochen, Köpfe der Figuren sowie Beine des Pferdes abgeschlagen, insgesamt bestoßen.</p></note>
			<note type="ArchKlass_note"/>
			<note type="Material_note"><p>Fellendorf-Börner/Olshausen 1989, S. 351: Schilfsandstein<br/></p><p/></note>
			<note type="Inschrifttraeger_note"><p>Fellendorf-Börner/Olshausen 1989, S. 351: ...ist ein Dreiviertel-Relief mit Inschriftsockel und wurde aus Schilfsandstein gearbeitet. <br/></p><p/></note>
			<note type="VerwahrortOrt_note"><b>Oberriexingen, Römerkeller - lt, EDH und auch auf deren homepage</b><p><b>lt. Lupa Öhringen - Weygang-Museum- auch dort auf homepage</b></p><p><b>lt. Euskirchen 1993, Nr. 230 Stuttgart, <span>Württembergisches Landesmuseum - nicht auf der homepage</span></b></p><p><b><span><rs type="divine"><u>!!!überprüfen!!!</u></rs></span></b></p></note>
			<note type="InvNr_note">                                                    <p><br/></p></note>
			<note type="Fundstelle_note"><p>Fellendorf-Börner/Olshausen 1989, S. 351<br/></p></note>
			<note type="Fundumst_note"/>
			<note type="Fundjahr_note"><p>12.Juni 1986: Fellendorf-Börner/Olshausen 1989, S. 351<br/></p><p/></note>
			<note type="FOantik_note"/>
			<note type="FOmodern_note">                                                    <p>Für den Fundbericht siehe <span>Fellendorf-Börner/Olshausen 1989 pdf in Citavi angehängt.</span></p><p><span>Dort auch allgemein zu Fundumständen Epona gute Infos.</span><b><span><br/></span></b></p>
                                                    <p/></note>
			<note type="civitas_note"/>
			<note type="Autopsie_note"/>
			<note type="Appcrit_note"/>
			<note type="Abb_note"/>
			<note type="englUEbers_note"/>
			<note type="dtUEbers_note"/>
			<note type="Editionen_note"><p>Photos von online nicht verfügbaren Inschriftentexten s. Ordner: ISntexte Slg</p><p/></note>
			<note type="ErhzustObj_note"/>
			<note type="Masse_note">                                                    <p>Inschriftensockel: Fellendorf-Börner/Olshausen, Euskirchen Breite 36,4 cm; Höhe 10,2 cm; Tiefe 12,7 cm.</p>
                                                    <p>Gesamtobjekt: Fellendorf-Börner/Olshausen, Euskirchen, Kakoschke Höhe 35,5 cm – Breite 43 cm – Tiefe 12,7 cm<br/></p></note>
			<note type="Ikonogr_note">Fellendorf-Börner/Olshausen 1989, S. 351: Das Relief zeigt die Göttin Epona, einen Opferdiener, die Reste eines Pferdes sowie einen kleinen Altar. 
                                                    <p>S. 353: Epona sitzt [frontal zum Betrachter gerichtet] in der Mitte des Reliefs [bzw. ein wenig nach links verrückt] auf einem thronartigen Sessel mit Armlehnen. Sie trägt ein bodenlanges, dreifach gegürtetes Untergewand und ein Obergewand, worin Stola und Palla zu erkennen sind. Diese Kleidung ist von anderen Epona-Reliefs bekannt, beispielsweise aus Köngen und Freiberg am Neckar, und bei bildlichen Darstellungen durchaus üblich. Der Faltenwurf der Kleidung wurde bei diesem Relief sehr fein ausgearbeitet. An den Füßen trägt Epona Schuhe. Sie hält mit beiden Händen auf den Oberschenkeln [bzw. breit aufgestellten Beinen] ein großes Gefäß mit Früchten [Euskirchen 1993, S. 810f., Nr. 230 hält auch einen Brotlaib für möglich, was aber eher unwahrscheinlich ist]. Das Gefäß ist tief und bauchig, mit eingezogenem Rand, und läßt sich somit nicht als patera bezeichnen, die sonst ein vielfach auftauchendes Attribut bei Epona-Darstellungen ist. M.-Th. Hanoteau bezeichnet die patera sogar als häufiges Attribut Eponas. Auf dem Öhringer Relief könnten man eher in der linken Hand des Opferdieners, der Epona zur Linken steht, eine patera erkennen. Diese ist ebenso mit Früchten gefüllt wie das Gefäß Eponas. Der Opferdiener ist wesentlich kleiner dargestellt als die Göttin, er reicht ihr knapp bis zu den Schultern. Er trägt ein knielanges Untergewand, darüber einen Umhang, der auf seiner rechten Schulter mit einer Fibel zusammengehalten wird. An den Füßen trägt er kurze Stiefel, die möglicherweise einen Umschlag aufweisen. Auf der linken Hand trägt der Opferdiener die bereits genannte flache Schale, darüber hinaus hält er in ebendieser Hand einen dickbauchigen Krug zwischen den Fingern, der einen ausgeprägten Fuß aufweist. Die ausgestreckte rechte Hand des Dieners ist etwas beschädigt. so daß man nur vermuten kann, daß er in ihr eine Schale oder ein Opfergerät hielt. Der Opferdiener steht zu Epona gewandt und scheint im Begriff zu sein, ein Opfer darzubringen. Dies wird noch zusätzlich deutlich durch einen kleinen Altar, der sich zwischen Epona und dem Opferdiener befindet. Der Altar ist dreiseitig sichtbar und offenbar ortsfest installiert. Er hat einen dreistufigen Sockel und ein Karnies mit drei Stufen, darauf liegt in der Mitte ein Räucherbecken, die beiden Pulvinaria rechts und links sind abgeschlagen. Der Opferdiener, der im Begriff ist ein Opfer darzubringen, ist von bildlichen Darstellungen der Matronen aus den Rheinprovinzen bekannt. Dort trägt er jedoch deutlich das Gefäßpaar Kanne und Griffschale in den Händen, welches das Öhringer Relief nicht klar zeigt. 'Üblicherweise trägt er die Griffschale in der Linken, die Kanne in der Rechten, über die Schultern häufig die Mantele". Das hier besprochene Relief zeigt den Opferdiener ohne Mantele. Somit läßt er sich nicht den sonst bekannten Darstellungen zuordnen. </p><p>Zur Rechten von Epona ist der vordere Teil eines Pferdekörpers zu sehen. Das kräftig gebaute Pferd bewegt sich auf den Betrachter zu und hatte den Kopf höchstwahrscheinlich zu Epona gewandt. [Euskirchen 1993, S. 810f. Nr. 230 meint anhand des 'Verlaufs der kräftigen Brust- und Halsmuskulatur' erkennen zu können, dass das Pferd sich nach außen wendet.] Auch das Pferd ist im Verhältnis zur Göttin kleiner, es reiecte ihr ebenfalls bis knapp an die Schultern. Das Pferd zeigt am Hals Ansätze eines Geschirrs, möglicherweise mit Schmuckplatten, welche durch die Beschädigung nicht deutlich sichtbar sind. Pferdegeschirre mit Verzierungen sind von Soldatengrabsteinen bekannt, doch auch die Epona-Reliefs aus Bregenz und Ladenburg zeigen verzierte Pferdegeschirre. </p>
                                                    <p>Die Figuren des Reliefs bilden ein harmonisches Ensemble, wobei Epona eindeutig dominiert. Das harmonische Zusammenwirken wird durch den architektonisch gestalteten Hinteregrund unterstützt. Ein halbkreisförmiger Giebel spannt sich von der Höhe des Pferdekopfes bis zu dem Kopf des Opferdieners; in seiner Mitte befinden sich Kopf und Schultern der Göttin. Der Giebel wird von einem schmalen Architrav getragen, der auf Kapitellen ruht. Diese wiederum bilden den Abschluß von leicht angedeuteten Säulen. Die Gruppe steht auf einer nach vorne gezogenen Inschriftentafel. Das Relief wurde von dem Künstler sehr sorgfältig gestaltet. Teile der Figuren und des Hintergrundes weisen eine sicherlich gewollte Körnung auf. Da Epona nicht auf einem Pferd reitend, sondern neben einem Pferd sitzend dargestellt ist, muß dieses Relief dem sog. Reichstypus zugeordnet werden.</p>
                                                    <p><b><br/></b></p>
                                                    <p><b>Zu weiteren Besonderheiten siehe Citavi!</b></p>
                                                    <p>Euskirchen 1993, S. 810f, Nr. 230: "Epona thront frontal auf einem mit Armlehnen versehenen Stuhl, ein wenig aus der Mitte des Reliefs gerückt: der ursprünglich wohl frontal blikkende (sic!) Kopf befindet sich nicht unter dem Scheitelpunkt des Bodens. Sie ist mit einem in der Taille dreifach gegürteten, insgesamt fast faltenlos angegebenen Gewand bekleidet. Der Mantel ist symmetrisch um die Schultern gelegt. Mit beiden Händen hält Epona eine bauchige Schüssel mit einwärts gebogenem Rand und hohem Standring, darauf liegt ein flacher runder Gegenstand - ein Brotlaib? Die weit auseinander gestellten Füße der Göttin sind beschuht. Dicht zu ihrer Rechten tritt der Vorderkörper eines einzelnen Pferdes aus dem Reliefgrund hervor, das sich an dem Verlauf der kräftigen Brust- und Halsmuskulatur erkennbar - nach außen wendet. Sein rechtes Vorderbein ist leicht erhoben, den Halsansatz umspannt ein wulstiges Band. Zur Linken der Göttin steht im Dreiviertelprofil eine männliche Figur, dem kleinen profilierten Altar zugewandt, der sich zwischen ihr und der Göttin befindet. Der Mann ist mit einem kniekurzen, gegürteten und langärmeligen Gewand bekleidet. Um die Schultern ist asymmetrisch der lange Mantel geschlungen, der auf seiner rechten Schulter gegfibelt und über seinen linken Arm zurückgeschlagen ist. An den Füßen trägt er knöchelhohe, am Schaftende wulstig umgeschlagene, weiche Stiefel. In seiner rechten Hand hält er ein Opfergeschirr: eine grifflose Schale und einen kleinen, bauchigen Krug. Seine linke, beschädigte Hand ist zum Altar hin ausgestreckt. Die Szene mit Altar und Stifterfigur ist deutlich keliner als die Figurengruppe der Göttin mit dem Pferd dargestellt.</p></note>
			<note type="Inschrtext_note"/>
			<note type="ErhzustInschr_note"/>
			<note type="Schrifttechnik_note"/>
			<note type="Buchsthoehe_note"><p>Fellendorf-Börner/Olshausen Buchstaben variiert von Zeile zu Zeile (Z. 1: 2,45 cm; Z. 2: 2,7 cm; Z. 3: 1,85 cm)<br/></p></note>
			<note type="Notvar_note"/>
			<note type="KommGoettern_note"/>
			<note type="SonstKomm_note"/>
			<note type="Datierung_note"><p>Kakoschke zwischen 200 und 250</p><p>EDH 201 AD – 250 AD</p><p>Euskirchen nach den datierer-rden Beifunden, Melkrnalen der Inschrift sowie stilistischen Kriterien Anfang des 3. Jhs. n. Chr.</p><p>Fellendorf-Börner/Olshausen</p><p>Das Epona-Reliefläßt sich erfreulicherweise recht genau datieren. In dem Fundkomplex befand sich eine Terra-sigillata-Scherbe, die gemäß ihrem Stempel aus der Manufaktur des Helenius aus Rheinzabern stammt. Der Töpfer Helenius hat im frühen 3. Jahrhundert n. Chr. gearbeitet. Der Brunnen wurde etwa Mitte des 3. Jahrhunderts verfüllt, so daß der Epona-Weihestein somit an den Anfang bis in die Mitte des 3. Jahrhunderts zu datieren ist. Interessanterweise läßt sich das erwähnte Epona-Relief mit Weihinschrift aus Kastell Kapersburg laut E. Esperandieu18 genau in das Jahr 202 n. Chr. datieren; es fällt damit in die Entstehungszeit, die auch für das Öhringer Relief angenommen werden muß. Diese Feststellung macht einen möglichen Zusammenhang beider Weihesteine wahrscheinlicher. S.355<br/></p></note>
			<note type="ElektronischeRessourcen_note"/>
			<note type="Index_note"/>
		</back>
	</text>
</TEI>