<TEI xmlns="http://www.tei-c.org/ns/1.0" xml:id="superior142" n="">
	<teiHeader xml:lang="en">
		<fileDesc>
			<titleStmt>
				<title type="full"><title type="main">Visucius</title><title type="sub">CF-GeS-1093</title></title>
				<respStmt>
					<resp>Inschriftenedition</resp>
					<persName><forename>Werner</forename><surname>Petermandl</surname></persName>
				</respStmt>
				<respStmt>
					<resp>Archäologische Beschreibung und geografische Daten</resp>
					<persName><forename>Astrid</forename><surname>Schmölzer</surname></persName>
				</respStmt>
				<funder ref="https://www.fwf.ac.at">Austrian Science Fund (FWF): P 9274-G25</funder>
			</titleStmt>
			<publicationStmt>
				<publisher><link target="https://antike.uni-graz.at"/><orgName ref="https://d-nb.info/gnd/1213531357">Institut für Antike, Fachbereich Alte
					Geschichte und Epigraphik, Karl-Franzens-Universität Graz</orgName></publisher>
				<authority><link target="https://informationsmodellierung.uni-graz.at"/><orgName ref="http://d-nb.info/gnd/1137284463">Zentrum für Informationsmodellierung -
					Austrian Centre for Digital Humanities, Karl-Franzens-Universität
					Graz</orgName></authority>
				<distributor><link target="https://gams.uni-graz.at"/><orgName full="yes">GAMS -
					Geisteswissenschaftliches Asset Management System</orgName></distributor>
				<date when="2022">2022</date>
				<pubPlace>Graz</pubPlace>
				<idno type="PID">o:fercan.142</idno>
				<availability>
					<licence target="https://creativecommons.org/licenses/by-nc/4.0">Creative
						Commons BY-NC 4.0</licence>
				</availability>
			</publicationStmt>
			<seriesStmt>
				<title ref="https://gams.uni-graz.at/fercan">FERCAN: Fontes Epigraphici Religionum
					Celticarum Antiquarum</title>
				<respStmt>
					<resp>Projektleitung</resp>
					<persName><forename>Wolfgang</forename><surname>Spickermann</surname></persName>
				</respStmt>
			</seriesStmt>
			<sourceDesc>
				<msDesc>
					<msIdentifier>
						<settlement>Mannheim</settlement>
						<repository>Reiss-Engelhorn-Museen</repository>
						<idno>D 5</idno>
					</msIdentifier>
					<msContents>
						<summary>Weihinschrift</summary>
					</msContents>
					<physDesc>
						<objectDesc>
							<supportDesc>
								<support> <p/> <material> <ref type="context" target="context:fercan.material." ana="https://gams.uni-graz.at/o:fercan.arch"/> </material>
									<objectType>Weihestein</objectType> <dimensions>
										<height unit="cm">41</height>
										<width unit="cm">43,5</width>
										<depth unit="cm">6,5</depth>
									</dimensions> <note type="dimensions" anchored="true">Die angegebenen Maße sind die des erhaltenen Objektes.</note> </support>
								<condition> <ref type="context" target="context:fercan.condition" ana="https://gams.uni-graz.at/o:fercan.arch#C.130500">weitgehend vollständig</ref> </condition>
							</supportDesc>
							<layoutDesc>
								<layout> <p><p>Die Inschrift füllt das Inschriftenfeld zur Gänze aus, und ist fast vollständig erhalten, die sekundäre Beschneidung des Steins auf der rechten Seite hat zum Verlust einiger weniger Buchstaben geführt. Die Buchstaben sind regelmäßig.</p><p>in Z.2 ist das V kleiner ind das C, sowie das I kleienr zwischen S und G eingeschrieben. Am Ende der Zeile ist noch die linke Bogenhälfte des kleiner gearbetieten und mit dem N verschränkten O zu sehen. Am Ende von Z.3 sind noch Bogenreste des S vorhanden, und möglicherweise ist die Vertiefung am Ende von Z.4 als der Anfang der Haste des S zu deuten.<br/></p><p>Zu Ligaturen: s. Majuskelumschrift.</p></p> <note type="condition" anchored="true"/> </layout>
							</layoutDesc>
						</objectDesc>
						<handDesc>
							<handNote> <desc type="execution">gemeißelt</desc> <height unit="cm" atLeast="3.1" atMost="5.0">3,1–5,0</height> </handNote>
						</handDesc>
						<decoDesc>
							<decoNote> <p/> <term ana="https://gams.uni-graz.at/o:fercan.arch#">
								<ref type="context" target="context:fercan.arch."/> </term>
							</decoNote>
						</decoDesc>
					</physDesc>
					<history>
						<origin> <origPlace> <placeName/> <region>Civitas Ulpia Sueborum Nicrensium</region> </origPlace> <origDate notBefore="" notAfter="" instant="false"><date> </date> <note type="original"> <ref target="context:fercan.date." type="context"> </ref> </note></origDate> </origin>
						<provenance type="found" when="1733"> <placeName> <ref type="context" target="context:fercan.geog.modern."/> </placeName> <p/> <location>
								<geo decls="#WGS"/>
							</location> <note anchored="true"/> </provenance>
						<provenance type="observed" subtype="autopsied"><p>vidimus (CIL XIII Projekt)<br/></p></provenance>
					</history>
				</msDesc>
				<listPlace>
					<place type="antique_term">
						<placeName><ref target="context:fercan.geog.term" type="context"/> </placeName>
					</place>
					<place type="sacral_building">
						<placeName> <ref target="context:fercan.geog.sacral." type="context"> </ref>
						</placeName>
					</place>
				</listPlace>
				<listPerson>
					<!-- Sonstige theonymische Formulare -->
					<person>
						<persName subtype="celtic_normalized_other" type="divine">
							<ref target="context:fercan.dcn.other" type="context"> </ref>
						</persName>
					</person>
					<!-- theonymisches formular -->
					<person>
						<persName subtype="celtic_normalized" type="divine">
							<ref target="context:fercan.dcn." type="context">Visucius</ref>
						</persName>
					</person>
					<!-- keltisches götternamenelement  -->
					<person>
						<persName subtype="celtic_element" type="divine">
							<ref target="context:fercan.dce." type="context">Visucius</ref>
						</persName>
					</person>
					<person>
						<persName type="cognomen"> <ref target="context:fercan.person.cognomen" type="context">Calpurnianus</ref> </persName>
					</person>
					<person>
						<persName> <roleName type="religious"> <ref target="context:fercan.person.religious" type="context"> </ref>
						</roleName> </persName>
					</person>
					<person>
						<persName type="gentilnomen"><ref target="context:fercan.person.gentilnomen." type="context">Candidius</ref></persName>
					</person>
					<person>
						<persName> <roleName type="other"> <ref target="context:fercan.person.other." type="context"> </ref> </roleName>
						</persName>
					</person>
					<person>
						<persName> <roleName type="military"> <ref target="context:fercan.person.military." type="context"> </ref>
						</roleName> </persName>
					</person>
					<person>
						<persName> <roleName type="office"> <ref target="context:fercan.person.office." type="context">decurio civitas Ulpia Sueborum Nicrensium; decurio civitas Nemetum</ref>
						</roleName> </persName>
					</person>
					<person>
						<persName type="sovereign"> <ref target="context:fercan.person.sovereign." type="context"> </ref> </persName>
					</person>
				</listPerson>
				<listOrg>
					<org type="admin_unit">
						<orgName> <ref target="context:fercan.org.admin." type="context">civitas Ulpia Sueborum Nicrensium; civitas Nemetum</ref>
						</orgName>
					</org>
					<org type="military_unit">
						<orgName><ref target="context:fercan.org.military." type="context">
						</ref></orgName>
					</org>
					<org type="population_group">
						<orgName> <ref target="context:fercan.org.population." type="context">
						</ref> </orgName>
					</org>
				</listOrg>
			</sourceDesc>
		</fileDesc>
		<encodingDesc>
			<geoDecl xml:id="WGS" datum="WGS84">World Geodetic System</geoDecl>
			<editorialDecl>
				<p>Digitale Repräsentation konform mit EpiDoc: http://epidoc.sourceforge.net</p>
				<p>Majuskel und Minuskel ausgeführt nach Leidener Klammersystem, Majuskel bildet
					Inschrift originalgetreu ab, Minuskel enthält editorische Hinzufügungen</p>
			</editorialDecl>
			<projectDesc>
				<p>Die keltischen Götternamen in den Inschriften der römischen Provinz Germania
					Inferior. Eine Fallstudie zu Religion im Kontext von Kulturkontakt und
					Kulturtransfer (FWF – Projekt P 29274-G25 )</p>
				<p>Das Forschungsprojekt beabsichtigt, sämtliche keltischen Götternamen, die sich in
					lateinischen Inschriften der römischen Provinz Germania Inferior erhaltenen
					haben, zusammenzustellen und auszuwerten. Die gewählte Quellengrundlage
					erscheint besonders geeignet Erscheinungsformen zu untersuchen, welche auf
					religiöser Ebene durch das Zusammentreffen von verschiedenen kulturellen
					Einflüssen entstanden sind. Diese sind hier einerseits definiert durch die
					Verwendung der keltischen Sprache, andererseits durch die lateinische Sprache
					und durch Formen aus dem Inneren des Imperium Romanum, die man mit dem Etikett
					„römisch“ versehen kann. Das Interesse gilt dabei nicht nur religiösen, sondern
					auch damit verbundenen gesellschaftlichen Aspekten und den entsprechenden
					Mentalitäten. Doch soll damit auch zu einem verbesserten Gesamtbild der
					Provinzialreligion in Niedergermanien beigetragen werden.<lb/> Die
					Abschlusspublikation wird ergänzt um einen ausführlichen
					sprachwissenschaftlichen Kommentar (von Patrizia de Bernardo Stempel) in der
					Reihe ‚Corpus - F.E.R.C.AN. (Fontes epigraphici religionum Celticarum
					antiquarum)‘ erscheinen. </p>
			</projectDesc>
		</encodingDesc>
		<profileDesc>
			<langUsage>
				<language ident="la">Latein</language>
			</langUsage>
			<textClass>
				<keywords>
					<list>
						<item> <ref target="context:fercan.dedication." type="context"> </ref> </item>
						<item> <ref target="context:fercan.character." type="context"> </ref> </item>
						<item> <ref target="context:fercan.other." type="context"> </ref> </item>
						<item> <ref target="context:fercan.rel.other." type="context"> </ref> </item>
						<!-- Belegform gesamt  -->
						<item> <ref target="context:fercan.divinepart." type="context">Visucio</ref> </item>
					</list>
				</keywords>
			</textClass>
		</profileDesc>
		<revisionDesc>
			<change when="2019" n="1" corresp="https://gams.uni-graz.at/o:fercan.1/TEI_SOURCE.2020-02-26">Initial
				Version</change>
			<change when="2020" n="2" corresp="https://gams.uni-graz.at/o:fercan.1/TEI_SOURCE.2022-03-07">Version
				2</change>
			<change when="2022" n="3">Version 3</change>
		</revisionDesc>
	</teiHeader>
	<facsimile>
		<graphic mimeType="image/jpeg" xml:id="IMAGE.1" url="1093_front1.jpg">
			<desc>Front, CIL XIII Projekt, CC BY-NC</desc>
		</graphic>
	
            <!-- todo: @xml:id-->
            <graphic mimeType="image/jpeg" url="1093_front2.jpg ">
                <desc>Front, EDCS-11000418, Rechte vorbehalten</desc>
            </graphic>
        </facsimile>
	<text>
		<body>
			<ab> <ref target="context:fercan" type="context">FERCAN</ref> </ab>
			<div subtype="editions" type="bibliography" org="uniform" sample="complete">
				<listBibl>
					<bibl xml:id="1">Steiner 1837, Nr.131</bibl>
				
            <bibl xml:id="2">Brambach 1867 (Corpus), Nr.1704</bibl>
        
            <bibl xml:id="3">Haug 1877, Nr.19</bibl>
        
            <bibl xml:id="4">CIL XIII 6404</bibl>
        
            <bibl xml:id="5">ILS 4607</bibl>
        
            <bibl xml:id="6">Wagner 1911, 272f</bibl>
        
            <bibl xml:id="7">Riese 1914, Nr.2107</bibl>
        
            <bibl xml:id="8">Castritius/Clauss/Hefner 1977, Nr.155</bibl>
        
            <bibl xml:id="9">Eger 1983, 113</bibl>
        
            <bibl xml:id="10">Lobüscher 2002, Nr.79</bibl>
        
            <bibl xml:id="11">Kakoschke 2002, Nr. 1.134</bibl>
        
            <bibl xml:id="12">Grünewald 2016, 127</bibl>
        
            <bibl xml:id="13">Scheungraber 2020. 605 Nr.5</bibl>
        
            <bibl xml:id="14">Lipps et al. 2021, 575-577 Kat.128</bibl>
        </listBibl>
			</div>
			<div subtype="concordances" type="bibliography" org="uniform" sample="complete">
				<listBibl>
					<bibl type="EDCS"><idno>EDCS-11000418</idno><date>zuletzt abgerufen 2024-04-12</date></bibl>
					<bibl type="EDH"><idno>HD036494</idno><date>Version von 2020-04-09</date></bibl>
					<bibl type="trismegistos"><idno>https://www.trismegistos.org/text/210774</idno><date>zuletzt abgerufen 2024-04-12</date></bibl>
					<bibl type="lupa"><idno>https://lupa.at/34660?</idno><date>Version von 2024-03-21</date></bibl>
					<bibl type="other"><idno> </idno><date> </date></bibl>
				</listBibl>
			</div>
			<div type="edition" subtype="diplomatic" xml:id="majuscule" xml:lang="la" xml:space="preserve" org="uniform" sample="complete">
				<ab><lb n="1"/>VISVCIO
<lb n="2"/>AED<hi rend="ligature">EM</hi> CUM SIG<hi rend="ligature">NO</hi>
<lb n="3"/>C CA<hi rend="ligature">ND</hi>IDIVS
<lb n="4"/>C<hi rend="ligature">AL</hi>PVRN<hi rend="ligature">IAN</hi>V<gap reason="lost" quantity="1" unit="character"/>
<lb n="5"/>D C C S N <hi rend="ligature">ITE</hi><hi rend="ligature">MDEC</hi><gap reason="lost" quantity="1" unit="character"/>
<lb n="6"/>C <hi rend="ligature">NE</hi><hi rend="ligature">MET</hi> FEC<orig/></ab></div>
			<div type="edition" xml:lang="la" xml:id="minuscule" subtype="normalised" xml:space="preserve" org="uniform" sample="complete"><ab><lb n="1"/>Visucio
<lb n="2"/>aedem cum signo
<lb n="3"/><expan><abbr>C</abbr><ex>aius</ex></expan> Candidius
<lb n="4"/>Calpurnianu<supplied reason="lost">s</supplied>
<lb n="5"/><expan><abbr>d</abbr><ex>ecurio</ex></expan> <expan><abbr>c</abbr><ex>ivium</ex></expan> <expan><abbr>c</abbr><ex>ivitatis</ex></expan> <expan><abbr>S</abbr><ex>ueborum</ex></expan> <expan><abbr>N</abbr><ex>icrensium</ex></expan> item <expan><abbr>dec</abbr><ex>urio</ex></expan> <supplied reason="lost"><expan><abbr>c</abbr><ex>ivium</ex></expan></supplied>
<lb n="6"/><expan><abbr>c</abbr><ex>ivitatis</ex></expan> <expan><abbr>Nemet</abbr><ex>um</ex></expan> <expan><abbr>fec</abbr><ex>it</ex></expan></ab></div>
			<div type="translation" xml:lang="de" org="uniform" sample="complete">
				<p><p>Für <rs type="divine">Visucius</rs>!</p><p>Diesen Tempel mit Kultbild hat Gaius Candidius Calpurnianus, Dekurio der civitas (Ulpia) Sueborum Nicrensium sowie Dekurio der civitas Nemetum, errichtet.<br/></p></p>
			</div>
			<div type="translation" xml:lang="en" org="uniform" sample="complete">
				<p><p>To <rs type="divine">Visucius</rs>!</p><p>This temple with a cult image was made (by) Caius Candidius Calpurnianus, decurio of the civitas (Ulpia) Sueborum Nicrensium as well as decurio of the civitas Nemetum.<br/></p></p>
			</div>
			<div type="apparatus" org="uniform" sample="complete">
				<app loc="2">
					<note anchored="true">sign[o] – Steiner, Brambach, Haug, Wagner, ILS, Kakoschke; sign[o] C. Candidius (mit fehlendem Zeilenumbruch zwischen Z.2 und Z.3) – Eger; signọ – Castritius (u.a.); sigṇ[o] – Lobüscher</note>
				</app>
			
            <app loc="4">
                <note anchored="true">Calpurninus – Steiner; Calpurn[i]anu[s] – Wagner; Calpirnianus – Moers-Messmer, Castritius (u.a.); Calpurnianus – Scheungraber; Calpurn(i)anus – Lipps et al.; Z.3 wegen Fehler im Zeilenumbruch Z.2/3 – Eger</note>
            </app>
        
            <app loc="5">
                <note anchored="true">decurio civium collegii seniorum et medicus – Steiner; d(e)c(urio?) S(everianae?) N(emetum), ite(m) med(i)c(us?) – Haug; decurio civitatis Commodianae? Sueborum Nicretum – Riese; N(icretum) – CIL, ILS, Wagner, Eger (Z.4 wegen Fehler im Zeilenumbruch Z.2/3), Castritius (u.a.), Scheungraber; N(icretium) – Moers-Messmer; N(ecretum) – Lobüscher; ohne [c(ivium)] – Wagner, Grünewald</note>
            </app>
        
            <app loc="6">
                <note anchored="true">[c(ivium)] – Eger (Z.5 wegen Fehler im Zeilenumbruch Z.2/3)</note>
            </app>
        
            <app loc="3">
                <note anchored="true">Candidiu[s] – Lobüscher</note>
            </app>
        </div>
			<div type="commentary" subtype="general" org="uniform" sample="complete"><p>C. Candidius Calpurnianus: tria nomina</p><p>Candidius: einheimisches Pseudogentilnomen, abgeleitet vom lateinsichen Namen Candidus, in den keltischen Provinzen verbreitet (Kakoschke 2021, GN 276)</p><p>Calpurnianus: lateinischer Name, Weiterbildung des Gentilnomens Calpurnius, sehr selten (Kakoschke 2021, CN 619) </p><p>decurio civium civitatis Sueborum Nicrensium item decurio [civium] civitatis Nemetum: Doppel Decurionate wie die des Calpurnianus in den civitates von Ladenburg und Speyer sind in den nordwestlichen Provinzen selten belegt. Ob Calpurnianus die Decurionate gleichzeitig oder aufeinander folgend innegehabt hatte geht aus der Inschrift nicht hervor. (vgl. Lipps et al. 2021, 576)</p></div>
			<div type="commentary" subtype="language" org="uniform" sample="complete">
				<p> </p>
			</div>
			<div type="commentary" subtype="deity" org="uniform" sample="complete">
				<p> </p>
			</div>
			<linkGrp type="alignment" domains="#majuscule #minuscule">
			</linkGrp>
		</body>
		<back>
			<note type="Objbeschr_note"/>
			<note type="ArchKlass_note"/>
			<note type="Material_note"/>
			<note type="Inschrifttraeger_note"/>
			<note type="VerwahrortOrt_note"/>
			<note type="InvNr_note"><p>Lipps et al. 575<br/></p></note>
			<note type="Fundstelle_note"/>
			<note type="Fundumst_note"/>
			<note type="Fundjahr_note"><p>Lipps et al. 575<br/></p></note>
			<note type="FOantik_note"/>
			<note type="FOmodern_note"/>
			<note type="civitas_note"/>
			<note type="Autopsie_note"/>
			<note type="Appcrit_note"/>
			<note type="Abb_note"/>
			<note type="englUEbers_note"/>
			<note type="dtUEbers_note"/>
			<note type="Editionen_note"/>
			<note type="ErhzustObj_note"/>
			<note type="Masse_note">Wagner 1911, 273; kontrolliert in Karteikarte 6404 s. 9<br/></note>
			<note type="Ikonogr_note"/>
			<note type="Inschrtext_note"/>
			<note type="ErhzustInschr_note"/>
			<note type="Schrifttechnik_note"/>
			<note type="Buchsthoehe_note"><p>Karteikarte 6404 s. 9; Ligatur in Z.5: 5,3<br/></p></note>
			<note type="Notvar_note"/>
			<note type="KommGoettern_note"/>
			<note type="SonstKomm_note"/>
			<note type="Datierung_note"><p>EDH: 101 AD – 200 AD</p><p>Lipps et al. 575: 101-250<br/></p></note>
			<note type="ElektronischeRessourcen_note"/>
			<note type="Index_note"/>
		</back>
	</text>
</TEI>