<TEI xmlns="http://www.tei-c.org/ns/1.0" xml:id="superior83" n="">
	<teiHeader xml:lang="en">
		<fileDesc>
			<titleStmt>
				<title type="full"><title type="main">Sirona</title><title type="sub">CF-GeS-1026</title></title>
				<respStmt>
					<resp>Inschriftenedition</resp>
					<persName><forename>Werner</forename><surname>Petermandl</surname></persName>
				</respStmt>
				<respStmt>
					<resp>Archäologische Beschreibung und geografische Daten</resp>
					<persName><forename>Astrid</forename><surname>Schmölzer</surname></persName>
				</respStmt>
				<funder ref="https://www.fwf.ac.at">Austrian Science Fund (FWF): P 9274-G25</funder>
			</titleStmt>
			<publicationStmt>
				<publisher><link target="https://antike.uni-graz.at"/><orgName ref="https://d-nb.info/gnd/1213531357">Institut für Antike, Fachbereich Alte
					Geschichte und Epigraphik, Karl-Franzens-Universität Graz</orgName></publisher>
				<authority><link target="https://informationsmodellierung.uni-graz.at"/><orgName ref="http://d-nb.info/gnd/1137284463">Zentrum für Informationsmodellierung -
					Austrian Centre for Digital Humanities, Karl-Franzens-Universität
					Graz</orgName></authority>
				<distributor><link target="https://gams.uni-graz.at"/><orgName full="yes">GAMS -
					Geisteswissenschaftliches Asset Management System</orgName></distributor>
				<date when="2022">2022</date>
				<pubPlace>Graz</pubPlace>
				<idno type="PID">o:fercan.83</idno>
				<availability>
					<licence target="https://creativecommons.org/licenses/by-nc/4.0">Creative
						Commons BY-NC 4.0</licence>
				</availability>
			</publicationStmt>
			<seriesStmt>
				<title ref="https://gams.uni-graz.at/fercan">FERCAN: Fontes Epigraphici Religionum
					Celticarum Antiquarum</title>
				<respStmt>
					<resp>Projektleitung</resp>
					<persName><forename>Wolfgang</forename><surname>Spickermann</surname></persName>
				</respStmt>
			</seriesStmt>
			<sourceDesc>
				<msDesc>
					<msIdentifier>
						<settlement> </settlement>
						<repository>verschollen</repository>
						<idno/>
					</msIdentifier>
					<msContents>
						<summary>Weihinschrift</summary>
					</msContents>
					<physDesc>
						<objectDesc>
							<supportDesc>
								<support> <p>                                                <p>Aufgrund des Überlieferungszustandes ist keine Beschreibung möglich.</p></p> <material> <ref type="context" target="context:fercan.material." ana="https://gams.uni-graz.at/o:fercan.arch#C.120210">Kalkstein</ref> </material>
									<objectType ref="https://gams.uni-graz.at/o:fercan.arch#C.110300">Weihealtar</objectType> <dimensions>
										<height unit="cm"> 54,8</height>
										<width unit="cm"> 33,5</width>
										<depth unit="cm"> 12,2</depth>
									</dimensions> <note type="dimensions" anchored="true"> </note> </support>
								<condition> <ref type="context" target="context:fercan.condition" ana="https://gams.uni-graz.at/o:fercan.arch#C.130700">unklar</ref> </condition>
							</supportDesc>
							<layoutDesc>
								<layout> <p><p>Der Inschriftentext ist nur in drei Abschriften mit geringfügigen Abweichungen überliefert.<br/></p></p> <note type="condition" anchored="true"/> </layout>
							</layoutDesc>
						</objectDesc>
						<handDesc>
							<handNote> <desc type="execution"/> <height unit="cm" atLeast="0" atMost="0"/> </handNote>
						</handDesc>
						<decoDesc>
							<decoNote> <p>                                                <p>Keine bildliche Gestaltung überliefert. <br/></p></p> <term ana="https://gams.uni-graz.at/o:fercan.arch#C.130100">Abschrift</term>
							</decoNote>
						</decoDesc>
					</physDesc>
					<history>
						<origin> <origPlace> <placeName>Mogontiacum</placeName> <region/> </origPlace> <origDate notBefore="" notAfter="" instant="false"><date> </date> <note type="original"> <ref target="context:fercan.date." type="context"> </ref> </note></origDate> </origin>
						<provenance type="found" when="1842"> <placeName> <ref type="context" target="context:fercan.geog.modern.">Mainz</ref> </placeName> <p>"am Bischofshof (=Ecke Höfchen-Schöfferstraße [Domseite])" (Weber 1966, 81 Nr.6753)</p> <location>
								<geo decls="#WGS"/>
							</location> <note anchored="true">Die genauen Fundumstände sind nicht mehr nachvollziehbar.</note> </provenance>
						<provenance type="observed" subtype="autopsied"><p>non vidimus</p><p>Lesung gründet auf: CIL (nach Malten 1842)</p></provenance>
					</history>
				</msDesc>
				<listPlace>
					<place type="antique_term">
						<placeName><ref target="context:fercan.geog.term" type="context"/> </placeName>
					</place>
					<place type="sacral_building">
						<placeName> <ref target="context:fercan.geog.sacral." type="context"> </ref>
						</placeName>
					</place>
				</listPlace>
				<listPerson>
					<!-- Sonstige theonymische Formulare -->
					<person>
						<persName subtype="celtic_normalized_other" type="divine">
							<ref target="context:fercan.dcn.other" type="context"> </ref>
						</persName>
					</person>
					<!-- theonymisches formular -->
					<person>
						<persName subtype="celtic_normalized" type="divine">
							<ref target="context:fercan.dcn." type="context">Sirona</ref>
						</persName>
					</person>
					<!-- keltisches götternamenelement  -->
					<person>
						<persName subtype="celtic_element" type="divine">
							<ref target="context:fercan.dce." type="context">Sirona</ref>
						</persName>
					</person>
					<person>
						<persName type="cognomen"> <ref target="context:fercan.person.cognomen" type="context">Secundus</ref> </persName>
					</person>
					<person>
						<persName> <roleName type="religious"> <ref target="context:fercan.person.religious" type="context"> </ref>
						</roleName> </persName>
					</person>
					<person>
						<persName type="gentilnomen"><ref target="context:fercan.person.gentilnomen." type="context">Pomponius</ref></persName>
					</person>
					<person>
						<persName> <roleName type="other"> <ref target="context:fercan.person.other." type="context"> </ref> </roleName>
						</persName>
					</person>
					<person>
						<persName> <roleName type="military"> <ref target="context:fercan.person.military." type="context"> </ref>
						</roleName> </persName>
					</person>
					<person>
						<persName> <roleName type="office"> <ref target="context:fercan.person.office." type="context"> </ref>
						</roleName> </persName>
					</person>
					<person>
						<persName type="sovereign"> <ref target="context:fercan.person.sovereign." type="context"> </ref> </persName>
					</person>
				</listPerson>
				<listOrg>
					<org type="admin_unit">
						<orgName> <ref target="context:fercan.org.admin." type="context"> </ref>
						</orgName>
					</org>
					<org type="military_unit">
						<orgName><ref target="context:fercan.org.military." type="context">
						</ref></orgName>
					</org>
					<org type="population_group">
						<orgName> <ref target="context:fercan.org.population." type="context">
						</ref> </orgName>
					</org>
				</listOrg>
			</sourceDesc>
		</fileDesc>
		<encodingDesc>
			<geoDecl xml:id="WGS" datum="WGS84">World Geodetic System</geoDecl>
			<editorialDecl>
				<p>Digitale Repräsentation konform mit EpiDoc: http://epidoc.sourceforge.net</p>
				<p>Majuskel und Minuskel ausgeführt nach Leidener Klammersystem, Majuskel bildet
					Inschrift originalgetreu ab, Minuskel enthält editorische Hinzufügungen</p>
			</editorialDecl>
			<projectDesc>
				<p>Die keltischen Götternamen in den Inschriften der römischen Provinz Germania
					Inferior. Eine Fallstudie zu Religion im Kontext von Kulturkontakt und
					Kulturtransfer (FWF – Projekt P 29274-G25 )</p>
				<p>Das Forschungsprojekt beabsichtigt, sämtliche keltischen Götternamen, die sich in
					lateinischen Inschriften der römischen Provinz Germania Inferior erhaltenen
					haben, zusammenzustellen und auszuwerten. Die gewählte Quellengrundlage
					erscheint besonders geeignet Erscheinungsformen zu untersuchen, welche auf
					religiöser Ebene durch das Zusammentreffen von verschiedenen kulturellen
					Einflüssen entstanden sind. Diese sind hier einerseits definiert durch die
					Verwendung der keltischen Sprache, andererseits durch die lateinische Sprache
					und durch Formen aus dem Inneren des Imperium Romanum, die man mit dem Etikett
					„römisch“ versehen kann. Das Interesse gilt dabei nicht nur religiösen, sondern
					auch damit verbundenen gesellschaftlichen Aspekten und den entsprechenden
					Mentalitäten. Doch soll damit auch zu einem verbesserten Gesamtbild der
					Provinzialreligion in Niedergermanien beigetragen werden.<lb/> Die
					Abschlusspublikation wird ergänzt um einen ausführlichen
					sprachwissenschaftlichen Kommentar (von Patrizia de Bernardo Stempel) in der
					Reihe ‚Corpus - F.E.R.C.AN. (Fontes epigraphici religionum Celticarum
					antiquarum)‘ erscheinen. </p>
			</projectDesc>
		</encodingDesc>
		<profileDesc>
			<langUsage>
				<language ident="la">Latein</language>
			</langUsage>
			<textClass>
				<keywords>
					<list>
						<item> <ref target="context:fercan.dedication." type="context"> </ref> </item>
						<item> <ref target="context:fercan.character." type="context"> </ref> </item>
						<item> <ref target="context:fercan.other." type="context"> </ref> </item>
						<item> <ref target="context:fercan.rel.other." type="context"> </ref> </item>
						<!-- Belegform gesamt  -->
						<item> <ref target="context:fercan.divinepart." type="context">Sirona[e]</ref> </item>
					</list>
				</keywords>
			</textClass>
		</profileDesc>
		<revisionDesc>
			<change when="2019" n="1" corresp="https://gams.uni-graz.at/o:fercan.1/TEI_SOURCE.2020-02-26">Initial
				Version</change>
			<change when="2020" n="2" corresp="https://gams.uni-graz.at/o:fercan.1/TEI_SOURCE.2022-03-07">Version
				2</change>
			<change when="2022" n="3">Version 3</change>
		</revisionDesc>
	</teiHeader>
	<facsimile>
		<graphic mimeType="image/png" xml:id="IMAGE.1" url="1026_front_Abschr1.png">
			<desc>Abschrift, CIL</desc>
		</graphic>
	
            <!-- todo: @xml:id-->
            <graphic mimeType="image/png " url="1026_front_Abschr2.png"><desc>Abschrift, CIL</desc></graphic>
        
            <!-- todo: @xml:id-->
            <graphic mimeType="image/png" url="1026_front_Abschr3.png"><desc>Abschrift, CIL</desc></graphic>
        
            <!-- todo: @xml:id-->
            <graphic mimeType="image/png" url="1026_front_Abschr4.png"><desc>Abschrift, CIL</desc></graphic>
        </facsimile>
	<text>
		<body>
			<ab> <ref target="context:fercan" type="context">FERCAN</ref> </ab>
			<div subtype="editions" type="bibliography" org="uniform" sample="complete">
				<listBibl>
					<bibl xml:id="1">CIL XIII 6753 </bibl>
				
            <bibl xml:id="2">Riese 1914, Nr.3503</bibl>
        
            <bibl xml:id="3">Weber 1966, 81</bibl>
        
            <bibl xml:id="4">Weisgerber 1975, 118</bibl>
        
            <bibl xml:id="5">Jacobi 1996, 633</bibl>
        
            <bibl xml:id="6">Raybould/Sims-Williams 2007, 60 Nr.BEG 108</bibl>
        
            <bibl xml:id="7">Hainzmann 2016, 48 Nr.21</bibl>
        
            <bibl xml:id="8">Scheungraber 2020, 488 Nr.17</bibl>
        
            <bibl xml:id="9">Ferlut 2022, Nr.1233</bibl>
        </listBibl>
			</div>
			<div subtype="concordances" type="bibliography" org="uniform" sample="complete">
				<listBibl>
					<bibl type="EDCS"><idno>EDCS-11000800</idno><date>zuletzt abgerufen 2023-06-28</date></bibl>
					<bibl type="EDH"><idno>HD077179</idno><date>Version von 2018-08-08</date></bibl>
					<bibl type="trismegistos"><idno> </idno><date> </date></bibl>
					<bibl type="lupa"><idno> </idno><date> </date></bibl>
					<bibl type="other"><idno> </idno><date> </date></bibl>
				</listBibl>
			</div>
			<div type="edition" subtype="diplomatic" xml:id="majuscule" xml:lang="la" xml:space="preserve" org="uniform" sample="complete">
				<ab><lb n="1"/><gap reason="lost" extent="unknown" unit="character"/>SIRONA<gap reason="lost" extent="unknown" unit="character"/>
<lb n="2"/><gap reason="lost" extent="unknown" unit="character"/>QVE<g type="interpunct">▴</g>IM<gap reason="lost" extent="unknown" unit="character"/>
<lb n="3"/><gap reason="lost" extent="unknown" unit="character"/>NIS<g type="interpunct">▴</g>ESVM<gap reason="lost" extent="unknown" unit="character"/>
<lb n="4"/><gap reason="lost" extent="unknown" unit="character"/>ORTAEAELE<gap reason="lost" extent="unknown" unit="character"/>
<lb n="5"/><gap reason="lost" extent="unknown" unit="character"/>PONIVS<g type="interpunct">▴</g>SECVN<gap reason="lost" extent="unknown" unit="character"/>
<lb n="6"/><gap reason="lost" extent="unknown" unit="character"/>P<g type="interpunct">▴</g>DALCV<gap reason="lost" extent="unknown" unit="character"/>
<lb n="7"/><gap reason="lost" extent="unknown" unit="character"/>DEN<gap reason="lost" extent="unknown" unit="character"/><orig/></ab></div>
			<div type="edition" xml:lang="la" xml:id="minuscule" subtype="normalised" xml:space="preserve" org="uniform" sample="complete"><ab><lb n="1"/><gap reason="lost" extent="unknown" unit="character"/>Sirona<supplied reason="lost">e</supplied><gap reason="lost" extent="unknown" unit="character"/>
<lb n="2"/><gap reason="lost" extent="unknown" unit="character"/>que IM<gap reason="lost" extent="unknown" unit="character"/>
<lb n="3"/><gap reason="lost" extent="unknown" unit="character"/>NIS ESVM<gap reason="lost" extent="unknown" unit="character"/>
<lb n="4"/><gap reason="lost" extent="unknown" unit="character"/>ORTAEAELE<gap reason="lost" extent="unknown" unit="character"/>
<lb n="5"/><gap reason="lost" extent="unknown" unit="character"/>ponius Secun<gap reason="lost" extent="unknown" unit="character"/>
<lb n="6"/><gap reason="lost" extent="unknown" unit="character"/>P DALCV<gap reason="lost" extent="unknown" unit="character"/>
<lb n="7"/><gap reason="lost" extent="unknown" unit="character"/>DEN<gap reason="lost" extent="unknown" unit="character"/></ab></div>
			<div type="translation" xml:lang="de" org="uniform" sample="complete">
				<p><p>...? für <rs type="divine">Sirona</rs>! ...?</p><p>... Pomponius Secundus? ...<br/></p></p>
			</div>
			<div type="translation" xml:lang="en" org="uniform" sample="complete">
				<p><p>...? to <rs type="divine">Sirona</rs>! ...?</p>... Pomponius Secundus? ...<p/></p>
			</div>
			<div type="apparatus" org="uniform" sample="complete">
				<app loc="1">
					<note anchored="true">SIRȎNA – CIL (nach Klein bei Lersch 1842); [Deae] Sirona[e dis deabus?] – CIL; [Deae] Sirona[e ceterisque dis? deabus] – Weisgerber; [Deae] Sirona[e Dis Dea] – Riese, Weber, vgl. auch Jacobi; [Deae] Sirona[e] – Raybould/Sims-Williams; [Deae] Sirona[e dis] – Hainzmann, EDH, Scheungraber, Ferlut</note>
				</app>
			
            <app loc="2"><note anchored="true">im[mortalibus] – CIL, Weisgerber; [bus]que im[mortalibus] – Riese, Weber, vgl. auch Jacobi; [?dis]que im[mortalibus?] – Raybould/Sims-Williams;[deabus]que – Hainzmann, Scheungraber, EDH; [deabus]que im- – Ferlut</note></app>
        
            <app loc="3"><note anchored="true">ESNA das N seitenverkehrt – CIL (nach Klein bei Lersch 1842); ESINA – CIL (nach Klein in Mainzer Zeitschrift 1845); keine Buchstaben wiedergegeben – Riese; [mortalibus ---] – Hainzmann, Scheungraber; [mortalibus ---] NIS ESINA – EDH, Raybould/Sims-Williams; [mortalibus ---]NIS ESUM – Ferlut </note></app>
        
            <app loc="4"><note anchored="true">LORTAEAẸȊE – CIL (nach Klein bei Lersch 1842); LORTAE AẸIE – CIL (nach Klein in Mainzer Zeitschrift 1845), EDH (ohne Unterpunkt); keine Buchstaben wiedergegeben – Riese; [...]lortae aete[...] – Raybould/Sims-Williams; [---]ORTAEAELE – Ferlut </note></app>
        
            <app loc="5"><note anchored="true">[Pom]ponius Secun[dus] – Riese, Weber, vgl. auch Jacobi, Hainzmann, Scheungraber, Ferlut; [Ate]ponius? Secund[us] – Raybould/Sims-Williams; [Pom?]ponius Secun[dus] – EDH  </note></app>
        
            <app loc="6"><note anchored="true">T DMC̑V – CIL (nach Klein bei Lersch 1842); T DAMC . V – CIL (nach Klein in Mainzer Zeitschrift 1845), EDH; keine Buchstaben wiedergegeben – Riese; [...]t dame v [...] – Raybould/Sims-Williams</note></app>
        
            <app loc="7"><note anchored="true">T . M – CIL (nach Klein in Mainzer Zeitschrift 1845), EDH; keine Buchstaben wiedergegeben – Riese; [...]t m[...] – Raybould/Sims-Williams</note></app>
        </div>
			<div type="commentary" subtype="general" org="uniform" sample="complete">                                                <p>Pomponius Secundus: Der Name ist nur eine mögliche Ergänzung. Jedenfalls handelt es sich dabei um ein römisches Namensformular ohne Pränomen.</p>
                                                <p>Pomponius: gängiges, italisches Gentilnomen (Kakoschke 2021, GN 997)</p>
                                                <p>Secundus: lateinischer Name, überall äußerst gängig (Kakoschke 2021, CN 2774)
			</p></div>
			<div type="commentary" subtype="language" org="uniform" sample="complete">
				<p> </p>
			</div>
			<div type="commentary" subtype="deity" org="uniform" sample="complete">
				<p> </p>
			</div>
			<linkGrp type="alignment" domains="#majuscule #minuscule">
			</linkGrp>
		</body>
		<back>
			<note type="Objbeschr_note"/>
			<note type="ArchKlass_note"/>
			<note type="Material_note"><p>Malten 1842, S. 40: Muschelkalk<br/></p></note>
			<note type="Inschrifttraeger_note"><p>WSpDB: ara</p></note>
			<note type="VerwahrortOrt_note"/>
			<note type="InvNr_note"><p><b>Verschollen, daher keine Inventarnummer</b><br/></p></note>
			<note type="Fundstelle_note"><p>Weisgerber 1975 S.118: am Bischofshof im Dombezirk</p><p>EDH: Höfchen 2, ehemaliger Bischofshof</p></note>
			<note type="Fundumst_note"/>
			<note type="Fundjahr_note"/>
			<note type="FOantik_note"/>
			<note type="FOmodern_note"/>
			<note type="civitas_note"/>
			<note type="Autopsie_note"/>
			<note type="Appcrit_note"/>
			<note type="Abb_note"/>
			<note type="englUEbers_note"/>
			<note type="dtUEbers_note"/>
			<note type="Editionen_note"><p>Photos von online nicht verfügbaren Inschriftentexten s. Ordner: ISntexte Slg</p></note>
			<note type="ErhzustObj_note"/>
			<note type="Masse_note">                                                    <p>Malten 1842, S. 40: 1 Fuß 8 Zoll hoch, 1 Fuß 1 Zoll breit und 4 Zoll dick <b>- hieraus umgerechnet!</b><br/></p></note>
			<note type="Ikonogr_note"/>
			<note type="Inschrtext_note"/>
			<note type="ErhzustInschr_note"/>
			<note type="Schrifttechnik_note"><p><b>verschollen, daher nicht eruierbar</b><br/></p></note>
			<note type="Buchsthoehe_note"><p><b>Verschollen, daher nicht eruierbar.</b><br/></p></note>
			<note type="Notvar_note"/>
			<note type="KommGoettern_note"/>
			<note type="SonstKomm_note"/>
			<note type="Datierung_note"><p>WSpDB: 200-250</p><p>EDH: 151-300</p></note>
			<note type="ElektronischeRessourcen_note"/>
			<note type="Index_note"/>
		</back>
	</text>
</TEI>