<TEI xmlns="http://www.tei-c.org/ns/1.0" xml:id="superior110" n="">
	<teiHeader xml:lang="en">
		<fileDesc>
			<titleStmt>
				<title type="full"><title type="main">Vosegus Silvanus</title><title type="sub">CF-GeS-1066</title></title>
				<respStmt>
					<resp>Inschriftenedition</resp>
					<persName><forename>Werner</forename><surname>Petermandl</surname></persName>
				</respStmt>
				<respStmt>
					<resp>Archäologische Beschreibung und geografische Daten</resp>
					<persName><forename>Astrid</forename><surname>Schmölzer</surname></persName>
				</respStmt>
				<funder ref="https://www.fwf.ac.at">Austrian Science Fund (FWF): P 9274-G25</funder>
			</titleStmt>
			<publicationStmt>
				<publisher><link target="https://antike.uni-graz.at"/><orgName ref="https://d-nb.info/gnd/1213531357">Institut für Antike, Fachbereich Alte
					Geschichte und Epigraphik, Karl-Franzens-Universität Graz</orgName></publisher>
				<authority><link target="https://informationsmodellierung.uni-graz.at"/><orgName ref="http://d-nb.info/gnd/1137284463">Zentrum für Informationsmodellierung -
					Austrian Centre for Digital Humanities, Karl-Franzens-Universität
					Graz</orgName></authority>
				<distributor><link target="https://gams.uni-graz.at"/><orgName full="yes">GAMS -
					Geisteswissenschaftliches Asset Management System</orgName></distributor>
				<date when="2022">2022</date>
				<pubPlace>Graz</pubPlace>
				<idno type="PID">o:fercan.110</idno>
				<availability>
					<licence target="https://creativecommons.org/licenses/by-nc/4.0">Creative
						Commons BY-NC 4.0</licence>
				</availability>
			</publicationStmt>
			<seriesStmt>
				<title ref="https://gams.uni-graz.at/fercan">FERCAN: Fontes Epigraphici Religionum
					Celticarum Antiquarum</title>
				<respStmt>
					<resp>Projektleitung</resp>
					<persName><forename>Wolfgang</forename><surname>Spickermann</surname></persName>
				</respStmt>
			</seriesStmt>
			<sourceDesc>
				<msDesc>
					<msIdentifier>
						<settlement>Schalkau, Görsdorf</settlement>
						<repository>St. Martins Kirche, an der Außenwand hinter dem Chor eingemauert</repository>
						<idno/>
					</msIdentifier>
					<msContents>
						<summary>Weihinschrift</summary>
					</msContents>
					<physDesc>
						<objectDesc>
							<supportDesc>
								<support> <p>                                                <p>Laut Zangmeister (1885, 239) ist der Stein "rundherum defect und die Bruchlinie läuft nahe der Schrift mit Ausnahme vom Anfange der 2. und 3. Zeile". Anhand der vorliegenden Photographie ist leider keine weitere Beschreibung möglich. <br/></p></p> <material> <ref type="context" target="context:fercan.material." ana="https://gams.uni-graz.at/o:fercan.arch#C.120220">Sandstein</ref> </material>
									<objectType>Weihestein</objectType> <dimensions>
										<height unit="cm">16</height>
										<width unit="cm">32</width>
										<depth unit="cm"> </depth>
									</dimensions> <note type="dimensions" anchored="true"> </note> </support>
								<condition> <ref type="context" target="context:fercan.condition" ana="https://gams.uni-graz.at/o:fercan.arch#C.130700">unklar</ref> </condition>
							</supportDesc>
							<layoutDesc>
								<layout> <p>                                                <p>Der Inschriftentext ist bis auf den rechten Teil erhalten. Die Buchstaben sind unregelmäßig.</p>
                                                <p>Aufgrund der scheinbar zentrierten Positionierung des V und S in Z.3 erscheint die in der Literatur vorgeschlagene Ergänzung um L(ibens) und M(erito) (s. Apparatus criticus) im Hinblick auf die Gesamtsymetrie als fraglich.<br/></p></p> <note type="condition" anchored="true"/> </layout>
							</layoutDesc>
						</objectDesc>
						<handDesc>
							<handNote> <desc type="execution">gemeißelt</desc> <height unit="cm" atLeast="3.8" atMost="4.7">3,8–4,7</height> </handNote>
						</handDesc>
						<decoDesc>
							<decoNote> <p><p>Keine bildliche Gestaltung vorhanden.<br/></p></p> 
							
                      
                      <term ana="https://gams.uni-graz.at/o:fercan.arch#C.131000">eingemauert</term></decoNote>
						</decoDesc>
					</physDesc>
					<history>
						<origin> <origPlace> <placeName>Ellelum</placeName> <region>Civitas Tribocorum</region> </origPlace> <origDate notBefore="" notAfter="" instant="false"><date> </date> <note type="original"> <ref target="context:fercan.date." type="context"> </ref> </note></origDate> </origin>
						<provenance type="found" when=" "> <placeName> <ref type="context" target="context:fercan.geog.modern.">Benfeld</ref> </placeName> <p>Ehl</p> <location>
								<geo decls="#WGS"/>
							</location> <note anchored="true">Nähere Informationen zu den ursprünglichen Fundumständen sind nicht bekannt. Laut EDH wurde der Stein ungefähr um 1880 gefunden. </note> </provenance>
						<provenance type="observed" subtype="autopsied"><p>non vidimus</p><p>Lesung gründet auf: CIL und Photo</p></provenance>
					</history>
				</msDesc>
				<listPlace>
					<place type="antique_term">
						<placeName><ref target="context:fercan.geog.term" type="context"/> </placeName>
					</place>
					<place type="sacral_building">
						<placeName> <ref target="context:fercan.geog.sacral." type="context"> </ref>
						</placeName>
					</place>
				</listPlace>
				<listPerson>
					<!-- Sonstige theonymische Formulare -->
					<person>
						<persName subtype="celtic_normalized_other" type="divine">
							<ref target="context:fercan.dcn.other" type="context"> </ref>
						</persName>
					</person>
					<!-- theonymisches formular -->
					<person>
						<persName subtype="celtic_normalized" type="divine">
							<ref target="context:fercan.dcn." type="context">Vosegus Silvanus</ref>
						</persName>
					</person>
					<!-- keltisches götternamenelement  -->
					<person>
						<persName subtype="celtic_element" type="divine">
							<ref target="context:fercan.dce." type="context">Vosegus</ref>
						</persName>
					</person>
					<person>
						<persName type="cognomen"> <ref target="context:fercan.person.cognomen" type="context"> </ref> </persName>
					</person>
					<person>
						<persName> <roleName type="religious"> <ref target="context:fercan.person.religious" type="context"> </ref>
						</roleName> </persName>
					</person>
					<person>
						<persName type="gentilnomen"><ref target="context:fercan.person.gentilnomen." type="context">
						</ref></persName>
					</person>
					<person>
						<persName> <roleName type="other"> <ref target="context:fercan.person.other." type="context"> </ref> </roleName>
						</persName>
					</person>
					<person>
						<persName> <roleName type="military"> <ref target="context:fercan.person.military." type="context"> </ref>
						</roleName> </persName>
					</person>
					<person>
						<persName> <roleName type="office"> <ref target="context:fercan.person.office." type="context"> </ref>
						</roleName> </persName>
					</person>
					<person>
						<persName type="sovereign"> <ref target="context:fercan.person.sovereign." type="context"> </ref> </persName>
					</person>
				</listPerson>
				<listOrg>
					<org type="admin_unit">
						<orgName> <ref target="context:fercan.org.admin." type="context"> </ref>
						</orgName>
					</org>
					<org type="military_unit">
						<orgName><ref target="context:fercan.org.military." type="context">
						</ref></orgName>
					</org>
					<org type="population_group">
						<orgName> <ref target="context:fercan.org.population." type="context">
						</ref> </orgName>
					</org>
				</listOrg>
			</sourceDesc>
		</fileDesc>
		<encodingDesc>
			<geoDecl xml:id="WGS" datum="WGS84">World Geodetic System</geoDecl>
			<editorialDecl>
				<p>Digitale Repräsentation konform mit EpiDoc: http://epidoc.sourceforge.net</p>
				<p>Majuskel und Minuskel ausgeführt nach Leidener Klammersystem, Majuskel bildet
					Inschrift originalgetreu ab, Minuskel enthält editorische Hinzufügungen</p>
			</editorialDecl>
			<projectDesc>
				<p>Die keltischen Götternamen in den Inschriften der römischen Provinz Germania
					Inferior. Eine Fallstudie zu Religion im Kontext von Kulturkontakt und
					Kulturtransfer (FWF – Projekt P 29274-G25 )</p>
				<p>Das Forschungsprojekt beabsichtigt, sämtliche keltischen Götternamen, die sich in
					lateinischen Inschriften der römischen Provinz Germania Inferior erhaltenen
					haben, zusammenzustellen und auszuwerten. Die gewählte Quellengrundlage
					erscheint besonders geeignet Erscheinungsformen zu untersuchen, welche auf
					religiöser Ebene durch das Zusammentreffen von verschiedenen kulturellen
					Einflüssen entstanden sind. Diese sind hier einerseits definiert durch die
					Verwendung der keltischen Sprache, andererseits durch die lateinische Sprache
					und durch Formen aus dem Inneren des Imperium Romanum, die man mit dem Etikett
					„römisch“ versehen kann. Das Interesse gilt dabei nicht nur religiösen, sondern
					auch damit verbundenen gesellschaftlichen Aspekten und den entsprechenden
					Mentalitäten. Doch soll damit auch zu einem verbesserten Gesamtbild der
					Provinzialreligion in Niedergermanien beigetragen werden.<lb/> Die
					Abschlusspublikation wird ergänzt um einen ausführlichen
					sprachwissenschaftlichen Kommentar (von Patrizia de Bernardo Stempel) in der
					Reihe ‚Corpus - F.E.R.C.AN. (Fontes epigraphici religionum Celticarum
					antiquarum)‘ erscheinen. </p>
			</projectDesc>
		</encodingDesc>
		<profileDesc>
			<langUsage>
				<language ident="la">Latein</language>
			</langUsage>
			<textClass>
				<keywords>
					<list>
						<item> <ref target="context:fercan.dedication." type="context">votum solvit libens merito</ref> </item>
						<item> <ref target="context:fercan.character." type="context"> </ref> </item>
						<item> <ref target="context:fercan.other." type="context"> </ref> </item>
						<item> <ref target="context:fercan.rel.other." type="context"> </ref> </item>
						<!-- Belegform gesamt  -->
						<item> <ref target="context:fercan.divinepart." type="context">Vosego Sil[vano]</ref> </item>
					</list>
				</keywords>
			</textClass>
		</profileDesc>
		<revisionDesc>
			<change when="2019" n="1" corresp="https://gams.uni-graz.at/o:fercan.1/TEI_SOURCE.2020-02-26">Initial
				Version</change>
			<change when="2020" n="2" corresp="https://gams.uni-graz.at/o:fercan.1/TEI_SOURCE.2022-03-07">Version
				2</change>
			<change when="2022" n="3">Version 3</change>
		</revisionDesc>
	</teiHeader>
	<facsimile>
		<graphic mimeType="image/jpeg" xml:id="IMAGE.1" url="1066_front.jpg">
			<desc>Front, EDCS-09200394, Rechte vorbehalten</desc>
		</graphic>
	</facsimile>
	<text>
		<body>
			<ab> <ref target="context:fercan" type="context">FERCAN</ref> </ab>
			<div subtype="editions" type="bibliography" org="uniform" sample="complete">
				<listBibl>
					<bibl xml:id="1">CIL XIII 6059</bibl>
				
            <bibl xml:id="2">Riese 1914, Nr.3565</bibl>
        
            <bibl xml:id="3">CAG 67,1, 297 Nr.160</bibl>
        
            <bibl xml:id="6">Scheungraber 2020, 608 Nr.3</bibl>
        
            <bibl xml:id="4">Hatt 1971, 226</bibl>
        
            <bibl xml:id="5">Hatt 1989, 222</bibl>
        </listBibl>
			</div>
			<div subtype="concordances" type="bibliography" org="uniform" sample="complete">
				<listBibl>
					<bibl type="EDCS"><idno>EDCS-11000051</idno><date>zuletzt abgerufen 2023-07-19</date></bibl>
					<bibl type="EDH"><idno>HD079133</idno><date>Version von  2021-02-18</date></bibl>
					<bibl type="trismegistos"><idno>https://www.trismegistos.org/text/425024</idno><date>zuletzt abgerufen 2023-07-19</date></bibl>
					<bibl type="lupa"><idno> </idno><date> </date></bibl>
					<bibl type="other"><idno> </idno><date> </date></bibl>
				</listBibl>
			</div>
			<div type="edition" subtype="diplomatic" xml:id="majuscule" xml:lang="la" xml:space="preserve" org="uniform" sample="complete">
				<ab><lb n="1"/>VOSEGO SIL<gap reason="lost" extent="unknown" unit="character"/>
<lb n="2"/>CAR<g type="interpunct">▴</g>VIN<gap reason="lost" extent="unknown" unit="character"/>
<lb n="3"/>V S <gap reason="lost" extent="unknown" unit="character"/><orig/></ab></div>
			<div type="edition" xml:lang="la" xml:id="minuscule" subtype="normalised" xml:space="preserve" org="uniform" sample="complete"><ab><lb n="1"/>Vosego Sil<supplied reason="lost">vano</supplied>
<lb n="2"/><expan><abbr>Car</abbr><ex cert="low"/></expan><abbr/> Vin<gap reason="lost" extent="unknown" unit="character"/>
<lb n="3"/><expan><abbr>v</abbr><ex>otum</ex></expan> <expan><abbr>s</abbr><ex>olvit</ex></expan><gap reason="lost" extent="unknown" unit="character"/></ab></div>
			<div type="translation" xml:lang="de" org="uniform" sample="complete">
				<p>                                                <p>Für <rs type="divine">Vosegus Silvanus</rs>!<br/>Car… Vin… hat ein Gelübde erfüllt ...</p></p>
			</div>
			<div type="translation" xml:lang="en" org="uniform" sample="complete">
				<p>                                                <p>To <rs type="divine">Vosegus Silvanus</rs>!</p>
                                                <p>Car… Vin… has fulfilled a vow ...</p></p>
			</div>
			<div type="apparatus" org="uniform" sample="complete">
				<app loc="1">
					<note anchored="true">sil[vestri] – CIL; Sil[vestri] – CAG, Hatt 1971, EDH; Scheungraber</note>
				</app>
			
            <app loc="2">
                <note anchored="true">Car(antus?) Vin[dilli f.?] – CIL; Car(antus?) Vin[dilli (filius) ?] – CAG; Car(antus?) Vin[dilli(?)] – Riese, Scheungraber; Car(antus) Vin(dilli) – Hatt (1971, 1989)</note>
            </app>
        
            <app loc="3">
                <note anchored="true">L M – Hatt  (1971, 1989); [l(ibens) l(aetus) m(erito)] – EDH; [l(ibens) m(erito)] – CIL, CAG, Scheungraber </note>
            </app>
        </div>
			<div type="commentary" subtype="general" org="uniform" sample="complete">
				<p> </p>
			</div>
			<div type="commentary" subtype="language" org="uniform" sample="complete">
				<p> </p>
			</div>
			<div type="commentary" subtype="deity" org="uniform" sample="complete">
				<p> </p>
			</div>
			<linkGrp type="alignment" domains="#majuscule #minuscule">
			</linkGrp>
		</body>
		<back>
			<note type="Objbeschr_note"><p>Études----à Leemans 1885, S. 239 : ringsherum defect und die Bruchlinie läuft nahe der Schrift mit Ausnahme vom Anfange der 2. und 3. Zeile, wo leerer Raum für ungefähr 2, resp. 4 Buchstaben erhalten ist.</p></note>
			<note type="ArchKlass_note">                                                    <p><br/></p></note>
			<note type="Material_note"><p>so in Études----à Leemans 1885, S. 239<br/></p></note>
			<note type="Inschrifttraeger_note"/>
			<note type="VerwahrortOrt_note"><p>so in Études----à Leemans 1885, S. 239</p><p>Mail an Kirchengemeinde am 5.7.23</p></note>
			<note type="InvNr_note"><p>da eingemauert in Kirche keine IVNr vorhanden<br/></p></note>
			<note type="Fundstelle_note"><p><b><span style="font-size: 12.0pt;font-family:LeedsUniExt">lt. EDH</span></b></p><p><span style="font-size: 12.0pt;font-family:LeedsUniExt">Mail an Kirchengemeinde am 5.7.23, neues Mail an Gemeinde am 7.8.23</span>

<p/></p></note>
			<note type="Fundumst_note"><b><span style="font-size: 12.0pt;font-family:LeedsUniExt">Mail an Kirchengemeinde am 5.7.23, neues Mail an Gemeinde am 7.8.23</span></b><p/></note>
			<note type="Fundjahr_note">                                                    <p>lt. EDH - 1880 nur ungefähr!<br/></p>
                                                    <p>Mail an Kirchengemeinde am 5.7.23; neues Mail an Gemeinde am 7.8.23</p>
                                                    <p/></note>
			<note type="FOantik_note">                                                    <p>EDH: Ellelum / Helvetum</p></note>
			<note type="FOmodern_note"><p>EDH: Benfeld<br/></p></note>
			<note type="civitas_note"/>
			<note type="Autopsie_note"/>
			<note type="Appcrit_note"/>
			<note type="Abb_note"/>
			<note type="englUEbers_note"><p>Car… Vin… has fulfilled a vow willingly and deservedly. votum solvit  [libens merito]</p></note>
			<note type="dtUEbers_note"><p>Car… Vin… hat ein Gelübde gerne und verdientermaßen erfüllt votum slovit [libens merito]<br/></p></note>
			<note type="Editionen_note"><p>Photos von online nicht verfügbaren Inschriftentexten s. Ordner: ISntexte Slg</p>CAG = Flotté/Fuchs (Provost Hrsg.) 2000<p/></note>
			<note type="ErhzustObj_note"><p>Kann ich anhand des Fotos nicht beurteilen.<br/></p></note>
			<note type="Masse_note">                                                    <p>So <span>CAG</span></p></note>
			<note type="Ikonogr_note"/>
			<note type="Inschrtext_note"/>
			<note type="ErhzustInschr_note"/>
			<note type="Schrifttechnik_note"/>
			<note type="Buchsthoehe_note"><p><!--[if gte mso 9]><xml>
 <o:OfficeDocumentSettings>
  <o:AllowPNG/>
 </o:OfficeDocumentSettings>
</xml><![endif]--><!--[if gte mso 9]><xml>
 <w:WordDocument>
  <w:View>Normal</w:View>
  <w:Zoom>0</w:Zoom>
  <w:TrackMoves/>
  <w:TrackFormatting/>
  <w:HyphenationZone>21</w:HyphenationZone>
  <w:PunctuationKerning/>
  <w:ValidateAgainstSchemas/>
  <w:SaveIfXMLInvalid>false</w:SaveIfXMLInvalid>
  <w:IgnoreMixedContent>false</w:IgnoreMixedContent>
  <w:AlwaysShowPlaceholderText>false</w:AlwaysShowPlaceholderText>
  <w:DoNotPromoteQF/>
  <w:LidThemeOther>DE-AT</w:LidThemeOther>
  <w:LidThemeAsian>X-NONE</w:LidThemeAsian>
  <w:LidThemeComplexScript>X-NONE</w:LidThemeComplexScript>
  <w:Compatibility>
   <w:BreakWrappedTables/>
   <w:SnapToGridInCell/>
   <w:WrapTextWithPunct/>
   <w:UseAsianBreakRules/>
   <w:DontGrowAutofit/>
   <w:SplitPgBreakAndParaMark/>
   <w:EnableOpenTypeKerning/>
   <w:DontFlipMirrorIndents/>
   <w:OverrideTableStyleHps/>
  </w:Compatibility>
  <m:mathPr>
   <m:mathFont m:val="Cambria Math"/>
   <m:brkBin m:val="before"/>
   <m:brkBinSub m:val="&#45;-"/>
   <m:smallFrac m:val="off"/>
   <m:dispDef/>
   <m:lMargin m:val="0"/>
   <m:rMargin m:val="0"/>
   <m:defJc m:val="centerGroup"/>
   <m:wrapIndent m:val="1440"/>
   <m:intLim m:val="subSup"/>
   <m:naryLim m:val="undOvr"/>
  </m:mathPr></w:WordDocument>
</xml><![endif]--><!--[if gte mso 9]><xml>
 <w:LatentStyles DefLockedState="false" DefUnhideWhenUsed="false"
  DefSemiHidden="false" DefQFormat="false" DefPriority="99"
  LatentStyleCount="376">
  <w:LsdException Locked="false" Priority="0" QFormat="true" Name="Normal"/>
  <w:LsdException Locked="false" Priority="9" QFormat="true" Name="heading 1"/>
  <w:LsdException Locked="false" Priority="9" SemiHidden="true"
   UnhideWhenUsed="true" QFormat="true" Name="heading 2"/>
  <w:LsdException Locked="false" Priority="9" SemiHidden="true"
   UnhideWhenUsed="true" QFormat="true" Name="heading 3"/>
  <w:LsdException Locked="false" Priority="9" SemiHidden="true"
   UnhideWhenUsed="true" QFormat="true" Name="heading 4"/>
  <w:LsdException Locked="false" Priority="9" SemiHidden="true"
   UnhideWhenUsed="true" QFormat="true" Name="heading 5"/>
  <w:LsdException Locked="false" Priority="9" SemiHidden="true"
   UnhideWhenUsed="true" QFormat="true" Name="heading 6"/>
  <w:LsdException Locked="false" Priority="9" SemiHidden="true"
   UnhideWhenUsed="true" QFormat="true" Name="heading 7"/>
  <w:LsdException Locked="false" Priority="9" SemiHidden="true"
   UnhideWhenUsed="true" QFormat="true" Name="heading 8"/>
  <w:LsdException Locked="false" Priority="9" SemiHidden="true"
   UnhideWhenUsed="true" QFormat="true" Name="heading 9"/>
  <w:LsdException Locked="false" SemiHidden="true" UnhideWhenUsed="true"
   Name="index 1"/>
  <w:LsdException Locked="false" SemiHidden="true" UnhideWhenUsed="true"
   Name="index 2"/>
  <w:LsdException Locked="false" SemiHidden="true" UnhideWhenUsed="true"
   Name="index 3"/>
  <w:LsdException Locked="false" SemiHidden="true" UnhideWhenUsed="true"
   Name="index 4"/>
  <w:LsdException Locked="false" SemiHidden="true" UnhideWhenUsed="true"
   Name="index 5"/>
  <w:LsdException Locked="false" SemiHidden="true" UnhideWhenUsed="true"
   Name="index 6"/>
  <w:LsdException Locked="false" SemiHidden="true" UnhideWhenUsed="true"
   Name="index 7"/>
  <w:LsdException Locked="false" SemiHidden="true" UnhideWhenUsed="true"
   Name="index 8"/>
  <w:LsdException Locked="false" SemiHidden="true" UnhideWhenUsed="true"
   Name="index 9"/>
  <w:LsdException Locked="false" Priority="39" SemiHidden="true"
   UnhideWhenUsed="true" Name="toc 1"/>
  <w:LsdException Locked="false" Priority="39" SemiHidden="true"
   UnhideWhenUsed="true" Name="toc 2"/>
  <w:LsdException Locked="false" Priority="39" SemiHidden="true"
   UnhideWhenUsed="true" Name="toc 3"/>
  <w:LsdException Locked="false" Priority="39" SemiHidden="true"
   UnhideWhenUsed="true" Name="toc 4"/>
  <w:LsdException Locked="false" Priority="39" SemiHidden="true"
   UnhideWhenUsed="true" Name="toc 5"/>
  <w:LsdException Locked="false" Priority="39" SemiHidden="true"
   UnhideWhenUsed="true" Name="toc 6"/>
  <w:LsdException Locked="false" Priority="39" SemiHidden="true"
   UnhideWhenUsed="true" Name="toc 7"/>
  <w:LsdException Locked="false" Priority="39" SemiHidden="true"
   UnhideWhenUsed="true" Name="toc 8"/>
  <w:LsdException Locked="false" Priority="39" SemiHidden="true"
   UnhideWhenUsed="true" Name="toc 9"/>
  <w:LsdException Locked="false" SemiHidden="true" UnhideWhenUsed="true"
   Name="Normal Indent"/>
  <w:LsdException Locked="false" SemiHidden="true" UnhideWhenUsed="true"
   Name="footnote text"/>
  <w:LsdException Locked="false" SemiHidden="true" UnhideWhenUsed="true"
   Name="annotation text"/>
  <w:LsdException Locked="false" SemiHidden="true" UnhideWhenUsed="true"
   Name="header"/>
  <w:LsdException Locked="false" SemiHidden="true" UnhideWhenUsed="true"
   Name="footer"/>
  <w:LsdException Locked="false" SemiHidden="true" UnhideWhenUsed="true"
   Name="index heading"/>
  <w:LsdException Locked="false" Priority="35" SemiHidden="true"
   UnhideWhenUsed="true" QFormat="true" Name="caption"/>
  <w:LsdException Locked="false" SemiHidden="true" UnhideWhenUsed="true"
   Name="table of figures"/>
  <w:LsdException Locked="false" SemiHidden="true" UnhideWhenUsed="true"
   Name="envelope address"/>
  <w:LsdException Locked="false" SemiHidden="true" UnhideWhenUsed="true"
   Name="envelope return"/>
  <w:LsdException Locked="false" SemiHidden="true" UnhideWhenUsed="true"
   Name="footnote reference"/>
  <w:LsdException Locked="false" SemiHidden="true" UnhideWhenUsed="true"
   Name="annotation reference"/>
  <w:LsdException Locked="false" SemiHidden="true" UnhideWhenUsed="true"
   Name="line number"/>
  <w:LsdException Locked="false" SemiHidden="true" UnhideWhenUsed="true"
   Name="page number"/>
  <w:LsdException Locked="false" SemiHidden="true" UnhideWhenUsed="true"
   Name="endnote reference"/>
  <w:LsdException Locked="false" SemiHidden="true" UnhideWhenUsed="true"
   Name="endnote text"/>
  <w:LsdException Locked="false" SemiHidden="true" UnhideWhenUsed="true"
   Name="table of authorities"/>
  <w:LsdException Locked="false" SemiHidden="true" UnhideWhenUsed="true"
   Name="macro"/>
  <w:LsdException Locked="false" SemiHidden="true" UnhideWhenUsed="true"
   Name="toa heading"/>
  <w:LsdException Locked="false" SemiHidden="true" UnhideWhenUsed="true"
   Name="List"/>
  <w:LsdException Locked="false" SemiHidden="true" UnhideWhenUsed="true"
   Name="List Bullet"/>
  <w:LsdException Locked="false" SemiHidden="true" UnhideWhenUsed="true"
   Name="List Number"/>
  <w:LsdException Locked="false" SemiHidden="true" UnhideWhenUsed="true"
   Name="List 2"/>
  <w:LsdException Locked="false" SemiHidden="true" UnhideWhenUsed="true"
   Name="List 3"/>
  <w:LsdException Locked="false" SemiHidden="true" UnhideWhenUsed="true"
   Name="List 4"/>
  <w:LsdException Locked="false" SemiHidden="true" UnhideWhenUsed="true"
   Name="List 5"/>
  <w:LsdException Locked="false" SemiHidden="true" UnhideWhenUsed="true"
   Name="List Bullet 2"/>
  <w:LsdException Locked="false" SemiHidden="true" UnhideWhenUsed="true"
   Name="List Bullet 3"/>
  <w:LsdException Locked="false" SemiHidden="true" UnhideWhenUsed="true"
   Name="List Bullet 4"/>
  <w:LsdException Locked="false" SemiHidden="true" UnhideWhenUsed="true"
   Name="List Bullet 5"/>
  <w:LsdException Locked="false" SemiHidden="true" UnhideWhenUsed="true"
   Name="List Number 2"/>
  <w:LsdException Locked="false" SemiHidden="true" UnhideWhenUsed="true"
   Name="List Number 3"/>
  <w:LsdException Locked="false" SemiHidden="true" UnhideWhenUsed="true"
   Name="List Number 4"/>
  <w:LsdException Locked="false" SemiHidden="true" UnhideWhenUsed="true"
   Name="List Number 5"/>
  <w:LsdException Locked="false" Priority="10" QFormat="true" Name="Title"/>
  <w:LsdException Locked="false" SemiHidden="true" UnhideWhenUsed="true"
   Name="Closing"/>
  <w:LsdException Locked="false" SemiHidden="true" UnhideWhenUsed="true"
   Name="Signature"/>
  <w:LsdException Locked="false" Priority="1" SemiHidden="true"
   UnhideWhenUsed="true" Name="Default Paragraph Font"/>
  <w:LsdException Locked="false" SemiHidden="true" UnhideWhenUsed="true"
   Name="Body Text"/>
  <w:LsdException Locked="false" SemiHidden="true" UnhideWhenUsed="true"
   Name="Body Text Indent"/>
  <w:LsdException Locked="false" SemiHidden="true" UnhideWhenUsed="true"
   Name="List Continue"/>
  <w:LsdException Locked="false" SemiHidden="true" UnhideWhenUsed="true"
   Name="List Continue 2"/>
  <w:LsdException Locked="false" SemiHidden="true" UnhideWhenUsed="true"
   Name="List Continue 3"/>
  <w:LsdException Locked="false" SemiHidden="true" UnhideWhenUsed="true"
   Name="List Continue 4"/>
  <w:LsdException Locked="false" SemiHidden="true" UnhideWhenUsed="true"
   Name="List Continue 5"/>
  <w:LsdException Locked="false" SemiHidden="true" UnhideWhenUsed="true"
   Name="Message Header"/>
  <w:LsdException Locked="false" Priority="11" QFormat="true" Name="Subtitle"/>
  <w:LsdException Locked="false" SemiHidden="true" UnhideWhenUsed="true"
   Name="Salutation"/>
  <w:LsdException Locked="false" SemiHidden="true" UnhideWhenUsed="true"
   Name="Date"/>
  <w:LsdException Locked="false" SemiHidden="true" UnhideWhenUsed="true"
   Name="Body Text First Indent"/>
  <w:LsdException Locked="false" SemiHidden="true" UnhideWhenUsed="true"
   Name="Body Text First Indent 2"/>
  <w:LsdException Locked="false" SemiHidden="true" UnhideWhenUsed="true"
   Name="Note Heading"/>
  <w:LsdException Locked="false" SemiHidden="true" UnhideWhenUsed="true"
   Name="Body Text 2"/>
  <w:LsdException Locked="false" SemiHidden="true" UnhideWhenUsed="true"
   Name="Body Text 3"/>
  <w:LsdException Locked="false" SemiHidden="true" UnhideWhenUsed="true"
   Name="Body Text Indent 2"/>
  <w:LsdException Locked="false" SemiHidden="true" UnhideWhenUsed="true"
   Name="Body Text Indent 3"/>
  <w:LsdException Locked="false" SemiHidden="true" UnhideWhenUsed="true"
   Name="Block Text"/>
  <w:LsdException Locked="false" SemiHidden="true" UnhideWhenUsed="true"
   Name="Hyperlink"/>
  <w:LsdException Locked="false" SemiHidden="true" UnhideWhenUsed="true"
   Name="FollowedHyperlink"/>
  <w:LsdException Locked="false" Priority="22" QFormat="true" Name="Strong"/>
  <w:LsdException Locked="false" Priority="20" QFormat="true" Name="Emphasis"/>
  <w:LsdException Locked="false" SemiHidden="true" UnhideWhenUsed="true"
   Name="Document Map"/>
  <w:LsdException Locked="false" SemiHidden="true" UnhideWhenUsed="true"
   Name="Plain Text"/>
  <w:LsdException Locked="false" SemiHidden="true" UnhideWhenUsed="true"
   Name="E-mail Signature"/>
  <w:LsdException Locked="false" SemiHidden="true" UnhideWhenUsed="true"
   Name="HTML Top of Form"/>
  <w:LsdException Locked="false" SemiHidden="true" UnhideWhenUsed="true"
   Name="HTML Bottom of Form"/>
  <w:LsdException Locked="false" SemiHidden="true" UnhideWhenUsed="true"
   Name="Normal (Web)"/>
  <w:LsdException Locked="false" SemiHidden="true" UnhideWhenUsed="true"
   Name="HTML Acronym"/>
  <w:LsdException Locked="false" SemiHidden="true" UnhideWhenUsed="true"
   Name="HTML Address"/>
  <w:LsdException Locked="false" SemiHidden="true" UnhideWhenUsed="true"
   Name="HTML Cite"/>
  <w:LsdException Locked="false" SemiHidden="true" UnhideWhenUsed="true"
   Name="HTML Code"/>
  <w:LsdException Locked="false" SemiHidden="true" UnhideWhenUsed="true"
   Name="HTML Definition"/>
  <w:LsdException Locked="false" SemiHidden="true" UnhideWhenUsed="true"
   Name="HTML Keyboard"/>
  <w:LsdException Locked="false" SemiHidden="true" UnhideWhenUsed="true"
   Name="HTML Preformatted"/>
  <w:LsdException Locked="false" SemiHidden="true" UnhideWhenUsed="true"
   Name="HTML Sample"/>
  <w:LsdException Locked="false" SemiHidden="true" UnhideWhenUsed="true"
   Name="HTML Typewriter"/>
  <w:LsdException Locked="false" SemiHidden="true" UnhideWhenUsed="true"
   Name="HTML Variable"/>
  <w:LsdException Locked="false" SemiHidden="true" UnhideWhenUsed="true"
   Name="Normal Table"/>
  <w:LsdException Locked="false" SemiHidden="true" UnhideWhenUsed="true"
   Name="annotation subject"/>
  <w:LsdException Locked="false" SemiHidden="true" UnhideWhenUsed="true"
   Name="No List"/>
  <w:LsdException Locked="false" SemiHidden="true" UnhideWhenUsed="true"
   Name="Outline List 1"/>
  <w:LsdException Locked="false" SemiHidden="true" UnhideWhenUsed="true"
   Name="Outline List 2"/>
  <w:LsdException Locked="false" SemiHidden="true" UnhideWhenUsed="true"
   Name="Outline List 3"/>
  <w:LsdException Locked="false" SemiHidden="true" UnhideWhenUsed="true"
   Name="Table Simple 1"/>
  <w:LsdException Locked="false" SemiHidden="true" UnhideWhenUsed="true"
   Name="Table Simple 2"/>
  <w:LsdException Locked="false" SemiHidden="true" UnhideWhenUsed="true"
   Name="Table Simple 3"/>
  <w:LsdException Locked="false" SemiHidden="true" UnhideWhenUsed="true"
   Name="Table Classic 1"/>
  <w:LsdException Locked="false" SemiHidden="true" UnhideWhenUsed="true"
   Name="Table Classic 2"/>
  <w:LsdException Locked="false" SemiHidden="true" UnhideWhenUsed="true"
   Name="Table Classic 3"/>
  <w:LsdException Locked="false" SemiHidden="true" UnhideWhenUsed="true"
   Name="Table Classic 4"/>
  <w:LsdException Locked="false" SemiHidden="true" UnhideWhenUsed="true"
   Name="Table Colorful 1"/>
  <w:LsdException Locked="false" SemiHidden="true" UnhideWhenUsed="true"
   Name="Table Colorful 2"/>
  <w:LsdException Locked="false" SemiHidden="true" UnhideWhenUsed="true"
   Name="Table Colorful 3"/>
  <w:LsdException Locked="false" SemiHidden="true" UnhideWhenUsed="true"
   Name="Table Columns 1"/>
  <w:LsdException Locked="false" SemiHidden="true" UnhideWhenUsed="true"
   Name="Table Columns 2"/>
  <w:LsdException Locked="false" SemiHidden="true" UnhideWhenUsed="true"
   Name="Table Columns 3"/>
  <w:LsdException Locked="false" SemiHidden="true" UnhideWhenUsed="true"
   Name="Table Columns 4"/>
  <w:LsdException Locked="false" SemiHidden="true" UnhideWhenUsed="true"
   Name="Table Columns 5"/>
  <w:LsdException Locked="false" SemiHidden="true" UnhideWhenUsed="true"
   Name="Table Grid 1"/>
  <w:LsdException Locked="false" SemiHidden="true" UnhideWhenUsed="true"
   Name="Table Grid 2"/>
  <w:LsdException Locked="false" SemiHidden="true" UnhideWhenUsed="true"
   Name="Table Grid 3"/>
  <w:LsdException Locked="false" SemiHidden="true" UnhideWhenUsed="true"
   Name="Table Grid 4"/>
  <w:LsdException Locked="false" SemiHidden="true" UnhideWhenUsed="true"
   Name="Table Grid 5"/>
  <w:LsdException Locked="false" SemiHidden="true" UnhideWhenUsed="true"
   Name="Table Grid 6"/>
  <w:LsdException Locked="false" SemiHidden="true" UnhideWhenUsed="true"
   Name="Table Grid 7"/>
  <w:LsdException Locked="false" SemiHidden="true" UnhideWhenUsed="true"
   Name="Table Grid 8"/>
  <w:LsdException Locked="false" SemiHidden="true" UnhideWhenUsed="true"
   Name="Table List 1"/>
  <w:LsdException Locked="false" SemiHidden="true" UnhideWhenUsed="true"
   Name="Table List 2"/>
  <w:LsdException Locked="false" SemiHidden="true" UnhideWhenUsed="true"
   Name="Table List 3"/>
  <w:LsdException Locked="false" SemiHidden="true" UnhideWhenUsed="true"
   Name="Table List 4"/>
  <w:LsdException Locked="false" SemiHidden="true" UnhideWhenUsed="true"
   Name="Table List 5"/>
  <w:LsdException Locked="false" SemiHidden="true" UnhideWhenUsed="true"
   Name="Table List 6"/>
  <w:LsdException Locked="false" SemiHidden="true" UnhideWhenUsed="true"
   Name="Table List 7"/>
  <w:LsdException Locked="false" SemiHidden="true" UnhideWhenUsed="true"
   Name="Table List 8"/>
  <w:LsdException Locked="false" SemiHidden="true" UnhideWhenUsed="true"
   Name="Table 3D effects 1"/>
  <w:LsdException Locked="false" SemiHidden="true" UnhideWhenUsed="true"
   Name="Table 3D effects 2"/>
  <w:LsdException Locked="false" SemiHidden="true" UnhideWhenUsed="true"
   Name="Table 3D effects 3"/>
  <w:LsdException Locked="false" SemiHidden="true" UnhideWhenUsed="true"
   Name="Table Contemporary"/>
  <w:LsdException Locked="false" SemiHidden="true" UnhideWhenUsed="true"
   Name="Table Elegant"/>
  <w:LsdException Locked="false" SemiHidden="true" UnhideWhenUsed="true"
   Name="Table Professional"/>
  <w:LsdException Locked="false" SemiHidden="true" UnhideWhenUsed="true"
   Name="Table Subtle 1"/>
  <w:LsdException Locked="false" SemiHidden="true" UnhideWhenUsed="true"
   Name="Table Subtle 2"/>
  <w:LsdException Locked="false" SemiHidden="true" UnhideWhenUsed="true"
   Name="Table Web 1"/>
  <w:LsdException Locked="false" SemiHidden="true" UnhideWhenUsed="true"
   Name="Table Web 2"/>
  <w:LsdException Locked="false" SemiHidden="true" UnhideWhenUsed="true"
   Name="Table Web 3"/>
  <w:LsdException Locked="false" SemiHidden="true" UnhideWhenUsed="true"
   Name="Balloon Text"/>
  <w:LsdException Locked="false" Priority="39" Name="Table Grid"/>
  <w:LsdException Locked="false" SemiHidden="true" UnhideWhenUsed="true"
   Name="Table Theme"/>
  <w:LsdException Locked="false" SemiHidden="true" Name="Placeholder Text"/>
  <w:LsdException Locked="false" Priority="1" QFormat="true" Name="No Spacing"/>
  <w:LsdException Locked="false" Priority="60" Name="Light Shading"/>
  <w:LsdException Locked="false" Priority="61" Name="Light List"/>
  <w:LsdException Locked="false" Priority="62" Name="Light Grid"/>
  <w:LsdException Locked="false" Priority="63" Name="Medium Shading 1"/>
  <w:LsdException Locked="false" Priority="64" Name="Medium Shading 2"/>
  <w:LsdException Locked="false" Priority="65" Name="Medium List 1"/>
  <w:LsdException Locked="false" Priority="66" Name="Medium List 2"/>
  <w:LsdException Locked="false" Priority="67" Name="Medium Grid 1"/>
  <w:LsdException Locked="false" Priority="68" Name="Medium Grid 2"/>
  <w:LsdException Locked="false" Priority="69" Name="Medium Grid 3"/>
  <w:LsdException Locked="false" Priority="70" Name="Dark List"/>
  <w:LsdException Locked="false" Priority="71" Name="Colorful Shading"/>
  <w:LsdException Locked="false" Priority="72" Name="Colorful List"/>
  <w:LsdException Locked="false" Priority="73" Name="Colorful Grid"/>
  <w:LsdException Locked="false" Priority="60" Name="Light Shading Accent 1"/>
  <w:LsdException Locked="false" Priority="61" Name="Light List Accent 1"/>
  <w:LsdException Locked="false" Priority="62" Name="Light Grid Accent 1"/>
  <w:LsdException Locked="false" Priority="63" Name="Medium Shading 1 Accent 1"/>
  <w:LsdException Locked="false" Priority="64" Name="Medium Shading 2 Accent 1"/>
  <w:LsdException Locked="false" Priority="65" Name="Medium List 1 Accent 1"/>
  <w:LsdException Locked="false" SemiHidden="true" Name="Revision"/>
  <w:LsdException Locked="false" Priority="34" QFormat="true"
   Name="List Paragraph"/>
  <w:LsdException Locked="false" Priority="29" QFormat="true" Name="Quote"/>
  <w:LsdException Locked="false" Priority="30" QFormat="true"
   Name="Intense Quote"/>
  <w:LsdException Locked="false" Priority="66" Name="Medium List 2 Accent 1"/>
  <w:LsdException Locked="false" Priority="67" Name="Medium Grid 1 Accent 1"/>
  <w:LsdException Locked="false" Priority="68" Name="Medium Grid 2 Accent 1"/>
  <w:LsdException Locked="false" Priority="69" Name="Medium Grid 3 Accent 1"/>
  <w:LsdException Locked="false" Priority="70" Name="Dark List Accent 1"/>
  <w:LsdException Locked="false" Priority="71" Name="Colorful Shading Accent 1"/>
  <w:LsdException Locked="false" Priority="72" Name="Colorful List Accent 1"/>
  <w:LsdException Locked="false" Priority="73" Name="Colorful Grid Accent 1"/>
  <w:LsdException Locked="false" Priority="60" Name="Light Shading Accent 2"/>
  <w:LsdException Locked="false" Priority="61" Name="Light List Accent 2"/>
  <w:LsdException Locked="false" Priority="62" Name="Light Grid Accent 2"/>
  <w:LsdException Locked="false" Priority="63" Name="Medium Shading 1 Accent 2"/>
  <w:LsdException Locked="false" Priority="64" Name="Medium Shading 2 Accent 2"/>
  <w:LsdException Locked="false" Priority="65" Name="Medium List 1 Accent 2"/>
  <w:LsdException Locked="false" Priority="66" Name="Medium List 2 Accent 2"/>
  <w:LsdException Locked="false" Priority="67" Name="Medium Grid 1 Accent 2"/>
  <w:LsdException Locked="false" Priority="68" Name="Medium Grid 2 Accent 2"/>
  <w:LsdException Locked="false" Priority="69" Name="Medium Grid 3 Accent 2"/>
  <w:LsdException Locked="false" Priority="70" Name="Dark List Accent 2"/>
  <w:LsdException Locked="false" Priority="71" Name="Colorful Shading Accent 2"/>
  <w:LsdException Locked="false" Priority="72" Name="Colorful List Accent 2"/>
  <w:LsdException Locked="false" Priority="73" Name="Colorful Grid Accent 2"/>
  <w:LsdException Locked="false" Priority="60" Name="Light Shading Accent 3"/>
  <w:LsdException Locked="false" Priority="61" Name="Light List Accent 3"/>
  <w:LsdException Locked="false" Priority="62" Name="Light Grid Accent 3"/>
  <w:LsdException Locked="false" Priority="63" Name="Medium Shading 1 Accent 3"/>
  <w:LsdException Locked="false" Priority="64" Name="Medium Shading 2 Accent 3"/>
  <w:LsdException Locked="false" Priority="65" Name="Medium List 1 Accent 3"/>
  <w:LsdException Locked="false" Priority="66" Name="Medium List 2 Accent 3"/>
  <w:LsdException Locked="false" Priority="67" Name="Medium Grid 1 Accent 3"/>
  <w:LsdException Locked="false" Priority="68" Name="Medium Grid 2 Accent 3"/>
  <w:LsdException Locked="false" Priority="69" Name="Medium Grid 3 Accent 3"/>
  <w:LsdException Locked="false" Priority="70" Name="Dark List Accent 3"/>
  <w:LsdException Locked="false" Priority="71" Name="Colorful Shading Accent 3"/>
  <w:LsdException Locked="false" Priority="72" Name="Colorful List Accent 3"/>
  <w:LsdException Locked="false" Priority="73" Name="Colorful Grid Accent 3"/>
  <w:LsdException Locked="false" Priority="60" Name="Light Shading Accent 4"/>
  <w:LsdException Locked="false" Priority="61" Name="Light List Accent 4"/>
  <w:LsdException Locked="false" Priority="62" Name="Light Grid Accent 4"/>
  <w:LsdException Locked="false" Priority="63" Name="Medium Shading 1 Accent 4"/>
  <w:LsdException Locked="false" Priority="64" Name="Medium Shading 2 Accent 4"/>
  <w:LsdException Locked="false" Priority="65" Name="Medium List 1 Accent 4"/>
  <w:LsdException Locked="false" Priority="66" Name="Medium List 2 Accent 4"/>
  <w:LsdException Locked="false" Priority="67" Name="Medium Grid 1 Accent 4"/>
  <w:LsdException Locked="false" Priority="68" Name="Medium Grid 2 Accent 4"/>
  <w:LsdException Locked="false" Priority="69" Name="Medium Grid 3 Accent 4"/>
  <w:LsdException Locked="false" Priority="70" Name="Dark List Accent 4"/>
  <w:LsdException Locked="false" Priority="71" Name="Colorful Shading Accent 4"/>
  <w:LsdException Locked="false" Priority="72" Name="Colorful List Accent 4"/>
  <w:LsdException Locked="false" Priority="73" Name="Colorful Grid Accent 4"/>
  <w:LsdException Locked="false" Priority="60" Name="Light Shading Accent 5"/>
  <w:LsdException Locked="false" Priority="61" Name="Light List Accent 5"/>
  <w:LsdException Locked="false" Priority="62" Name="Light Grid Accent 5"/>
  <w:LsdException Locked="false" Priority="63" Name="Medium Shading 1 Accent 5"/>
  <w:LsdException Locked="false" Priority="64" Name="Medium Shading 2 Accent 5"/>
  <w:LsdException Locked="false" Priority="65" Name="Medium List 1 Accent 5"/>
  <w:LsdException Locked="false" Priority="66" Name="Medium List 2 Accent 5"/>
  <w:LsdException Locked="false" Priority="67" Name="Medium Grid 1 Accent 5"/>
  <w:LsdException Locked="false" Priority="68" Name="Medium Grid 2 Accent 5"/>
  <w:LsdException Locked="false" Priority="69" Name="Medium Grid 3 Accent 5"/>
  <w:LsdException Locked="false" Priority="70" Name="Dark List Accent 5"/>
  <w:LsdException Locked="false" Priority="71" Name="Colorful Shading Accent 5"/>
  <w:LsdException Locked="false" Priority="72" Name="Colorful List Accent 5"/>
  <w:LsdException Locked="false" Priority="73" Name="Colorful Grid Accent 5"/>
  <w:LsdException Locked="false" Priority="60" Name="Light Shading Accent 6"/>
  <w:LsdException Locked="false" Priority="61" Name="Light List Accent 6"/>
  <w:LsdException Locked="false" Priority="62" Name="Light Grid Accent 6"/>
  <w:LsdException Locked="false" Priority="63" Name="Medium Shading 1 Accent 6"/>
  <w:LsdException Locked="false" Priority="64" Name="Medium Shading 2 Accent 6"/>
  <w:LsdException Locked="false" Priority="65" Name="Medium List 1 Accent 6"/>
  <w:LsdException Locked="false" Priority="66" Name="Medium List 2 Accent 6"/>
  <w:LsdException Locked="false" Priority="67" Name="Medium Grid 1 Accent 6"/>
  <w:LsdException Locked="false" Priority="68" Name="Medium Grid 2 Accent 6"/>
  <w:LsdException Locked="false" Priority="69" Name="Medium Grid 3 Accent 6"/>
  <w:LsdException Locked="false" Priority="70" Name="Dark List Accent 6"/>
  <w:LsdException Locked="false" Priority="71" Name="Colorful Shading Accent 6"/>
  <w:LsdException Locked="false" Priority="72" Name="Colorful List Accent 6"/>
  <w:LsdException Locked="false" Priority="73" Name="Colorful Grid Accent 6"/>
  <w:LsdException Locked="false" Priority="19" QFormat="true"
   Name="Subtle Emphasis"/>
  <w:LsdException Locked="false" Priority="21" QFormat="true"
   Name="Intense Emphasis"/>
  <w:LsdException Locked="false" Priority="31" QFormat="true"
   Name="Subtle Reference"/>
  <w:LsdException Locked="false" Priority="32" QFormat="true"
   Name="Intense Reference"/>
  <w:LsdException Locked="false" Priority="33" QFormat="true" Name="Book Title"/>
  <w:LsdException Locked="false" Priority="37" SemiHidden="true"
   UnhideWhenUsed="true" Name="Bibliography"/>
  <w:LsdException Locked="false" Priority="39" SemiHidden="true"
   UnhideWhenUsed="true" QFormat="true" Name="TOC Heading"/>
  <w:LsdException Locked="false" Priority="41" Name="Plain Table 1"/>
  <w:LsdException Locked="false" Priority="42" Name="Plain Table 2"/>
  <w:LsdException Locked="false" Priority="43" Name="Plain Table 3"/>
  <w:LsdException Locked="false" Priority="44" Name="Plain Table 4"/>
  <w:LsdException Locked="false" Priority="45" Name="Plain Table 5"/>
  <w:LsdException Locked="false" Priority="40" Name="Grid Table Light"/>
  <w:LsdException Locked="false" Priority="46" Name="Grid Table 1 Light"/>
  <w:LsdException Locked="false" Priority="47" Name="Grid Table 2"/>
  <w:LsdException Locked="false" Priority="48" Name="Grid Table 3"/>
  <w:LsdException Locked="false" Priority="49" Name="Grid Table 4"/>
  <w:LsdException Locked="false" Priority="50" Name="Grid Table 5 Dark"/>
  <w:LsdException Locked="false" Priority="51" Name="Grid Table 6 Colorful"/>
  <w:LsdException Locked="false" Priority="52" Name="Grid Table 7 Colorful"/>
  <w:LsdException Locked="false" Priority="46"
   Name="Grid Table 1 Light Accent 1"/>
  <w:LsdException Locked="false" Priority="47" Name="Grid Table 2 Accent 1"/>
  <w:LsdException Locked="false" Priority="48" Name="Grid Table 3 Accent 1"/>
  <w:LsdException Locked="false" Priority="49" Name="Grid Table 4 Accent 1"/>
  <w:LsdException Locked="false" Priority="50" Name="Grid Table 5 Dark Accent 1"/>
  <w:LsdException Locked="false" Priority="51"
   Name="Grid Table 6 Colorful Accent 1"/>
  <w:LsdException Locked="false" Priority="52"
   Name="Grid Table 7 Colorful Accent 1"/>
  <w:LsdException Locked="false" Priority="46"
   Name="Grid Table 1 Light Accent 2"/>
  <w:LsdException Locked="false" Priority="47" Name="Grid Table 2 Accent 2"/>
  <w:LsdException Locked="false" Priority="48" Name="Grid Table 3 Accent 2"/>
  <w:LsdException Locked="false" Priority="49" Name="Grid Table 4 Accent 2"/>
  <w:LsdException Locked="false" Priority="50" Name="Grid Table 5 Dark Accent 2"/>
  <w:LsdException Locked="false" Priority="51"
   Name="Grid Table 6 Colorful Accent 2"/>
  <w:LsdException Locked="false" Priority="52"
   Name="Grid Table 7 Colorful Accent 2"/>
  <w:LsdException Locked="false" Priority="46"
   Name="Grid Table 1 Light Accent 3"/>
  <w:LsdException Locked="false" Priority="47" Name="Grid Table 2 Accent 3"/>
  <w:LsdException Locked="false" Priority="48" Name="Grid Table 3 Accent 3"/>
  <w:LsdException Locked="false" Priority="49" Name="Grid Table 4 Accent 3"/>
  <w:LsdException Locked="false" Priority="50" Name="Grid Table 5 Dark Accent 3"/>
  <w:LsdException Locked="false" Priority="51"
   Name="Grid Table 6 Colorful Accent 3"/>
  <w:LsdException Locked="false" Priority="52"
   Name="Grid Table 7 Colorful Accent 3"/>
  <w:LsdException Locked="false" Priority="46"
   Name="Grid Table 1 Light Accent 4"/>
  <w:LsdException Locked="false" Priority="47" Name="Grid Table 2 Accent 4"/>
  <w:LsdException Locked="false" Priority="48" Name="Grid Table 3 Accent 4"/>
  <w:LsdException Locked="false" Priority="49" Name="Grid Table 4 Accent 4"/>
  <w:LsdException Locked="false" Priority="50" Name="Grid Table 5 Dark Accent 4"/>
  <w:LsdException Locked="false" Priority="51"
   Name="Grid Table 6 Colorful Accent 4"/>
  <w:LsdException Locked="false" Priority="52"
   Name="Grid Table 7 Colorful Accent 4"/>
  <w:LsdException Locked="false" Priority="46"
   Name="Grid Table 1 Light Accent 5"/>
  <w:LsdException Locked="false" Priority="47" Name="Grid Table 2 Accent 5"/>
  <w:LsdException Locked="false" Priority="48" Name="Grid Table 3 Accent 5"/>
  <w:LsdException Locked="false" Priority="49" Name="Grid Table 4 Accent 5"/>
  <w:LsdException Locked="false" Priority="50" Name="Grid Table 5 Dark Accent 5"/>
  <w:LsdException Locked="false" Priority="51"
   Name="Grid Table 6 Colorful Accent 5"/>
  <w:LsdException Locked="false" Priority="52"
   Name="Grid Table 7 Colorful Accent 5"/>
  <w:LsdException Locked="false" Priority="46"
   Name="Grid Table 1 Light Accent 6"/>
  <w:LsdException Locked="false" Priority="47" Name="Grid Table 2 Accent 6"/>
  <w:LsdException Locked="false" Priority="48" Name="Grid Table 3 Accent 6"/>
  <w:LsdException Locked="false" Priority="49" Name="Grid Table 4 Accent 6"/>
  <w:LsdException Locked="false" Priority="50" Name="Grid Table 5 Dark Accent 6"/>
  <w:LsdException Locked="false" Priority="51"
   Name="Grid Table 6 Colorful Accent 6"/>
  <w:LsdException Locked="false" Priority="52"
   Name="Grid Table 7 Colorful Accent 6"/>
  <w:LsdException Locked="false" Priority="46" Name="List Table 1 Light"/>
  <w:LsdException Locked="false" Priority="47" Name="List Table 2"/>
  <w:LsdException Locked="false" Priority="48" Name="List Table 3"/>
  <w:LsdException Locked="false" Priority="49" Name="List Table 4"/>
  <w:LsdException Locked="false" Priority="50" Name="List Table 5 Dark"/>
  <w:LsdException Locked="false" Priority="51" Name="List Table 6 Colorful"/>
  <w:LsdException Locked="false" Priority="52" Name="List Table 7 Colorful"/>
  <w:LsdException Locked="false" Priority="46"
   Name="List Table 1 Light Accent 1"/>
  <w:LsdException Locked="false" Priority="47" Name="List Table 2 Accent 1"/>
  <w:LsdException Locked="false" Priority="48" Name="List Table 3 Accent 1"/>
  <w:LsdException Locked="false" Priority="49" Name="List Table 4 Accent 1"/>
  <w:LsdException Locked="false" Priority="50" Name="List Table 5 Dark Accent 1"/>
  <w:LsdException Locked="false" Priority="51"
   Name="List Table 6 Colorful Accent 1"/>
  <w:LsdException Locked="false" Priority="52"
   Name="List Table 7 Colorful Accent 1"/>
  <w:LsdException Locked="false" Priority="46"
   Name="List Table 1 Light Accent 2"/>
  <w:LsdException Locked="false" Priority="47" Name="List Table 2 Accent 2"/>
  <w:LsdException Locked="false" Priority="48" Name="List Table 3 Accent 2"/>
  <w:LsdException Locked="false" Priority="49" Name="List Table 4 Accent 2"/>
  <w:LsdException Locked="false" Priority="50" Name="List Table 5 Dark Accent 2"/>
  <w:LsdException Locked="false" Priority="51"
   Name="List Table 6 Colorful Accent 2"/>
  <w:LsdException Locked="false" Priority="52"
   Name="List Table 7 Colorful Accent 2"/>
  <w:LsdException Locked="false" Priority="46"
   Name="List Table 1 Light Accent 3"/>
  <w:LsdException Locked="false" Priority="47" Name="List Table 2 Accent 3"/>
  <w:LsdException Locked="false" Priority="48" Name="List Table 3 Accent 3"/>
  <w:LsdException Locked="false" Priority="49" Name="List Table 4 Accent 3"/>
  <w:LsdException Locked="false" Priority="50" Name="List Table 5 Dark Accent 3"/>
  <w:LsdException Locked="false" Priority="51"
   Name="List Table 6 Colorful Accent 3"/>
  <w:LsdException Locked="false" Priority="52"
   Name="List Table 7 Colorful Accent 3"/>
  <w:LsdException Locked="false" Priority="46"
   Name="List Table 1 Light Accent 4"/>
  <w:LsdException Locked="false" Priority="47" Name="List Table 2 Accent 4"/>
  <w:LsdException Locked="false" Priority="48" Name="List Table 3 Accent 4"/>
  <w:LsdException Locked="false" Priority="49" Name="List Table 4 Accent 4"/>
  <w:LsdException Locked="false" Priority="50" Name="List Table 5 Dark Accent 4"/>
  <w:LsdException Locked="false" Priority="51"
   Name="List Table 6 Colorful Accent 4"/>
  <w:LsdException Locked="false" Priority="52"
   Name="List Table 7 Colorful Accent 4"/>
  <w:LsdException Locked="false" Priority="46"
   Name="List Table 1 Light Accent 5"/>
  <w:LsdException Locked="false" Priority="47" Name="List Table 2 Accent 5"/>
  <w:LsdException Locked="false" Priority="48" Name="List Table 3 Accent 5"/>
  <w:LsdException Locked="false" Priority="49" Name="List Table 4 Accent 5"/>
  <w:LsdException Locked="false" Priority="50" Name="List Table 5 Dark Accent 5"/>
  <w:LsdException Locked="false" Priority="51"
   Name="List Table 6 Colorful Accent 5"/>
  <w:LsdException Locked="false" Priority="52"
   Name="List Table 7 Colorful Accent 5"/>
  <w:LsdException Locked="false" Priority="46"
   Name="List Table 1 Light Accent 6"/>
  <w:LsdException Locked="false" Priority="47" Name="List Table 2 Accent 6"/>
  <w:LsdException Locked="false" Priority="48" Name="List Table 3 Accent 6"/>
  <w:LsdException Locked="false" Priority="49" Name="List Table 4 Accent 6"/>
  <w:LsdException Locked="false" Priority="50" Name="List Table 5 Dark Accent 6"/>
  <w:LsdException Locked="false" Priority="51"
   Name="List Table 6 Colorful Accent 6"/>
  <w:LsdException Locked="false" Priority="52"
   Name="List Table 7 Colorful Accent 6"/>
  <w:LsdException Locked="false" SemiHidden="true" UnhideWhenUsed="true"
   Name="Mention"/>
  <w:LsdException Locked="false" SemiHidden="true" UnhideWhenUsed="true"
   Name="Smart Hyperlink"/>
  <w:LsdException Locked="false" SemiHidden="true" UnhideWhenUsed="true"
   Name="Hashtag"/>
  <w:LsdException Locked="false" SemiHidden="true" UnhideWhenUsed="true"
   Name="Unresolved Mention"/>
  <w:LsdException Locked="false" SemiHidden="true" UnhideWhenUsed="true"
   Name="Smart Link"/>
 </w:LatentStyles>
</xml><![endif]--><!--[if gte mso 10]>
<style>
 /* Style Definitions */
 table.MsoNormalTable
	{mso-style-name:"Normale Tabelle";
	mso-tstyle-rowband-size:0;
	mso-tstyle-colband-size:0;
	mso-style-noshow:yes;
	mso-style-priority:99;
	mso-style-parent:"";
	mso-padding-alt:0cm 5.4pt 0cm 5.4pt;
	mso-para-margin-top:0cm;
	mso-para-margin-right:0cm;
	mso-para-margin-bottom:8.0pt;
	mso-para-margin-left:0cm;
	line-height:107%;
	mso-pagination:widow-orphan;
	font-size:11.0pt;
	font-family:"Calibri",sans-serif;
	mso-ascii-font-family:Calibri;
	mso-ascii-theme-font:minor-latin;
	mso-hansi-font-family:Calibri;
	mso-hansi-theme-font:minor-latin;
	mso-bidi-font-family:"Times New Roman";
	mso-bidi-theme-font:minor-bidi;
	mso-fareast-language:EN-US;}
</style>
<![endif]-->

<p class="MsoNoSpacing" style="margin-left:63.8pt"><span style="font-size:12.0pt;font-family:LeedsUniExt;mso-ansi-language:FR; mso-bidi-font-weight:bold" lang="FR">so in Études----à Leemans 1885, S. 239</span></p>

</p></note>
			<note type="Notvar_note"/>
			<note type="KommGoettern_note"/>
			<note type="SonstKomm_note"/>
			<note type="Datierung_note"><p>WSpDB – 150-250<br/></p></note>
			<note type="ElektronischeRessourcen_note"/>
			<note type="Index_note"/>
		</back>
	</text>
</TEI>