<TEI xmlns="http://www.tei-c.org/ns/1.0" xml:id="superior36" n="">
	<teiHeader xml:lang="en">
		<fileDesc>
			<titleStmt>
				<title type="full"><title type="main">Epona</title><title type="sub"> CF-GeS-1003</title></title>
				<respStmt>
					<resp>Inschriftenedition</resp>
					<persName><forename>Werner</forename><surname>Petermandl</surname></persName>
				</respStmt>
				<respStmt>
					<resp>Archäologische Beschreibung und geografische Daten</resp>
					<persName><forename>Astrid</forename><surname>Schmölzer</surname></persName>
				</respStmt>
				<funder ref="https://www.fwf.ac.at">Austrian Science Fund (FWF): P 9274-G25</funder>
			</titleStmt>
			<publicationStmt>
				<publisher><link target="https://antike.uni-graz.at"/><orgName ref="https://d-nb.info/gnd/1213531357">Institut für Antike, Fachbereich Alte
					Geschichte und Epigraphik, Karl-Franzens-Universität Graz</orgName></publisher>
				<authority><link target="https://informationsmodellierung.uni-graz.at"/><orgName ref="http://d-nb.info/gnd/1137284463">Zentrum für Informationsmodellierung -
					Austrian Centre for Digital Humanities, Karl-Franzens-Universität
					Graz</orgName></authority>
				<distributor><link target="https://gams.uni-graz.at"/><orgName full="yes">GAMS -
					Geisteswissenschaftliches Asset Management System</orgName></distributor>
				<date when="2022">2022</date>
				<pubPlace>Graz</pubPlace>
				<idno type="PID">o:fercan.36</idno>
				<availability>
					<licence target="https://creativecommons.org/licenses/by-nc/4.0">Creative
						Commons BY-NC 4.0</licence>
				</availability>
			</publicationStmt>
			<seriesStmt>
				<title ref="https://gams.uni-graz.at/fercan">FERCAN: Fontes Epigraphici Religionum
					Celticarum Antiquarum</title>
				<respStmt>
					<resp>Projektleitung</resp>
					<persName><forename>Wolfgang</forename><surname>Spickermann</surname></persName>
				</respStmt>
			</seriesStmt>
			<sourceDesc>
				<msDesc>
					<msIdentifier>
						<settlement/>
						<repository/>
						<idno/>
					</msIdentifier>
					<msContents>
						<summary>Weihinschrift</summary>
					</msContents>
					<physDesc>
						<objectDesc>
							<supportDesc>
								<support> <p>                                                <p>„Schon in römischer Zeit in zwei Hälften durchgebrochen und mit Blei zusammengefügt“ (Forrer, 1915, 10). „L'autel paraît avoir servi pendant un temps assez long, car il s'est fendu à l'époque romaine et a subi à cette époque une réparation au moyen d'un boulon en plomb qui reliait la partie de derrière à celle de devant“ (Forrer 1921, 1250). Außerdem ist die Basis schräg abgebrochen – der Bruch ragt auf der linken Seite weiter hinauf, als auf der rechten – sowie der gesamte Stein stark bestoßen. Der Aufsatz, der mit doppeltem Kragen vom Inschriftenfeld getrennt ist, ist mit Dreiecksgiebel und Pulvini geschmückt, außerdem ist eine Opferschale zu erkennen.<br/></p></p> <material> <ref type="context" target="context:fercan.material." ana="https://gams.uni-graz.at/o:fercan.arch#C.120220">Sandstein</ref> </material>
									<objectType ref="https://gams.uni-graz.at/o:fercan.arch#C.110300">Weihealtar</objectType> <dimensions>
										<height unit="cm"> 85</height>
										<width unit="cm"> 45</width>
										<depth unit="cm"> 33</depth>
									</dimensions> <note type="dimensions" anchored="true"> </note> </support>
								<condition> <ref type="context" target="context:fercan.condition" ana="https://gams.uni-graz.at/o:fercan.arch#C.130320">kleineres Fragment</ref> </condition>
							</supportDesc>
							<layoutDesc>
								<layout> <p><p>Nach den Angaben im CIL ist nur der obere Teil der ersten Zeile lesbar. Der obere, der linke und der rechte Rand des Inschriftenfeldes sind erhalten.<br/></p></p> <note type="condition" anchored="true"/> </layout>
							</layoutDesc>
						</objectDesc>
						<handDesc>
							<handNote> <desc type="execution">gemeißelt</desc> <height unit="cm" atLeast="0" atMost="0"/> </handNote>
						</handDesc>
						<decoDesc>
							<decoNote> <p>                                                <p>Laut Abschrift und Beschreibung befinden sich auf der linken Seite ein Capricorn und auf der rechten Seite ein Stier. Laut Foto jedoch sind es links ein Ziegenbock, dessen Vorderbeine erhöht, wie auf einem kleinen Felsen stehen und rechts ein Wildschwein in Schittstellung, dessen Borsten am Rücken gut erkennbar sind.<br/></p></p> <term ana="https://gams.uni-graz.at/o:fercan.arch#C.140700">Reparatur</term>
                      <term ana="https://gams.uni-graz.at/o:fercan.arch#C.220100">Giebel</term>
                      <term ana="https://gams.uni-graz.at/o:fercan.arch#C.150900">Pulvini</term>
                      <term ana="https://gams.uni-graz.at/o:fercan.arch#C.252810">Opferschale</term>
                      <term ana="https://gams.uni-graz.at/o:fercan.arch#C.255000">Capricorn</term>
                      <term ana="https://gams.uni-graz.at/o:fercan.arch#C.255001">Ziegenbock</term>
                      <term ana="https://gams.uni-graz.at/o:fercan.arch#C.254181">Wildschwein</term>
                      <term ana="https://gams.uni-graz.at/o:fercan.arch#C.254900">Stier</term>
							</decoNote>
						</decoDesc>
					</physDesc>
					<history>
						<origin> <origPlace> <placeName>Argentorate</placeName> <region>Civitas Tribocorum</region> </origPlace> <origDate notBefore="" notAfter="" instant="false"><date> </date> <note type="original"> <ref target="context:fercan.date." type="context"> </ref> </note></origDate> </origin>
						<provenance type="found" when=" "> <placeName> <ref type="context" target="context:fercan.geog.modern.">Straßburg</ref> </placeName> <p/> <location>
								<geo decls="#WGS"/>
							</location> <note anchored="true">Königshofen im Garten des Kapuzinerklosters (CIL); „au bord nord de la rue des Capucins, auch nord de la Chartreuse des Capucins de Koenigshoffen“ (Forrer 1921, 1249). Der Stein wurde entweder um 1901 (CIL, CAG 67,2, 428 Nr.424*) oder 1915 (Espérandieu X 7294).</note> </provenance>
						<provenance type="observed" subtype="autopsied"><p>non vidimus</p><p>Lesung gründet auf: CIL</p></provenance>
					</history>
				</msDesc>
				<listPlace>
					<place type="antique_term">
						<placeName><ref target="context:fercan.geog.term" type="context"/> </placeName>
					</place>
					<place type="sacral_building">
						<placeName> <ref target="context:fercan.geog.sacral." type="context"> </ref>
						</placeName>
					</place>
				</listPlace>
				<listPerson>
					<!-- Sonstige theonymische Formulare -->
					<person>
						<persName subtype="celtic_normalized_other" type="divine">
							<ref target="context:fercan.dcn.other" type="context"> </ref>
						</persName>
					</person>
					<!-- theonymisches formular -->
					<person>
						<persName subtype="celtic_normalized" type="divine">
							<ref target="context:fercan.dcn." type="context">Epona</ref>
						</persName>
					</person>
					<!-- keltisches götternamenelement  -->
					<person>
						<persName subtype="celtic_element" type="divine">
							<ref target="context:fercan.dce." type="context">Epona</ref>
						</persName>
					</person>
					<person>
						<persName type="cognomen"> <ref target="context:fercan.person.cognomen" type="context"> </ref> </persName>
					</person>
					<person>
						<persName> <roleName type="religious"> <ref target="context:fercan.person.religious" type="context"> </ref>
						</roleName> </persName>
					</person>
					<person>
						<persName type="gentilnomen"><ref target="context:fercan.person.gentilnomen." type="context">
						</ref></persName>
					</person>
					<person>
						<persName> <roleName type="other"> <ref target="context:fercan.person.other." type="context"> </ref> </roleName>
						</persName>
					</person>
					<person>
						<persName> <roleName type="military"> <ref target="context:fercan.person.military." type="context"> </ref>
						</roleName> </persName>
					</person>
					<person>
						<persName> <roleName type="office"> <ref target="context:fercan.person.office." type="context"> </ref>
						</roleName> </persName>
					</person>
					<person>
						<persName type="sovereign"> <ref target="context:fercan.person.sovereign." type="context"> </ref> </persName>
					</person>
				</listPerson>
				<listOrg>
					<org type="admin_unit">
						<orgName> <ref target="context:fercan.org.admin." type="context"> </ref>
						</orgName>
					</org>
					<org type="military_unit">
						<orgName><ref target="context:fercan.org.military." type="context">
						</ref></orgName>
					</org>
					<org type="population_group">
						<orgName> <ref target="context:fercan.org.population." type="context">
						</ref> </orgName>
					</org>
				</listOrg>
			</sourceDesc>
		</fileDesc>
		<encodingDesc>
			<geoDecl xml:id="WGS" datum="WGS84">World Geodetic System</geoDecl>
			<editorialDecl>
				<p>Digitale Repräsentation konform mit EpiDoc: http://epidoc.sourceforge.net</p>
				<p>Majuskel und Minuskel ausgeführt nach Leidener Klammersystem, Majuskel bildet
					Inschrift originalgetreu ab, Minuskel enthält editorische Hinzufügungen</p>
			</editorialDecl>
			<projectDesc>
				<p>Die keltischen Götternamen in den Inschriften der römischen Provinz Germania
					Inferior. Eine Fallstudie zu Religion im Kontext von Kulturkontakt und
					Kulturtransfer (FWF – Projekt P 29274-G25 )</p>
				<p>Das Forschungsprojekt beabsichtigt, sämtliche keltischen Götternamen, die sich in
					lateinischen Inschriften der römischen Provinz Germania Inferior erhaltenen
					haben, zusammenzustellen und auszuwerten. Die gewählte Quellengrundlage
					erscheint besonders geeignet Erscheinungsformen zu untersuchen, welche auf
					religiöser Ebene durch das Zusammentreffen von verschiedenen kulturellen
					Einflüssen entstanden sind. Diese sind hier einerseits definiert durch die
					Verwendung der keltischen Sprache, andererseits durch die lateinische Sprache
					und durch Formen aus dem Inneren des Imperium Romanum, die man mit dem Etikett
					„römisch“ versehen kann. Das Interesse gilt dabei nicht nur religiösen, sondern
					auch damit verbundenen gesellschaftlichen Aspekten und den entsprechenden
					Mentalitäten. Doch soll damit auch zu einem verbesserten Gesamtbild der
					Provinzialreligion in Niedergermanien beigetragen werden.<lb/> Die
					Abschlusspublikation wird ergänzt um einen ausführlichen
					sprachwissenschaftlichen Kommentar (von Patrizia de Bernardo Stempel) in der
					Reihe ‚Corpus - F.E.R.C.AN. (Fontes epigraphici religionum Celticarum
					antiquarum)‘ erscheinen. </p>
			</projectDesc>
		</encodingDesc>
		<profileDesc>
			<langUsage>
				<language ident="la">Latein</language>
			</langUsage>
			<textClass>
				<keywords>
					<list>
						<item> <ref target="context:fercan.dedication." type="context"> </ref> </item>
						<item> <ref target="context:fercan.character." type="context"> </ref> </item>
						<item> <ref target="context:fercan.other." type="context"> </ref> </item>
						<item> <ref target="context:fercan.rel.other." type="context"> </ref> </item>
						<!-- Belegform gesamt  -->
						<item> <ref target="context:fercan.divinepart." type="context">Eponae</ref> </item>
					</list>
				</keywords>
			</textClass>
		</profileDesc>
		<revisionDesc>
			<change when="2019" n="1" corresp="https://gams.uni-graz.at/o:fercan.1/TEI_SOURCE.2020-02-26">Initial
				Version</change>
			<change when="2020" n="2" corresp="https://gams.uni-graz.at/o:fercan.1/TEI_SOURCE.2022-03-07">Version
				2</change>
			<change when="2022" n="3">Version 3</change>
		</revisionDesc>
	</teiHeader>
	<facsimile>
		<graphic mimeType="image/png" xml:id="IMAGE.1" url="1003_front_Abschr.png">
			<desc>Abschrift, CIL</desc>
		</graphic>
	
            <!-- todo: @xml:id-->
            <graphic mimeType="image/png" url="1003_front.png"><desc>Forrer 1921, 1249</desc></graphic>
        </facsimile>
	<text>
		<body>
			<ab> <ref target="context:fercan" type="context">FERCAN</ref> </ab>
			<div subtype="editions" type="bibliography" org="uniform" sample="complete">
				<listBibl>
					<bibl xml:id="1"> CIL XIII 11601</bibl>
				
            <bibl xml:id="2">Forrer 1921, 1249f.</bibl>
        
            <bibl xml:id="3">Espérandieu X 7294</bibl>
        
            <bibl xml:id="4">CAG 67,2, 428 Nr.424*</bibl>
        
            <bibl xml:id="5">Scheungraber 2020, 265 Nr.3</bibl>
        </listBibl>
			</div>
			<div subtype="concordances" type="bibliography" org="uniform" sample="complete">
				<listBibl>
					<bibl type="EDCS"><idno> EDCS-12300105</idno><date> zuletzt abgerufen 2023-06-01</date></bibl>
					<bibl type="EDH"><idno>HD079046</idno><date>Version von 2019-02-13</date></bibl>
					<bibl type="trismegistos"><idno> </idno><date> </date></bibl>
					<bibl type="lupa"><idno> </idno><date> </date></bibl>
					<bibl type="other"><idno> </idno><date> </date></bibl>
				</listBibl>
			</div>
			<div type="edition" subtype="diplomatic" xml:id="majuscule" xml:lang="la" xml:space="preserve" org="uniform" sample="complete">
				<ab><lb n="1"/>EPONAE 
<lb n="2"/><gap reason="lost" extent="unknown" unit="line"/><orig/></ab></div>
			<div type="edition" xml:lang="la" xml:id="minuscule" subtype="normalised" xml:space="preserve" org="uniform" sample="complete"><ab><lb n="1"/>Eponae
<lb n="2"/><gap reason="lost" extent="unknown" unit="line"/></ab></div>
			<div type="translation" xml:lang="de" org="uniform" sample="complete">
				<p><p>Für <rs type="divine">Epona</rs>!<br/></p></p>
			</div>
			<div type="translation" xml:lang="en" org="uniform" sample="complete">
				<p><p>To <rs type="divine">Epona</rs>!<br/></p></p>
			</div>
			<div type="apparatus" org="uniform" sample="complete">
				<app loc="1">
					<note anchored="true">Eponae Som[…] – Forrer, Espérandieu</note>
				</app>
			</div>
			<div type="commentary" subtype="general" org="uniform" sample="complete">
				<p> </p>
			</div>
			<div type="commentary" subtype="language" org="uniform" sample="complete">
				<p> </p>
			</div>
			<div type="commentary" subtype="deity" org="uniform" sample="complete">
				<p> </p>
			</div>
			<linkGrp type="alignment" domains="#majuscule #minuscule">
			</linkGrp>
		</body>
		<back>
			<note type="Objbeschr_note"/>
			<note type="ArchKlass_note"><p>+ Capricorn</p><p>+ Ziegenbock</p><p>+ Wildschwein</p><p>+ Stier<br/></p></note>
			<note type="Material_note"><p>CIL: ex lapide harenatio</p><p>Forrer, Königshofen, S.10, Anm.5: Rotsandstein</p><p>Esperandieu 1928 S.15 Nr.7294, CAG: Grès rouge<br/></p></note>
			<note type="Inschrifttraeger_note"><p>CIL: ara<br/></p></note>
			<note type="VerwahrortOrt_note"><p>CIL: im Garten des Kapuzinerklosters in Königshofen</p><p>WSpDB: Riquewihr Musée Pistale</p><p>Forrer, Königshofen, S.10 Anm.5: Im Garten der Karthause aufbewahrt.</p><p>Forrer 1921: Im Garten der Karthause</p><p>Das Kapuzinerkloster , um erbaut 1891 , befindet sich in der Rue Monseigneur-Hoch. Im Jahr 2016 gab es nur noch sechs Mönche. Es wird im Sommer 2016 geschlossen, wenn sich die letzten Mönche der Wallfahrtskirche Notre-Dame de Dusenbach in Ribeauvillé angeschlossen haben . (https://de.frwiki.wiki/wiki/Koenigshoffen</p><p><b>Mail geschrieben an das Gemeindeamt in Koenigshoffen mit der Bitte um Weiterleitung an die richtige Stelle. 23.5.22</b><br/></p></note>
			<note type="InvNr_note"/>
			<note type="Fundstelle_note"/>
			<note type="Fundumst_note"><p>CIL: Königshofen, … in fine horti monasterii Capuzinorum et domus Hartmann</p><p>Ego: Königshofen = Stadtteil von Strassburg<br/></p></note>
			<note type="Fundjahr_note"><p>CIL, CAG: circa: 1901</p><p>Esperandieu: 1915</p></note>
			<note type="FOantik_note"/>
			<note type="FOmodern_note"/>
			<note type="civitas_note"/>
			<note type="Autopsie_note"/>
			<note type="Appcrit_note"/>
			<note type="Abb_note"><p>Abb in Forrer 1921 S. 1249!<br/></p></note>
			<note type="englUEbers_note"/>
			<note type="dtUEbers_note"/>
			<note type="Editionen_note">                                                    <p>Photos von online nicht verfügbaren Inschriftentexten s. Ordner: ISntexte Slg</p>CAG = Baudoux/Flotté/Fuchs/Waton (Provost Hrsg.) 2002<p/></note>
			<note type="ErhzustObj_note"/>
			<note type="Masse_note">                                                    <p>So Espérandieu</p>
                                                    <p>CIL: alta m 0.80</p>
                                                    <p>CAG, EDH: 91 x 53 x 50</p></note>
			<note type="Ikonogr_note"><p>s. CIL KARTEI </p><p>CIL: li Seite: Füllhorn? re. Seite Stier? </p><p>als Zeichen der legio VIII Augusta </p><p>Wenn es Zeichen der legio sind, dann ist es kein Füllhorn, sondern das Tier Capricorn – halb Widder halb Fischwesen.</p><p>Eintrag GN-Sammlung steht aus</p><p>CAG li: Ziegenbock; re: Wildschwein<br/></p></note>
			<note type="Inschrtext_note"/>
			<note type="ErhzustInschr_note"/>
			<note type="Schrifttechnik_note"/>
			<note type="Buchsthoehe_note"/>
			<note type="Notvar_note"/>
			<note type="KommGoettern_note"/>
			<note type="SonstKomm_note"/>
			<note type="Datierung_note">                                                    <p>WSpDB: 150-250</p><p>EDH: 1 AD – 300 AD</p></note>
			<note type="ElektronischeRessourcen_note"/>
			<note type="Index_note"/>
		</back>
	</text>
</TEI>