<TEI xmlns="http://www.tei-c.org/ns/1.0" xml:id="superior7" n="">
	<teiHeader xml:lang="en">
		<fileDesc>
			<titleStmt>
				<title type="full"><title type="main">Bucius | Nerius</title><title type="sub">
					CF-GeS-1070</title></title>
				<respStmt>
					<resp>Inschriftenedition</resp>
					<persName><forename>Werner</forename><surname>Petermandl</surname></persName>
				</respStmt>
				<respStmt>
					<resp>Archäologische Beschreibung und geografische Daten</resp>
					<persName><forename>Astrid</forename><surname>Schmölzer</surname></persName>
				</respStmt>
				<funder ref="https://www.fwf.ac.at">Austrian Science Fund (FWF): P 9274-G25</funder>
			</titleStmt>
			<publicationStmt>
				<publisher><link target="https://antike.uni-graz.at"/><orgName ref="https://d-nb.info/gnd/1213531357">Institut für Antike, Fachbereich Alte
					Geschichte und Epigraphik, Karl-Franzens-Universität Graz</orgName></publisher>
				<authority><link target="https://informationsmodellierung.uni-graz.at"/><orgName ref="http://d-nb.info/gnd/1137284463">Zentrum für Informationsmodellierung -
					Austrian Centre for Digital Humanities, Karl-Franzens-Universität
					Graz</orgName></authority>
				<distributor><link target="https://gams.uni-graz.at"/><orgName>GAMS -
					Geisteswissenschaftliches Asset Management System</orgName></distributor>
				<date when="2022">2022</date>
				<pubPlace>Graz</pubPlace>
				<idno type="PID">o:fercan.7</idno>
				<availability>
					<licence target="https://creativecommons.org/licenses/by-nc/4.0">Creative
						Commons BY-NC 4.0</licence>
				</availability>
			</publicationStmt>
			<seriesStmt>
				<title ref="https://gams.uni-graz.at/fercan">FERCAN: Fontes Epigraphici Religionum
					Celticarum Antiquarum</title>
				<respStmt>
					<resp>Projektleitung</resp>
					<persName><forename>Wolfgang</forename><surname>Spickermann</surname></persName>
				</respStmt>
			</seriesStmt>
			<sourceDesc>
				<msDesc>
					<msIdentifier>
						<settlement>Saverne</settlement>
						<repository>Musée du château des Rohan</repository>
						<idno>D 2011.3.1</idno>
					</msIdentifier>
					<msContents>
						<summary>Weihinschrift</summary>
					</msContents>
					<physDesc>
						<objectDesc>
							<supportDesc>
								<support> <p>Der Weihealtar ist ein Stück unter der Bekrönung, die durch einen Giebel mit abgestoßenen Pulvini und wohl modern angeklebter, stark abgeschlagener Rosette in der Mitte gestaltet ist, gebrochen. Auch die Seitenteile scheinen bestoßen. Zwischen den Pulvini ist die reliefierte Opferschale erhalten. Das Inschriftenfeld, das von der Bekrönung durch eine doppelte Stufung getrennt ist, ist ungerahmt.</p> <material> <ref type="context" target="context:fercan.material." ana="https://gams.uni-graz.at/o:fercan.arch#C.120220">Sandstein</ref> </material> <objectType ref="https://gams.uni-graz.at/o:fercan.arch#C.110300">Weihealtar</objectType> <dimensions>
									<height unit="cm"> 41</height>
									<width unit="cm"> 41</width>
									<depth unit="cm"> 33</depth>
									</dimensions> <note type="dimensions"> Die Angegebenen Maße beziehen sich auf das erhaltene Fragment.</note> </support>
								<condition> <ref type="context" target="context:fercan.condition" ana="https://gams.uni-graz.at/o:fercan.arch#C.130310">größeres
									Fragment</ref> </condition>
							</supportDesc>
							<layoutDesc>
								<layout> <p>Erhalten sind die beiden obersten Zeilen der Inschrift.
									Ob und wieweit sich die Inschrift unten weiter fortsetzte kann
									nicht gesagt werden. Die Buchstaben sind unregelmäßig und
									ungelenk ausgeführt. </p> <note type="condition"/> </layout>
							</layoutDesc>
						</objectDesc>
						<handDesc>
							<handNote> <desc type="execution">gemeißelt</desc> <height unit="cm" atLeast=" 0" atMost="0"/> </handNote>
						</handDesc>
						<decoDesc>
							<decoNote> <p>Keine bildliche Gestaltung vorhanden. </p> <term ana="https://gams.uni-graz.at/o:fercan.arch#C.220100">Giebel</term>
								<term ana="https://gams.uni-graz.at/o:fercan.arch#C.150900">Pulvini</term> <term ana="https://gams.uni-graz.at/o:fercan.arch#C.253060">Rosette</term>
								<term ana="https://gams.uni-graz.at/o:fercan.arch#C.140700">Reparatur</term>
                      <term ana="https://gams.uni-graz.at/o:fercan.arch#C.252810">Opferschale</term>
                      <term ana="https://gams.uni-graz.at/o:fercan.arch#C.130300">Fragment</term> </decoNote>
						</decoDesc>
					</physDesc>
					<history>
						<origin> <origPlace> <placeName>Tres Tabernae</placeName> <region>Civitas Tribocorum</region>
							</origPlace> <origDate notBefore="" notAfter=""> <note type="original"> <ref target="context:fercan.date." type="context">
							</ref> </note></origDate> </origin>
						<provenance type="found" when="1971"> <placeName> <ref type="context" target="context:fercan.geog.modern.">Haegen</ref> </placeName>
							<p>Wasserwald, außerhalb des Heiligtums</p> <location>
							<geo decls="#WGS"/>
							</location> <note>bei der Ausgrabung eines kleinen Heiligtums mit rechteckiger Cella (AE 2000, 1067); "à 12m à l’extérieur au sud-est de la porte de la cella" (Goubet 2015, 245, Nr.226)</note> </provenance>
						<provenance type="observed" subtype="autopsied"><p>non vidimus</p><p>Lesung
							gründet auf: Photo<br/></p></provenance>
					</history>
				</msDesc>
				<listPlace>
					<place type="antique_term">
						<placeName><ref target="context:fercan.geog.term" type="context"/>
						</placeName>
					</place>
					<place type="sacral_building">
						<placeName> <ref target="context:fercan.geog.sacral." type="context"> </ref>
						</placeName>
					</place>
				</listPlace>
				<listPerson><person><persName subtype="celtic_normalized" type="divine"><ref target="context:fercan.dcn." type="context">Bucius; Nerius</ref></persName></person><person><persName subtype="celtic_normalized_other" type="divine"><ref target="context:fercan.dcn.other" type="context"/></persName></person>
					<person>
						<persName subtype="celtic_element" type="divine"> <ref target="context:fercan.dce." type="context">Bucius; Nerius</ref>
						</persName>
					</person>
					<person>
						<persName type="cognomen"> <ref target="context:fercan.person.cognomen" type="context"> </ref> </persName>
					</person>
					<person>
						<persName> <roleName type="religious"> <ref target="context:fercan.person.religious" type="context"> </ref>
							</roleName> </persName>
					</person>
					<person>
						<persName type="gentilnomen"><ref target="context:fercan.person.gentilnomen." type="context">
							</ref></persName>
					</person>
					<person>
						<persName> <roleName type="other"> <ref target="context:fercan.person.other." type="context"> </ref> </roleName>
						</persName>
					</person>
					<person>
						<persName> <roleName type="military"> <ref target="context:fercan.person.military." type="context"> </ref>
							</roleName> </persName>
					</person>
					<person>
						<persName> <roleName type="office"> <ref target="context:fercan.person.office." type="context"> </ref>
							</roleName> </persName>
					</person>
					<person>
						<persName type="sovereign"> <ref target="context:fercan.person.sovereign." type="context"> </ref> </persName>
					</person>
				</listPerson>
				<listOrg>
					<org type="admin_unit">
						<orgName> <ref target="context:fercan.org.admin." type="context"> </ref>
						</orgName>
					</org>
					<org type="military_unit">
						<orgName><ref target="context:fercan.org.military." type="context">
							</ref></orgName>
					</org>
					<org type="population_group">
						<orgName> <ref target="context:fercan.org.population." type="context">
							</ref> </orgName>
					</org>
				</listOrg>
			</sourceDesc>
		</fileDesc>
		<encodingDesc>
			<geoDecl xml:id="WGS" datum="WGS84">World Geodetic System</geoDecl>
			<editorialDecl>
				<p>Digitale Repräsentation konform mit EpiDoc: http://epidoc.sourceforge.net</p>
				<p>Majuskel und Minuskel ausgeführt nach Leidener Klammersystem, Majuskel bildet
					Inschrift originalgetreu ab, Minuskel enthält editorische Hinzufügungen</p>
			</editorialDecl>
			<projectDesc>
				<p>Die keltischen Götternamen in den Inschriften der römischen Provinz Germania
					Inferior. Eine Fallstudie zu Religion im Kontext von Kulturkontakt und
					Kulturtransfer (FWF – Projekt P 29274-G25 )</p>
				<p>Das Forschungsprojekt beabsichtigt, sämtliche keltischen Götternamen, die sich in
					lateinischen Inschriften der römischen Provinz Germania Inferior erhaltenen
					haben, zusammenzustellen und auszuwerten. Die gewählte Quellengrundlage
					erscheint besonders geeignet Erscheinungsformen zu untersuchen, welche auf
					religiöser Ebene durch das Zusammentreffen von verschiedenen kulturellen
					Einflüssen entstanden sind. Diese sind hier einerseits definiert durch die
					Verwendung der keltischen Sprache, andererseits durch die lateinische Sprache
					und durch Formen aus dem Inneren des Imperium Romanum, die man mit dem Etikett
					„römisch“ versehen kann. Das Interesse gilt dabei nicht nur religiösen, sondern
					auch damit verbundenen gesellschaftlichen Aspekten und den entsprechenden
					Mentalitäten. Doch soll damit auch zu einem verbesserten Gesamtbild der
					Provinzialreligion in Niedergermanien beigetragen werden.<lb/> Die
					Abschlusspublikation wird ergänzt um einen ausführlichen
					sprachwissenschaftlichen Kommentar (von Patrizia de Bernardo Stempel) in der
					Reihe ‚Corpus - F.E.R.C.AN. (Fontes epigraphici religionum Celticarum
					antiquarum)‘ erscheinen. </p>
			</projectDesc>
		</encodingDesc>
		<profileDesc>
			<langUsage>
				<language ident="la">Latein</language>
			</langUsage>
			<textClass>
				<keywords>
					<list><item><ref target="context:fercan.divinepart." type="context">Bucio; Nerio</ref></item>
						<item> <ref target="context:fercan.dedication." type="context"> </ref> </item>
						<item> <ref target="context:fercan.character." type="context"> </ref> </item>
						<item> <ref target="context:fercan.other." type="context"> </ref> </item>
						<item> <ref target="context:fercan.rel.other." type="context"> </ref>
						</item>
					</list>
				</keywords>
			</textClass>
		</profileDesc>
		<revisionDesc>
			<change when="2019" n="1" corresp="https://gams.uni-graz.at/o:fercan.1/TEI_SOURCE.2020-02-26">Initial
				Version</change>
			<change when="2020" n="2" corresp="https://gams.uni-graz.at/o:fercan.1/TEI_SOURCE.2022-03-07">Version
				2</change>
			<change when="2022" n="3">Version 3</change>
		</revisionDesc>
	</teiHeader>
	<facsimile>
		<graphic mimeType="image/jpeg" xml:id="IMAGE.1" url="1070_front.jpg">
			<desc> Front, Musées du chateau des Rohan, Foto: Ortolf Harl 2017</desc>
		</graphic>
		<!-- todo: @xml:id-->
		
	</facsimile>
	<text>
		<body>
			<ab> <ref target="context:fercan" type="context">FERCAN</ref> </ab>
			<div subtype="editions" type="bibliography" org="uniform">
				<listBibl>
					<bibl xml:id="1">CAG 67,1, 316</bibl>
					<bibl xml:id="3">AE 2000, 1067 </bibl>
					<bibl xml:id="5">Scheungraber 2020, S. 205,
						Nr.418</bibl>
				
            <bibl xml:id="2">Pétry 1972, 411</bibl>
        
            <bibl xml:id="4">Goubet 2015, Nr.226</bibl>
        </listBibl>
			</div>
			<div subtype="concordances" type="bibliography" org="uniform">
				<listBibl>
					<bibl type="EDCS"><idno> EDCS-20500403</idno><date>zuletzt abgerufen 2023-03-09</date></bibl>
					<bibl type="EDH"><idno>HD047808</idno><date>Version von 2018-09-05</date></bibl>
					<bibl type="trismegistos"><idno>https://www.trismegistos.org/text/211450</idno><date>zuletzt abgerufen 2023-03-09</date></bibl>
					
				<bibl type="lupa"><idno>http://lupa.at/27859</idno><date>Version von 2017-06-14</date></bibl></listBibl>
			</div>
			<div type="edition" subtype="diplomatic" xml:id="majuscule" xml:lang="la" xml:space="preserve" org="uniform">
				<ab><lb n="1"/>BVCIO E
<lb n="2"/><unclear>T</unclear> NERIO
<lb n="3"/><gap reason="lost" extent="unknown" unit="line"/><orig/></ab></div>
			<div type="edition" xml:lang="la" xml:id="minuscule" subtype="normalised" xml:space="preserve" org="uniform"><ab><lb n="1"/>Bucio e
<lb n="2" break="no"/>t Nerio
<lb n="3"/><gap reason="lost" extent="unknown" unit="line"/></ab></div>
			<div type="translation" xml:lang="de" org="uniform">
				<p> <p>Für <rs type="divine">Bucius</rs> und <rs type="divine">Nerius</rs></p></p>
			</div>
			<div type="translation" xml:lang="en" org="uniform">
				<p> <p>To <rs type="divine">Bucius</rs> and <rs type="divine">Nerius</rs><br/></p></p>
			</div>
			<div type="apparatus" org="uniform">
				<app loc="1">
					<note>Bugio – CAG, AE, EDH, Scheungraber; Bucius – Goubet</note>
				</app>
			
            <app loc="2"><note anchored="true">[t] – Goubet</note></app>
        </div>
			<div type="commentary" subtype="general" org="uniform">
				<p> </p>
			</div>
			<div type="commentary" subtype="language" org="uniform">
				<p> </p>
			</div>
			<div type="commentary" subtype="deity" org="uniform">
				<p> </p>
			</div>
			<linkGrp type="alignment" domains="#majuscule #minuscule"> </linkGrp>
		</body>
		<back>
			<note type="Objbeschr_note"/>
			<note type="ArchKlass_note"/>
			<note type="Material_note">rot</note>
			<note type="Inschrifttraeger_note">                                                    <p><br/></p></note>
			<note type="VerwahrortOrt_note"/>
			<note type="InvNr_note"/>
			<note type="Fundstelle_note"><p>Lt. Lupa </p><p>EDH: Wasserwald, gallo-römische Siedlung,
				Heiligtum</p></note>
			<note type="Fundumst_note"/>
			<note type="Fundjahr_note"/>
			<note type="FOantik_note">bei</note>
			<note type="FOmodern_note">bei</note>
			<note type="civitas_note"/>
			<note type="Autopsie_note"/>
			<note type="Appcrit_note"/>
			<note type="Abb_note">                                                    <p><br/></p></note>
			<note type="englUEbers_note"/>
			<note type="dtUEbers_note"/>
			<note type="Editionen_note">                                                    <p>
                                                        </p>
                                                    <p>Photos von online nicht verfügbaren Inschriftentexten s. Ordner: ISntexte Slg</p>CAG = Flotté/Fuchs (Provost Hrsg.) 2000<p><u/>
                                                    </p>
                                                    <p>
                                                        <u>eingesehen</u><br/></p>
                                                    <p>F. Pétry, Gallia 30, 1972, 411-412; fig.
				39C </p>
                                                    <p>AE 2000, 1067 </p>
                                                    <p>F. Goubet - F. Jodry - N. Meyer - N. Weiss, Au "grès" du temps.
				Collections lapidaires celtes et gallo-romaines du Musée archéologique de Saverne
				(Saverne 2015) 245, Nr. 226; Foto. (B)</p></note>
			<note type="ErhzustObj_note"/>
			<note type="Masse_note">lt. EDH und Goubet<br/></note>
			<note type="Ikonogr_note"/>
			<note type="Inschrtext_note"/>
			<note type="ErhzustInschr_note"/>
			<note type="Schrifttechnik_note"/>
			<note type="Buchsthoehe_note"><b style="mso-bidi-font-weight: normal"><span style="font-size:12.0pt;font-family:LeedsUniExt; mso-ansi-language:EN-US" lang="EN-US">Mail an Museum am 5.7.23</span></b>, keine Antwort, neues Mail am 7.8.23 - kommt wohl nix mehr (Stand 16.8.23)<br/><p/></note>
			<note type="Notvar_note"/>
			<note type="SonstKomm_note"/>
			<note type="Datierung_note">EDH: 71 AD – 300 AD<br/></note>
		<note type="ElektronischeRessourcen_note"/><note type="Index_note"/></back>
	</text>
</TEI>