<?xml version="1.0" encoding="UTF-8"?>
<metadata xml:lang="nl"><Esri><CreaDate>20160805</CreaDate><CreaTime>14444100</CreaTime><ArcGISFormat>1.0</ArcGISFormat><SyncOnce>TRUE</SyncOnce><DataProperties><lineage><Process ToolSource="c:\program files (x86)\arcgis\desktop10.2\ArcToolbox\Toolboxes\Data Management Tools.tbx\CalculateField" Date="20160804" Time="141014">CalculateField roman_provinces_69_poly_adjust_diss NAME "Moesia" VB #</Process></lineage><itemProps><itemLocation><linkage Sync="TRUE">file://\\LW03C251\C$\Users\gcverbru\Desktop\Nieuwe map\provinces_adjusted\roman_provinces_69_poly_adjust_dissCopy</linkage><protocol Sync="TRUE">Local Area Network</protocol></itemLocation></itemProps><copyHistory><copy source="C:\Users\gcverbru\Desktop\Nieuwe map\provinces_adjusted\roman_provinces_69_poly_adjust_diss" dest="\\LW03C251\C$\Users\gcverbru\Desktop\Nieuwe map\provinces_adjusted\roman_provinces_69_poly_adjust_dissCopy" date="20160805" time="14444100"></copy></copyHistory></DataProperties></Esri></metadata>
